component,test_orbit,seed,unit_id,n_windows,rmse,mae,bias
"bat","LEO500",17,"BAT_LEO500_B00_H0_L1_S002",58,1.9939755149923757,1.4515250214728816,0.5133758652313002
"bat","LEO500",17,"BAT_LEO500_B00_H0_L1_S003",45,1.5999579963119315,1.1194180697202682,0.2653641750415166
"bat","LEO500",17,"BAT_LEO500_B00_H0_L1_S004",3,0.9282596314903284,0.7976333610713482,0.7976333610713482
"bat","LEO500",17,"BAT_LEO500_B00_H0_L2_S005",12,0.6386873336165381,0.5102636991068721,-0.30912633519619703
"bat","LEO500",17,"BAT_LEO500_B00_H0_L2_S006",32,1.7768867283257674,1.3288739246490877,0.7456006824213546
"bat","LEO500",17,"BAT_LEO500_B00_H0_L3_S009",32,2.5505050033533254,1.6980023952783085,1.4339132132590748
"bat","LEO500",17,"BAT_LEO500_B00_H0_L3_S010",1,1.9052422572940486e-05,1.9052422572940486e-05,1.9052422572940486e-05
"bat","LEO500",17,"BAT_LEO500_B00_H0_L3_S011",13,1.3166909748694273,1.0579347771664078,-0.6818450575407881
"bat","LEO500",17,"BAT_LEO500_B00_H0_L3_S012",3,0.25482250168737874,0.2476012334227562,-0.2476012334227562
"bat","LEO500",17,"BAT_LEO500_B00_H1_L1_S013",42,1.768620893124383,1.2225936566080366,0.5406853343759265
"bat","LEO500",17,"BAT_LEO500_B00_H1_L1_S014",22,1.6552907319812276,1.186426936394789,0.4333456258543513
"bat","LEO500",17,"BAT_LEO500_B00_H1_L1_S015",21,1.6751286981527067,1.2220745573618583,0.8647276820348841
"bat","LEO500",17,"BAT_LEO500_B00_H1_L1_S016",4,1.0873160194215987,0.986485811881721,-0.2934985561296344
"bat","LEO500",17,"BAT_LEO500_B00_H1_L2_S017",4,0.8243106971875973,0.5912002437980846,0.5912002437980846
"bat","LEO500",17,"BAT_LEO500_B00_H1_L2_S019",60,1.4797749585829048,0.8362746518105268,-0.14044751413166523
"bat","LEO500",17,"BAT_LEO500_B00_H1_L2_S020",30,1.4268326289022921,1.1682004574686289,0.7315655890852213
"bat","LEO500",17,"BAT_LEO500_B00_H1_L3_S021",3,0.7081159840297158,0.5796360783278942,0.5506574176251888
"bat","LEO500",17,"BAT_LEO500_B00_H1_L3_S023",37,1.8393911127829186,1.4227761861843031,-0.03637191713661761
"bat","LEO500",17,"BAT_LEO500_B00_H1_L3_S024",3,0.6951542236799167,0.6558650289662182,0.6558650289662182
"bat","LEO500",17,"BAT_LEO500_B00_H2_L2_S030",15,1.1225425373216618,0.6974830315448344,0.3904180391691625
"bat","LEO500",17,"BAT_LEO500_B00_H2_L2_S031",1,0.05441518878797069,0.05441518878797069,0.05441518878797069
"bat","LEO500",17,"BAT_LEO500_B30_H0_L1_S038",18,1.2986708985964728,1.0024271439760923,-0.5562070601930221
"bat","LEO500",17,"BAT_LEO500_B30_H0_L1_S039",8,0.47233878820574354,0.42275850428268313,0.23928548907861114
"bat","LEO500",17,"BAT_LEO500_B30_H0_L1_S040",8,0.4100305722646085,0.363190658390522,-0.10338574647903442
"bat","LEO500",17,"BAT_LEO500_B30_H0_L2_S041",5,0.3696114157954506,0.31408212147653103,0.08756347931921482
"bat","LEO500",17,"BAT_LEO500_B30_H0_L2_S042",33,2.236835313229217,1.7417900645258753,1.2652357574552298
"bat","LEO500",17,"BAT_LEO500_B30_H0_L2_S043",18,1.070377398892246,0.8524277538526803,0.2775260538328439
"bat","LEO500",17,"BAT_LEO500_B30_H0_L2_S044",44,2.3885782750675513,1.836585041812875,-1.7308416437696328
"bat","LEO500",17,"BAT_LEO500_B30_H0_L3_S045",48,1.2397022569640979,0.8734050090424716,-0.20913641201332211
"bat","LEO500",17,"BAT_LEO500_B30_H0_L3_S046",51,2.1655382159249674,1.7124028109452303,-0.8630434160723406
"bat","LEO500",17,"BAT_LEO500_B30_H0_L3_S047",7,0.6742044729405281,0.4627952884350504,0.2930939995816776
"bat","LEO500",17,"BAT_LEO500_B30_H0_L3_S048",45,1.5011555375144507,1.1525361177821953,-0.1140429141620795
"bat","LEO500",17,"BAT_LEO500_B30_H1_L1_S049",28,2.6803737181653577,2.0225836097129752,0.539445278367826
"bat","LEO500",17,"BAT_LEO500_B30_H1_L1_S050",13,1.0625595717353282,0.851357771226993,-0.1404969021677971
"bat","LEO500",17,"BAT_LEO500_B30_H1_L1_S052",38,1.7565245033455024,1.3127934751345922,-1.0653559143017781
"bat","LEO500",17,"BAT_LEO500_B30_H1_L2_S053",8,0.8206608528945067,0.6953153992071748,0.6879426771774888
"bat","LEO500",17,"BAT_LEO500_B30_H1_L2_S054",6,0.3886278623922486,0.2956597600132227,-0.27442113496363163
"bat","LEO500",17,"BAT_LEO500_B30_H1_L2_S055",25,2.223283651224048,1.4375950880348682,1.1171208210289478
"bat","LEO500",17,"BAT_LEO500_B30_H1_L3_S057",4,0.9845458436908755,0.6442059762775898,0.6336836144328117
"bat","LEO500",17,"BAT_LEO500_B30_H1_L3_S058",1,1.2644363567233086,1.2644363567233086,1.2644363567233086
"bat","LEO500",17,"BAT_LEO500_B30_H1_L3_S059",18,1.0299733199433132,0.8660258414844672,0.2759448252618313
"bat","LEO500",17,"BAT_LEO500_B30_H1_L3_S060",20,1.730847694846418,1.3310843892395496,0.5745473317801952
"bat","LEO500",17,"BAT_LEO500_B30_H2_L1_S062",4,0.5366825003833953,0.3619444433494934,0.15418667978490674
"bat","LEO500",17,"BAT_LEO500_B30_H2_L1_S063",21,1.637640203567386,1.265809144492128,-0.08778720262593456
"bat","LEO500",17,"BAT_LEO500_B30_H2_L1_S064",5,0.1275821393883225,0.11609874665737152,0.06601743400096893
"bat","LEO500",17,"BAT_LEO500_B30_H2_L2_S065",2,0.6678219032003659,0.6510686594992876,0.6510686594992876
"bat","LEO500",17,"BAT_LEO500_B30_H2_L2_S068",1,1.138884387910366,1.138884387910366,1.138884387910366
"bat","LEO500",17,"BAT_LEO500_B30_H2_L3_S069",12,0.870909341386906,0.6176329974550754,-0.23938788217492402
"bat","LEO500",17,"BAT_LEO500_B30_H2_L3_S070",1,0.9489722549915314,0.9489722549915314,0.9489722549915314
"bat","LEO500",17,"BAT_LEO500_B60_H0_L1_S073",6,0.7329120058603823,0.6805525626987219,0.32316236756742
"bat","LEO500",17,"BAT_LEO500_B60_H0_L1_S075",57,4.980604372762422,3.707025185423462,-2.869873508614929
"bat","LEO500",17,"BAT_LEO500_B60_H0_L1_S076",26,1.3695568133434066,0.8994834622941338,-0.04750521531185278
"bat","LEO500",17,"BAT_LEO500_B60_H0_L2_S078",46,1.075695181892361,0.7586446104814177,-0.5694747983437517
"bat","LEO500",17,"BAT_LEO500_B60_H0_L2_S079",45,0.8550921758106816,0.5685288707415262,0.11586527029673259
"bat","LEO500",17,"BAT_LEO500_B60_H0_L2_S080",4,0.5465036686598559,0.5193716031499207,-0.06698722718283534
"bat","LEO500",17,"BAT_LEO500_B60_H0_L3_S082",16,1.2896374126175474,0.829023466212675,-0.22650904138572514
"bat","LEO500",17,"BAT_LEO500_B60_H0_L3_S083",41,2.4125300110270937,2.0590705978797703,-1.8757263198494911
"bat","LEO500",17,"BAT_LEO500_B60_H0_L3_S084",11,0.6825994564929728,0.5161934458142654,0.03134386338801547
"bat","LEO500",17,"BAT_LEO500_B60_H1_L1_S086",5,1.7632695987410805,1.1492301151156425,-0.9556159749627113
"bat","LEO500",17,"BAT_LEO500_B60_H1_L1_S088",32,2.0783976591442173,1.5362549369456246,0.09739550587255508
"bat","LEO500",17,"BAT_LEO500_B60_H1_L2_S092",13,1.8813136373802042,1.3754684943705797,0.024870707868383482
"bat","LEO500",17,"BAT_LEO500_B60_H1_L3_S093",21,1.9568292380530534,1.647915584700448,1.3717635401657648
"bat","LEO500",17,"BAT_LEO500_B60_H1_L3_S094",22,2.501089097837338,2.175373998893933,2.135405833409591
"bat","LEO500",17,"BAT_LEO500_B60_H1_L3_S095",43,1.1172961010024172,0.877998158508955,-0.7427114083669907
"bat","LEO500",17,"BAT_LEO500_B60_H1_L3_S096",12,1.596614415987129,1.2981333653442562,0.6998574477620423
"bat","LEO500",17,"BAT_LEO500_B60_H2_L1_S097",13,2.1140042792236624,1.2701864067751627,-0.936627581429023
"bat","LEO500",17,"BAT_LEO500_B60_H2_L1_S098",10,0.8364022931333075,0.6952249724417925,0.4599692579358816
"bat","LEO500",17,"BAT_LEO500_B60_H2_L2_S101",7,0.9668434195054426,0.8475330982556832,0.3452786036567496
"bat","LEO500",17,"BAT_LEO500_B60_H2_L2_S103",7,1.44319533195553,1.125194549760116,-0.15024309478966252
"bat","LEO500",17,"BAT_LEO500_B60_H2_L2_S104",7,1.3723394014481485,1.2424774467945099,0.42907329542296274
"bat","LEO500",42,"BAT_LEO500_B00_H0_L1_S002",58,1.9939720971893018,1.4515243952387367,0.5133770887964758
"bat","LEO500",42,"BAT_LEO500_B00_H0_L1_S003",45,1.5999414296099577,1.1194098337243001,0.2653541509062052
"bat","LEO500",42,"BAT_LEO500_B00_H0_L1_S004",3,0.9282652886178069,0.7976386696100235,0.7976386696100235
"bat","LEO500",42,"BAT_LEO500_B00_H0_L2_S005",12,0.6386852249876608,0.51026267465204,-0.30912121292203665
"bat","LEO500",42,"BAT_LEO500_B00_H0_L2_S006",32,1.776880515557086,1.3288694019138347,0.745593505416764
"bat","LEO500",42,"BAT_LEO500_B00_H0_L3_S009",32,2.550504101778592,1.6980047221295536,1.4339147019200027
"bat","LEO500",42,"BAT_LEO500_B00_H0_L3_S010",1,1.77003915524665e-05,1.77003915524665e-05,1.77003915524665e-05
"bat","LEO500",42,"BAT_LEO500_B00_H0_L3_S011",13,1.3166928736895942,1.057935282229804,-0.681843413398243
"bat","LEO500",42,"BAT_LEO500_B00_H0_L3_S012",3,0.2548166479956955,0.2475936198607087,-0.2475936198607087
"bat","LEO500",42,"BAT_LEO500_B00_H1_L1_S013",42,1.7686119905555868,1.2225882283278875,0.5406804382801056
"bat","LEO500",42,"BAT_LEO500_B00_H1_L1_S014",22,1.6552856865364736,1.1864252600141547,0.4333424254913222
"bat","LEO500",42,"BAT_LEO500_B00_H1_L1_S015",21,1.6751312545987804,1.2220800122512239,0.8647318596818617
"bat","LEO500",42,"BAT_LEO500_B00_H1_L1_S016",4,1.0873143683909365,0.9864837862551212,-0.293493177741766
"bat","LEO500",42,"BAT_LEO500_B00_H1_L2_S017",4,0.8243152844729928,0.5912047839956358,0.5912047839956358
"bat","LEO500",42,"BAT_LEO500_B00_H1_L2_S019",60,1.4797696377624976,0.8362711779773235,-0.1404455117881298
"bat","LEO500",42,"BAT_LEO500_B00_H1_L2_S020",30,1.4268328935457457,1.1682013887912035,0.7315659243613482
"bat","LEO500",42,"BAT_LEO500_B00_H1_L3_S021",3,0.7081215841428282,0.5796375684440136,0.5506641231477261
"bat","LEO500",42,"BAT_LEO500_B00_H1_L3_S023",37,1.8393852066178222,1.4227688916631647,-0.03638277585442002
"bat","LEO500",42,"BAT_LEO500_B00_H1_L3_S024",3,0.6951594431349093,0.6558701978065073,0.6558701978065073
"bat","LEO500",42,"BAT_LEO500_B00_H2_L2_S030",15,1.1225403719046783,0.69748405367136,0.3904196247458458
"bat","LEO500",42,"BAT_LEO500_B00_H2_L2_S031",1,0.05441325047286227,0.05441325047286227,0.05441325047286227
"bat","LEO500",42,"BAT_LEO500_B30_H0_L1_S038",18,1.2986706682196785,1.002431210751335,-0.556215907757481
"bat","LEO500",42,"BAT_LEO500_B30_H0_L1_S039",8,0.4723434059884743,0.4227621713653207,0.2392890164628625
"bat","LEO500",42,"BAT_LEO500_B30_H0_L1_S040",8,0.41002968515985067,0.3631897852756083,-0.10338207939639688
"bat","LEO500",42,"BAT_LEO500_B30_H0_L2_S041",5,0.36961285249518344,0.3140838257968426,0.08756669238209724
"bat","LEO500",42,"BAT_LEO500_B30_H0_L2_S042",33,2.236832667071154,1.7417896454307167,1.2652357447553764
"bat","LEO500",42,"BAT_LEO500_B30_H0_L2_S043",18,1.070374094103847,0.8524252470427504,0.2775292591347049
"bat","LEO500",42,"BAT_LEO500_B30_H0_L2_S044",44,2.388577151384029,1.8365830098363487,-1.7308380878107115
"bat","LEO500",42,"BAT_LEO500_B30_H0_L3_S045",48,1.239695011834443,0.8733992290217429,-0.20914165652357042
"bat","LEO500",42,"BAT_LEO500_B30_H0_L3_S046",51,2.1655350487996166,1.7124027013778687,-0.8630396688685698
"bat","LEO500",42,"BAT_LEO500_B30_H0_L3_S047",7,0.6742008542756521,0.4627931330885206,0.29309759182589395
"bat","LEO500",42,"BAT_LEO500_B30_H0_L3_S048",45,1.5011440572360604,1.1525281394521396,-0.11405019710461299
"bat","LEO500",42,"BAT_LEO500_B30_H1_L1_S049",28,2.6803554387891735,2.0225687517917583,0.5394463859764593
"bat","LEO500",42,"BAT_LEO500_B30_H1_L1_S050",13,1.062560540717056,0.8513581043539139,-0.14049682694558913
"bat","LEO500",42,"BAT_LEO500_B30_H1_L1_S052",38,1.7565237906564253,1.3127920119778107,-1.0653487896840823
"bat","LEO500",42,"BAT_LEO500_B30_H1_L2_S053",8,0.8206641093923169,0.6953182630240917,0.6879477761685848
"bat","LEO500",42,"BAT_LEO500_B30_H1_L2_S054",6,0.38862401939790286,0.2956550568342209,-0.2744186669588089
"bat","LEO500",42,"BAT_LEO500_B30_H1_L2_S055",25,2.2232761692554175,1.4375877678394318,1.1171254813671112
"bat","LEO500",42,"BAT_LEO500_B30_H1_L3_S057",4,0.984550102661047,0.6442104815505445,0.6336880498565733
"bat","LEO500",42,"BAT_LEO500_B30_H1_L3_S058",1,1.2644385918974876,1.2644385918974876,1.2644385918974876
"bat","LEO500",42,"BAT_LEO500_B30_H1_L3_S059",18,1.0299710014392123,0.866024304802219,0.2759487523386876
"bat","LEO500",42,"BAT_LEO500_B30_H1_L3_S060",20,1.7308445197889708,1.3310826569795609,0.5745537579059601
"bat","LEO500",42,"BAT_LEO500_B30_H2_L1_S062",4,0.5366854639054811,0.3619441389753675,0.15419028696559423
"bat","LEO500",42,"BAT_LEO500_B30_H2_L1_S063",21,1.637631701794275,1.2658007376428162,-0.08778582060975688
"bat","LEO500",42,"BAT_LEO500_B30_H2_L1_S064",5,0.12758543053728863,0.11610075831413269,0.06602123379707336
"bat","LEO500",42,"BAT_LEO500_B30_H2_L2_S065",2,0.6678242153948163,0.6510717328637838,0.6510717328637838
"bat","LEO500",42,"BAT_LEO500_B30_H2_L2_S068",1,1.13888718187809,1.13888718187809,1.13888718187809
"bat","LEO500",42,"BAT_LEO500_B30_H2_L3_S069",12,0.8709092811537628,0.6176343013066798,-0.23938313242979348
"bat","LEO500",42,"BAT_LEO500_B30_H2_L3_S070",1,0.9489756077528,0.9489756077528,0.9489756077528
"bat","LEO500",42,"BAT_LEO500_B60_H0_L1_S073",6,0.732917703663701,0.6805610843002796,0.3231746144592762
"bat","LEO500",42,"BAT_LEO500_B60_H0_L1_S075",57,4.980631040866309,3.707050796794264,-2.869884914865619
"bat","LEO500",42,"BAT_LEO500_B60_H0_L1_S076",26,1.369560197008152,0.8994837255718616,-0.04748742525967268
"bat","LEO500",42,"BAT_LEO500_B60_H0_L2_S078",46,1.0757036676039664,0.7586515225146128,-0.5694787706369939
"bat","LEO500",42,"BAT_LEO500_B60_H0_L2_S079",45,0.8550809396839042,0.5685178811351458,0.1158697282274564
"bat","LEO500",42,"BAT_LEO500_B60_H0_L2_S080",4,0.5464987433587583,0.5193677614443004,-0.06697262870147824
"bat","LEO500",42,"BAT_LEO500_B60_H0_L3_S082",16,1.2896331390322937,0.8290222962386906,-0.22649791790172458
"bat","LEO500",42,"BAT_LEO500_B60_H0_L3_S083",41,2.4125293236177003,2.0590707886873223,-1.8757220948251283
"bat","LEO500",42,"BAT_LEO500_B60_H0_L3_S084",11,0.6825983446274837,0.5161956428888846,0.03135009901598096
"bat","LEO500",42,"BAT_LEO500_B60_H1_L1_S086",5,1.7632602130879267,1.1492201685905457,-0.9556006640195847
"bat","LEO500",42,"BAT_LEO500_B60_H1_L1_S088",32,2.0784079280274135,1.5362581762019545,0.09740656823851168
"bat","LEO500",42,"BAT_LEO500_B60_H1_L2_S092",13,1.8813112269797279,1.3754671833549554,0.024872706629909
"bat","LEO500",42,"BAT_LEO500_B60_H1_L3_S093",21,1.9568386028848688,1.647924365741866,1.3717730662652425
"bat","LEO500",42,"BAT_LEO500_B60_H1_L3_S094",22,2.501095208541272,2.1753816061060536,2.1354126278311014
"bat","LEO500",42,"BAT_LEO500_B60_H1_L3_S095",43,1.1172952896733948,0.877997541237016,-0.7427139489283395
"bat","LEO500",42,"BAT_LEO500_B60_H1_L3_S096",12,1.5966154201407572,1.2981356703676283,0.6998628727160394
"bat","LEO500",42,"BAT_LEO500_B60_H2_L1_S097",13,2.1139983298236116,1.270180560935002,-0.9366169213675536
"bat","LEO500",42,"BAT_LEO500_B60_H2_L1_S098",10,0.8364077900543317,0.695229135453701,0.45997805893421173
"bat","LEO500",42,"BAT_LEO500_B60_H2_L2_S101",7,0.9668484813435828,0.8475376833562872,0.3452908522116819
"bat","LEO500",42,"BAT_LEO500_B60_H2_L2_S103",7,1.4431949756168003,1.1251994741282292,-0.15023178420960903
"bat","LEO500",42,"BAT_LEO500_B60_H2_L2_S104",7,1.372344035910171,1.2424826355917113,0.42908487043210436
"bat","LEO500",73,"BAT_LEO500_B00_H0_L1_S002",58,1.9939807129125513,1.4515218903021565,0.5133832162567253
"bat","LEO500",73,"BAT_LEO500_B00_H0_L1_S003",45,1.5999637289520139,1.1194285191595554,0.26536036903659505
"bat","LEO500",73,"BAT_LEO500_B00_H0_L1_S004",3,0.9282620414415049,0.7976370863616467,0.7976370863616467
"bat","LEO500",73,"BAT_LEO500_B00_H0_L2_S005",12,0.6386926839467174,0.510268472135067,-0.3091370686888695
"bat","LEO500",73,"BAT_LEO500_B00_H0_L2_S006",32,1.7768892989870877,1.3288768102938775,0.7455977705831174
"bat","LEO500",73,"BAT_LEO500_B00_H0_L3_S009",32,2.550524457124494,1.6980153173790313,1.4339294881210662
"bat","LEO500",73,"BAT_LEO500_B00_H0_L3_S010",1,2.806760903695249e-05,2.806760903695249e-05,2.806760903695249e-05
"bat","LEO500",73,"BAT_LEO500_B00_H0_L3_S011",13,1.3166989161579443,1.0579415740301976,-0.6818561528164607
"bat","LEO500",73,"BAT_LEO500_B00_H0_L3_S012",3,0.25482282979718324,0.2476025838404894,-0.2476025838404894
"bat","LEO500",73,"BAT_LEO500_B00_H1_L1_S013",42,1.768626957420215,1.2225958651729993,0.5406880751252174
"bat","LEO500",73,"BAT_LEO500_B00_H1_L1_S014",22,1.6552858885715251,1.1864223580976778,0.43333806309171696
"bat","LEO500",73,"BAT_LEO500_B00_H1_L1_S015",21,1.6751271981762113,1.2220735062978096,0.8647270567182984
"bat","LEO500",73,"BAT_LEO500_B00_H1_L1_S016",4,1.0873157193083585,0.9864837862551212,-0.2934998832643032
"bat","LEO500",73,"BAT_LEO500_B00_H1_L2_S017",4,0.824309176391112,0.5912010121392086,0.5912010121392086
"bat","LEO500",73,"BAT_LEO500_B00_H1_L2_S019",60,1.4797695816089207,0.8362742606550455,-0.14044458977878094
"bat","LEO500",73,"BAT_LEO500_B00_H1_L2_S020",30,1.4268396602494469,1.1682025343179703,0.7315734773874283
"bat","LEO500",73,"BAT_LEO500_B00_H1_L3_S021",3,0.7081200945893243,0.5796389654278755,0.5506621673703194
"bat","LEO500",73,"BAT_LEO500_B00_H1_L3_S023",37,1.8393836088607167,1.4227726823977522,-0.036379166350171376
"bat","LEO500",73,"BAT_LEO500_B00_H1_L3_S024",3,0.6951549688282141,0.6558665656484663,0.6558665656484663
"bat","LEO500",73,"BAT_LEO500_B00_H2_L2_S030",15,1.1225376365776822,0.6974811875261366,0.3904091543518007
"bat","LEO500",73,"BAT_LEO500_B00_H2_L2_S031",1,0.05442369729280472,0.05442369729280472,0.05442369729280472
"bat","LEO500",73,"BAT_LEO500_B30_H0_L1_S038",18,1.2986706218455044,1.0024299534658592,-0.5562167304257551
"bat","LEO500",73,"BAT_LEO500_B30_H0_L1_S039",8,0.47233368879366894,0.42275626910850406,0.23927375441417098
"bat","LEO500",73,"BAT_LEO500_B30_H0_L1_S040",8,0.41003339493216856,0.3631916013546288,-0.10339730652049184
"bat","LEO500",73,"BAT_LEO500_B30_H0_L2_S041",5,0.36960397590716915,0.3140741866081953,0.08755755610764027
"bat","LEO500",73,"BAT_LEO500_B30_H0_L2_S042",33,2.2368335981105667,1.7417847559872,1.2652322099628774
"bat","LEO500",73,"BAT_LEO500_B30_H0_L2_S043",18,1.0703703270150273,0.8524207592320939,0.2775212943864365
"bat","LEO500",73,"BAT_LEO500_B30_H0_L2_S044",44,2.3885715400071477,1.8365813461555676,-1.7308366019278765
"bat","LEO500",73,"BAT_LEO500_B30_H0_L3_S045",48,1.2397067334372147,0.8734122093301266,-0.2091448346618563
"bat","LEO500",73,"BAT_LEO500_B30_H0_L3_S046",51,2.1655285490975027,1.7123937716378885,-0.8630335221395773
"bat","LEO500",73,"BAT_LEO500_B30_H0_L3_S047",7,0.6742038297196844,0.4627923747258527,0.29308374172874857
"bat","LEO500",73,"BAT_LEO500_B30_H0_L3_S048",45,1.5011648123707952,1.1525433013836544,-0.11404238641262054
"bat","LEO500",73,"BAT_LEO500_B30_H1_L1_S049",28,2.6803797231690174,2.022581733763218,0.5394568134631429
"bat","LEO500",73,"BAT_LEO500_B30_H1_L1_S050",13,1.0625589386689869,0.8513569652747649,-0.1405082822132569
"bat","LEO500",73,"BAT_LEO500_B30_H1_L1_S052",38,1.7565151876586054,1.3127893944712061,-1.0653464074589705
"bat","LEO500",73,"BAT_LEO500_B30_H1_L2_S053",8,0.8206520553702098,0.6953059695661068,0.6879305932670832
"bat","LEO500",73,"BAT_LEO500_B30_H1_L2_S054",6,0.38863142918261523,0.2956654876470566,-0.2744298428297043
"bat","LEO500",73,"BAT_LEO500_B30_H1_L2_S055",25,2.2232787030042256,1.4375898465514183,1.117121122777462
"bat","LEO500",73,"BAT_LEO500_B30_H1_L3_S057",4,0.9845408984781598,0.644198153167963,0.6336783058941364
"bat","LEO500",73,"BAT_LEO500_B30_H1_L3_S058",1,1.2644458562135696,1.2644458562135696,1.2644458562135696
"bat","LEO500",73,"BAT_LEO500_B30_H1_L3_S059",18,1.029968976234593,0.8660212469597658,0.27594172085324925
"bat","LEO500",73,"BAT_LEO500_B30_H1_L3_S060",20,1.7308472206331802,1.331084263511002,0.5745493294671178
"bat","LEO500",73,"BAT_LEO500_B30_H2_L1_S062",4,0.5366800114492037,0.36194617876130764,0.15418478303868
"bat","LEO500",73,"BAT_LEO500_B30_H2_L1_S063",21,1.6376282889184652,1.2657997231664402,-0.0877928953351719
"bat","LEO500",73,"BAT_LEO500_B30_H2_L1_S064",5,0.12757251907081624,0.11609042063355446,0.06600966677069664
"bat","LEO500",73,"BAT_LEO500_B30_H2_L2_S065",2,0.6678265101603731,0.6510731298476458,0.6510731298476458
"bat","LEO500",73,"BAT_LEO500_B30_H2_L2_S068",1,1.1388910934329033,1.1388910934329033,1.1388910934329033
"bat","LEO500",73,"BAT_LEO500_B30_H2_L3_S069",12,0.8709090188675704,0.6176291964948177,-0.23939665406942368
"bat","LEO500",73,"BAT_LEO500_B30_H2_L3_S070",1,0.9489795193076134,0.9489795193076134,0.9489795193076134
"bat","LEO500",73,"BAT_LEO500_B60_H0_L1_S073",6,0.7329103736665867,0.6805501412600279,0.3231592010706663
"bat","LEO500",73,"BAT_LEO500_B60_H0_L1_S075",57,4.980614143965594,3.707034248662622,-2.869877777993679
"bat","LEO500",73,"BAT_LEO500_B60_H0_L1_S076",26,1.3695649512478214,0.8994890556025964,-0.04750461890720404
"bat","LEO500",73,"BAT_LEO500_B60_H0_L2_S078",46,1.0756909754684463,0.758642405676453,-0.5694762256968281
"bat","LEO500",73,"BAT_LEO500_B60_H0_L2_S079",45,0.8550890013014704,0.5685248970985413,0.1158614456653595
"bat","LEO500",73,"BAT_LEO500_B60_H0_L2_S080",4,0.5465052485957549,0.5193743272684515,-0.06698226789012551
"bat","LEO500",73,"BAT_LEO500_B60_H0_L3_S082",16,1.2896381060050885,0.8290289231808856,-0.22650861355941743
"bat","LEO500",73,"BAT_LEO500_B60_H0_L3_S083",41,2.412514488819655,2.059058672407778,-1.8757122409779852
"bat","LEO500",73,"BAT_LEO500_B60_H0_L3_S084",11,0.6825942613753048,0.5161842638203367,0.03133983753452247
"bat","LEO500",73,"BAT_LEO500_B60_H1_L1_S086",5,1.7632706239070794,1.1492304503917694,-0.955616757273674
"bat","LEO500",73,"BAT_LEO500_B60_H1_L1_S088",32,2.0784076000903586,1.5362632577307522,0.09741164976730943
"bat","LEO500",73,"BAT_LEO500_B60_H1_L2_S092",13,1.881311664040292,1.37546150945127,0.024862906250816125
"bat","LEO500",73,"BAT_LEO500_B60_H1_L3_S093",21,1.9568338099705778,1.6479198554796832,1.3717661079551493
"bat","LEO500",73,"BAT_LEO500_B60_H1_L3_S094",22,2.501100882100241,2.1753818410533396,2.1354161139408294
"bat","LEO500",73,"BAT_LEO500_B60_H1_L3_S095",43,1.1172975135167897,0.8780000363151694,-0.7427074773193791
"bat","LEO500",73,"BAT_LEO500_B60_H1_L3_S096",12,1.5966092395068852,1.2981249019503593,0.6998536176979542
"bat","LEO500",73,"BAT_LEO500_B60_H2_L1_S097",13,2.1140048429583818,1.2701854181404297,-0.9366286560319937
"bat","LEO500",73,"BAT_LEO500_B60_H2_L1_S098",10,0.8363918989505468,0.6952168419957161,0.4599633067846298
"bat","LEO500",73,"BAT_LEO500_B60_H2_L2_S101",7,0.9668384710703813,0.847529383775379,0.34527488917644533
"bat","LEO500",73,"BAT_LEO500_B60_H2_L2_S103",7,1.443193113500528,1.125190528442285,-0.15024775472868765
"bat","LEO500",73,"BAT_LEO500_B60_H2_L2_S104",7,1.3723320169491373,1.2424693842019354,0.4290671486939703
"bat","LEO550",17,"BAT_LEO550_B00_H0_L1_S110",6,0.3304039150889698,0.3086482494836673,0.06071788666304201
"bat","LEO550",17,"BAT_LEO550_B00_H0_L1_S111",27,2.745999467191795,2.2160642676883273,0.29717253314124215
"bat","LEO550",17,"BAT_LEO550_B00_H0_L1_S112",16,0.9721865290649176,0.8663367480039597,0.326373428106308
"bat","LEO550",17,"BAT_LEO550_B00_H0_L2_S113",23,1.2839487642166703,0.9711769746702529,-0.6584356039757435
"bat","LEO550",17,"BAT_LEO550_B00_H0_L2_S114",30,1.463132436367192,1.1065853061154485,0.8649135706946254
"bat","LEO550",17,"BAT_LEO550_B00_H0_L2_S115",21,1.1953017939542274,0.9671792886885149,0.5532884670953665
"bat","LEO550",17,"BAT_LEO550_B00_H0_L2_S116",60,1.3383937185671733,0.7212725561112165,-0.025817425921559334
"bat","LEO550",17,"BAT_LEO550_B00_H0_L3_S117",14,0.9047134200389356,0.685974197196109,0.45894356444478035
"bat","LEO550",17,"BAT_LEO550_B00_H0_L3_S118",37,1.4855487199673656,1.0935047867934446,-0.5192492585125807
"bat","LEO550",17,"BAT_LEO550_B00_H0_L3_S119",21,0.994023272934061,0.7403056403355939,0.538372341543436
"bat","LEO550",17,"BAT_LEO550_B00_H0_L3_S120",38,1.5339604648975622,1.1092008630696095,-0.6251465137067594
"bat","LEO550",17,"BAT_LEO550_B00_H1_L1_S121",17,1.15266351860798,0.9979259058394853,-0.382496728835737
"bat","LEO550",17,"BAT_LEO550_B00_H1_L1_S122",3,1.0821651152752196,1.016862690448761,1.016862690448761
"bat","LEO550",17,"BAT_LEO550_B00_H1_L1_S124",18,1.5869784222525234,1.2191183865070343,-0.2323700115084648
"bat","LEO550",17,"BAT_LEO550_B00_H1_L2_S125",2,0.6957423896519073,0.5939415976172313,0.5939415976172313
"bat","LEO550",17,"BAT_LEO550_B00_H1_L2_S126",3,0.7118256599849754,0.6743651814758778,0.6743651814758778
"bat","LEO550",17,"BAT_LEO550_B00_H1_L2_S127",22,1.0870067548514655,0.8966360833834518,-0.4918257197873159
"bat","LEO550",17,"BAT_LEO550_B00_H1_L3_S130",38,1.6655382779984798,1.1728135525788133,-0.40553563617561994
"bat","LEO550",17,"BAT_LEO550_B00_H1_L3_S131",3,0.9455671859914528,0.8947086171247065,0.8947086171247065
"bat","LEO550",17,"BAT_LEO550_B00_H1_L3_S132",5,0.5362546370118689,0.49833381548523903,-0.3578534536063671
"bat","LEO550",17,"BAT_LEO550_B00_H2_L1_S134",18,1.2379896137336115,0.9958995040506124,0.004470922673741977
"bat","LEO550",17,"BAT_LEO550_B00_H2_L1_S135",16,1.072881821055383,0.8294566796394065,0.09846302855294198
"bat","LEO550",17,"BAT_LEO550_B00_H2_L2_S138",19,1.0382874781456373,0.8632610527504432,-0.23967499942763856
"bat","LEO550",17,"BAT_LEO550_B00_H2_L3_S143",12,0.7805912827551453,0.5384076619520783,0.0010000774636864662
"bat","LEO550",17,"BAT_LEO550_B00_H2_L3_S144",3,1.0446984755045983,0.9219122119247913,0.9219122119247913
"bat","LEO550",17,"BAT_LEO550_B30_H0_L1_S145",6,1.3178988676884265,0.9399236878380179,0.7419423898681998
"bat","LEO550",17,"BAT_LEO550_B30_H0_L1_S146",10,1.2305414201668907,0.9587436961010098,0.6200778437778354
"bat","LEO550",17,"BAT_LEO550_B30_H0_L1_S147",11,1.6012737135485955,1.324750982563604,1.100854804231362
"bat","LEO550",17,"BAT_LEO550_B30_H0_L2_S149",11,1.4431998641137667,1.2072243558412248,0.2600884488360448
"bat","LEO550",17,"BAT_LEO550_B30_H0_L2_S150",6,1.5611975570792156,1.1898540891706944,1.1898540891706944
"bat","LEO550",17,"BAT_LEO550_B30_H0_L2_S151",18,0.8342657756335115,0.687823910266161,-0.03083053355415662
"bat","LEO550",17,"BAT_LEO550_B30_H0_L3_S153",66,2.001311863163203,1.2406665556640788,-0.8171075383539904
"bat","LEO550",17,"BAT_LEO550_B30_H0_L3_S154",65,1.9399367016273523,1.1858147196471691,-1.0349616967141628
"bat","LEO550",17,"BAT_LEO550_B30_H0_L3_S156",11,1.7021227314523346,1.3883704912256112,1.129332904449918
"bat","LEO550",17,"BAT_LEO550_B30_H1_L1_S157",2,1.1406119090000408,1.0246196296066046,1.0246196296066046
"bat","LEO550",17,"BAT_LEO550_B30_H1_L1_S158",9,1.6344762461964015,1.0568320207918684,1.0568320207918684
"bat","LEO550",17,"BAT_LEO550_B30_H1_L1_S159",18,0.9795048263976914,0.8460108035554489,-0.5533271624396244
"bat","LEO550",17,"BAT_LEO550_B30_H1_L1_S160",6,0.6447090922104927,0.5204285029321909,0.0683074351400137
"bat","LEO550",17,"BAT_LEO550_B30_H1_L2_S161",8,1.036083102217494,0.61384899308905,0.17098436364904046
"bat","LEO550",17,"BAT_LEO550_B30_H1_L2_S162",12,2.0050449348711092,1.4482120051980019,1.438741572201252
"bat","LEO550",17,"BAT_LEO550_B30_H1_L2_S163",3,1.3204386258169778,1.2436212971806526,1.2436212971806526
"bat","LEO550",17,"BAT_LEO550_B30_H1_L2_S164",17,1.2008821252688375,0.9477417998235015,-0.6227622000390992
"bat","LEO550",17,"BAT_LEO550_B30_H1_L3_S165",11,1.789651389347196,1.1911041844128207,0.625592150556093
"bat","LEO550",17,"BAT_LEO550_B30_H1_L3_S167",46,1.239994326135257,0.8305975883875204,0.2636763672141925
"bat","LEO550",17,"BAT_LEO550_B30_H2_L1_S172",7,1.3486957719082207,0.9259947243013552,0.8924450791840043
"bat","LEO550",17,"BAT_LEO550_B60_H0_L1_S181",28,4.067989790813075,2.8074605024552772,-0.674556737898716
"bat","LEO550",17,"BAT_LEO550_B60_H0_L1_S182",8,1.7213381550578197,1.4345281961141154,-1.4345281961141154
"bat","LEO550",17,"BAT_LEO550_B60_H0_L1_S183",6,1.5578463562889457,1.202125335112214,-0.8360290434211493
"bat","LEO550",17,"BAT_LEO550_B60_H0_L1_S184",1,0.6425872212275863,0.6425872212275863,0.6425872212275863
"bat","LEO550",17,"BAT_LEO550_B60_H0_L2_S185",45,1.057826222397086,0.7135814552505811,-0.6178033724427223
"bat","LEO550",17,"BAT_LEO550_B60_H0_L2_S188",41,1.1341809491379795,0.746650155633688,-0.2732298927517926
"bat","LEO550",17,"BAT_LEO550_B60_H0_L3_S189",15,1.7656204166758758,1.2916305847465992,-0.535320769995451
"bat","LEO550",17,"BAT_LEO550_B60_H0_L3_S190",1,0.057262224436271936,0.057262224436271936,0.057262224436271936
"bat","LEO550",17,"BAT_LEO550_B60_H0_L3_S191",25,2.4254956102302208,1.9271925687789917,0.5746361017227173
"bat","LEO550",17,"BAT_LEO550_B60_H1_L1_S193",11,1.3277907462367244,1.0822448456151919,-0.6713248873976144
"bat","LEO550",17,"BAT_LEO550_B60_H1_L1_S194",25,2.572003632429498,1.9734827801585197,0.5446546599268913
"bat","LEO550",17,"BAT_LEO550_B60_H1_L1_S195",26,2.6491671735370246,1.955525756168824,-0.26172266986507636
"bat","LEO550",17,"BAT_LEO550_B60_H1_L1_S196",26,2.4053987620983,1.7588162329047918,-0.4720670994944297
"bat","LEO550",17,"BAT_LEO550_B60_H1_L2_S197",1,0.26570105692371726,0.26570105692371726,0.26570105692371726
"bat","LEO550",17,"BAT_LEO550_B60_H1_L2_S199",19,2.6101140599240247,1.9786260777006024,-0.7873591476757276
"bat","LEO550",17,"BAT_LEO550_B60_H1_L3_S201",22,1.2558482006267224,1.0373387612741103,-0.4340766040100293
"bat","LEO550",17,"BAT_LEO550_B60_H1_L3_S202",32,3.191220714710745,2.0455256308196113,-1.3453452178509906
"bat","LEO550",17,"BAT_LEO550_B60_H1_L3_S204",8,3.035862170441967,2.3040889558615163,-2.3040889558615163
"bat","LEO550",17,"BAT_LEO550_B60_H2_L1_S207",7,2.043364604261461,1.6771159380108915,-1.6771159380108915
"bat","LEO550",17,"BAT_LEO550_B60_H2_L2_S211",2,0.12353992082889727,0.08736325526470523,-0.08734857564931531
"bat","LEO550",17,"BAT_LEO550_B60_H2_L2_S212",4,1.3880811515258753,1.0857187444344163,-1.0313837556168437
"bat","LEO550",17,"BAT_LEO550_B60_H2_L3_S214",3,0.9550917101338322,0.6550115533173084,-0.431696604937315
"bat","LEO550",17,"BAT_LEO550_B60_H2_L3_S216",7,2.00126228735109,1.5890250281829918,-1.5890250281829918
"bat","LEO550",42,"BAT_LEO550_B00_H0_L1_S110",6,0.3304048464882908,0.3086475480813533,0.060707126976922154
"bat","LEO550",42,"BAT_LEO550_B00_H0_L1_S111",27,2.745994821896402,2.216055513256126,0.29715848051839405
"bat","LEO550",42,"BAT_LEO550_B00_H0_L1_S112",16,0.9721813520768886,0.8663306187372655,0.32635332900099456
"bat","LEO550",42,"BAT_LEO550_B00_H0_L2_S113",23,1.283957824889094,0.9711903135884432,-0.6584511279589091
"bat","LEO550",42,"BAT_LEO550_B00_H0_L2_S114",30,1.4631322710866412,1.106574812438339,0.8649005577899516
"bat","LEO550",42,"BAT_LEO550_B00_H0_L2_S115",21,1.195293110798074,0.9671689044418079,0.5532745704320925
"bat","LEO550",42,"BAT_LEO550_B00_H0_L2_S116",60,1.3383789340622703,0.7212553638964891,-0.025828657671809196
"bat","LEO550",42,"BAT_LEO550_B00_H0_L3_S117",14,0.9047062754622762,0.6859699264168739,0.4589244457227843
"bat","LEO550",42,"BAT_LEO550_B00_H0_L3_S118",37,1.4855553944417659,1.0935157210238882,-0.519264058990253
"bat","LEO550",42,"BAT_LEO550_B00_H0_L3_S119",21,0.9940161435751959,0.7402978039213589,0.5383617377706936
"bat","LEO550",42,"BAT_LEO550_B00_H0_L3_S120",38,1.5339675388712792,1.1092139211924452,-0.6251617775935876
"bat","LEO550",42,"BAT_LEO550_B00_H1_L1_S121",17,1.1526714395593212,0.9979353971121943,-0.3825142404393238
"bat","LEO550",42,"BAT_LEO550_B00_H1_L1_S122",3,1.08215354628044,1.0168511420488358,1.0168511420488358
"bat","LEO550",42,"BAT_LEO550_B00_H1_L1_S124",18,1.5869796420632811,1.2191204975048702,-0.23238509893417358
"bat","LEO550",42,"BAT_LEO550_B00_H1_L2_S125",2,0.6957374503967085,0.5939363763900474,0.5939363763900474
"bat","LEO550",42,"BAT_LEO550_B00_H1_L2_S126",3,0.7118169447737503,0.674356531817466,0.674356531817466
"bat","LEO550",42,"BAT_LEO550_B00_H1_L2_S127",22,1.087015981973514,0.8966477926481854,-0.49184311858632346
"bat","LEO550",42,"BAT_LEO550_B00_H1_L3_S130",38,1.6655395515040015,1.172820493382843,-0.40555092947263466
"bat","LEO550",42,"BAT_LEO550_B00_H1_L3_S131",3,0.9455585256292112,0.8946997812017798,0.8946997812017798
"bat","LEO550",42,"BAT_LEO550_B00_H1_L3_S132",5,0.5362618869032014,0.4983404651284218,-0.35786133259534836
"bat","LEO550",42,"BAT_LEO550_B00_H2_L1_S134",18,1.237986910560355,0.9958984019855658,0.004455540329217911
"bat","LEO550",42,"BAT_LEO550_B00_H2_L1_S135",16,1.0728838634343434,0.829457159852609,0.09844676242209971
"bat","LEO550",42,"BAT_LEO550_B00_H2_L2_S138",19,1.038290135271235,0.8632607917350373,-0.23969002435670086
"bat","LEO550",42,"BAT_LEO550_B00_H2_L3_S143",12,0.7805937100940356,0.5384126445278525,0.000985502265393734
"bat","LEO550",42,"BAT_LEO550_B00_H2_L3_S144",3,1.044692512569087,0.9219074156135321,0.9219074156135321
"bat","LEO550",42,"BAT_LEO550_B30_H0_L1_S145",6,1.3178886294513106,0.9399123722687364,0.7419254863634706
"bat","LEO550",42,"BAT_LEO550_B30_H0_L1_S146",10,1.2305216408345534,0.9587305085733533,0.6200525863096118
"bat","LEO550",42,"BAT_LEO550_B30_H0_L1_S147",11,1.6012584859283798,1.3247375207191163,1.1008348400619896
"bat","LEO550",42,"BAT_LEO550_B30_H0_L2_S149",11,1.4431932339040499,1.207222704860297,0.2600677480751818
"bat","LEO550",42,"BAT_LEO550_B30_H0_L2_S150",6,1.5611797792985054,1.18983443826437,1.18983443826437
"bat","LEO550",42,"BAT_LEO550_B30_H0_L2_S151",18,0.8342668745105581,0.6878221097091833,-0.03084673856695493
"bat","LEO550",42,"BAT_LEO550_B30_H0_L3_S153",66,2.0012993609408913,1.2406581441279163,-0.8171092105013403
"bat","LEO550",42,"BAT_LEO550_B30_H0_L3_S154",65,1.9399299882845569,1.1858165851579263,-1.0349640436470509
"bat","LEO550",42,"BAT_LEO550_B30_H0_L3_S156",11,1.702106402832303,1.3883564197881655,1.1293098923157563
"bat","LEO550",42,"BAT_LEO550_B30_H1_L1_S157",2,1.1405960383819314,1.0246021673083305,1.0246021673083305
"bat","LEO550",42,"BAT_LEO550_B30_H1_L1_S158",9,1.6344581478150342,1.0568112348361562,1.0568112348361562
"bat","LEO550",42,"BAT_LEO550_B30_H1_L1_S159",18,0.9795161646628007,0.8460244008650383,-0.5533437399814526
"bat","LEO550",42,"BAT_LEO550_B30_H1_L1_S160",6,0.6447076747800254,0.52043367177248,0.0682903453707695
"bat","LEO550",42,"BAT_LEO550_B30_H1_L2_S161",8,1.03607814616007,0.6138457451015711,0.1709647011011839
"bat","LEO550",42,"BAT_LEO550_B30_H1_L2_S162",12,2.005029973118129,1.448195707052946,1.438721176236868
"bat","LEO550",42,"BAT_LEO550_B30_H1_L2_S163",3,1.320420837323467,1.2436024844646454,1.2436024844646454
"bat","LEO550",42,"BAT_LEO550_B30_H1_L2_S164",17,1.2008945497700967,0.947757766527288,-0.6227813222829033
"bat","LEO550",42,"BAT_LEO550_B30_H1_L3_S165",11,1.7896405105290993,1.1911070863292976,0.6255701480602677
"bat","LEO550",42,"BAT_LEO550_B30_H1_L3_S167",46,1.2399799686525494,0.8305837400257587,0.263656687963268
"bat","LEO550",42,"BAT_LEO550_B30_H2_L1_S172",7,1.3486846805108743,0.9259837879134076,0.8924290338265044
"bat","LEO550",42,"BAT_LEO550_B60_H0_L1_S181",28,4.067984153816283,2.8074376018983975,-0.6745892177735057
"bat","LEO550",42,"BAT_LEO550_B60_H0_L1_S182",8,1.7213532697497078,1.434544924995862,-1.434544924995862
"bat","LEO550",42,"BAT_LEO550_B60_H0_L1_S183",6,1.5578544017777076,1.2021309696137905,-0.8360394276678562
"bat","LEO550",42,"BAT_LEO550_B60_H0_L1_S184",1,0.6425828207284212,0.6425828207284212,0.6425828207284212
"bat","LEO550",42,"BAT_LEO550_B60_H0_L2_S185",45,1.0578445471846465,0.7136028570433458,-0.6178326842685541
"bat","LEO550",42,"BAT_LEO550_B60_H0_L2_S188",41,1.1341940125830652,0.7466616858614654,-0.2732629297164882
"bat","LEO550",42,"BAT_LEO550_B60_H0_L3_S189",15,1.7656347032442334,1.291642787400633,-0.5353517062030733
"bat","LEO550",42,"BAT_LEO550_B60_H0_L3_S190",1,0.057260648463852704,0.057260648463852704,0.057260648463852704
"bat","LEO550",42,"BAT_LEO550_B60_H0_L3_S191",25,2.4254848845927617,1.9271765425801277,0.5746043398976326
"bat","LEO550",42,"BAT_LEO550_B60_H1_L1_S193",11,1.3278071219087915,1.0822502176531337,-0.6713508077981797
"bat","LEO550",42,"BAT_LEO550_B60_H1_L1_S194",25,2.5719928767552185,1.9734677374362946,0.5446235239505768
"bat","LEO550",42,"BAT_LEO550_B60_H1_L1_S195",26,2.649153313338289,1.9555056825853312,-0.2617527157641374
"bat","LEO550",42,"BAT_LEO550_B60_H1_L1_S196",26,2.405392352488789,1.7587985556859236,-0.47209818775837237
"bat","LEO550",42,"BAT_LEO550_B60_H1_L2_S197",1,0.2656994678545743,0.2656994678545743,0.2656994678545743
"bat","LEO550",42,"BAT_LEO550_B60_H1_L2_S199",19,2.6101155716671633,1.9786217396980839,-0.7873853668570518
"bat","LEO550",42,"BAT_LEO550_B60_H1_L3_S201",22,1.2558615290301083,1.0373437777161598,-0.4341075535524975
"bat","LEO550",42,"BAT_LEO550_B60_H1_L3_S202",32,3.1912217723043863,2.045529062161222,-1.34536818950437
"bat","LEO550",42,"BAT_LEO550_B60_H1_L3_S204",8,3.035878366797771,2.3041057436785195,-2.3041057436785195
"bat","LEO550",42,"BAT_LEO550_B60_H2_L1_S207",7,2.0433777194017493,1.6771288414020091,-1.6771288414020091
"bat","LEO550",42,"BAT_LEO550_B60_H2_L2_S211",2,0.12354505734371667,0.08736567335656531,-0.08735342187353723
"bat","LEO550",42,"BAT_LEO550_B60_H2_L2_S212",4,1.3880891296564808,1.085725030861795,-1.031391159631312
"bat","LEO550",42,"BAT_LEO550_B60_H2_L3_S214",3,0.9550964482584768,0.6550111342221498,-0.4317029844969511
"bat","LEO550",42,"BAT_LEO550_B60_H2_L3_S216",7,2.001275227938025,1.589037970240627,-1.589037970240627
"bat","LEO550",73,"BAT_LEO550_B00_H0_L1_S110",6,0.33041078596654416,0.3086557728238404,0.06071795942261815
"bat","LEO550",73,"BAT_LEO550_B00_H0_L1_S111",27,2.746002279319143,2.2160665235585637,0.2971757824222247
"bat","LEO550",73,"BAT_LEO550_B00_H0_L1_S112",16,0.9721851008744742,0.8663352811709046,0.32637196127325296
"bat","LEO550",73,"BAT_LEO550_B00_H0_L2_S113",23,1.2839477617308046,0.9711752903176998,-0.6584317003928489
"bat","LEO550",73,"BAT_LEO550_B00_H0_L2_S114",30,1.463139850962426,1.10658825840801,0.8649163180962205
"bat","LEO550",73,"BAT_LEO550_B00_H0_L2_S115",21,1.1953067654075133,0.9671855152451566,0.553296396641859
"bat","LEO550",73,"BAT_LEO550_B00_H0_L2_S116",60,1.338387766103518,0.7212641555815935,-0.02582344226539135
"bat","LEO550",73,"BAT_LEO550_B00_H0_L3_S117",14,0.9047129055667323,0.685975095257163,0.45893903422568527
"bat","LEO550",73,"BAT_LEO550_B00_H0_L3_S118",37,1.4855475592061642,1.0935060780596089,-0.5192537666172594
"bat","LEO550",73,"BAT_LEO550_B00_H0_L3_S119",21,0.9940242792148996,0.7403061193014894,0.538375587867839
"bat","LEO550",73,"BAT_LEO550_B00_H0_L3_S120",38,1.5339609525919191,1.1092058995640592,-0.6251521531100336
"bat","LEO550",73,"BAT_LEO550_B00_H1_L1_S121",17,1.1526629667929786,0.9979236706653062,-0.3824947566232261
"bat","LEO550",73,"BAT_LEO550_B00_H1_L1_S122",3,1.0821646493121873,1.0168630629777908,1.0168630629777908
"bat","LEO550",73,"BAT_LEO550_B00_H1_L1_S124",18,1.5869780298033414,1.2191171136995156,-0.2323622815310955
"bat","LEO550",73,"BAT_LEO550_B00_H1_L2_S125",2,0.6957485503747867,0.5939487396972254,0.5939487396972254
"bat","LEO550",73,"BAT_LEO550_B00_H1_L2_S126",3,0.7118278301365546,0.6743681849911809,0.6743681849911809
"bat","LEO550",73,"BAT_LEO550_B00_H1_L2_S127",22,1.0870079035272722,0.8966378613629125,-0.4918234338137237
"bat","LEO550",73,"BAT_LEO550_B00_H1_L3_S130",38,1.665537546055153,1.17281443488441,-0.40554075354808256
"bat","LEO550",73,"BAT_LEO550_B00_H1_L3_S131",3,0.9455704532282787,0.8947125868871808,0.8947125868871808
"bat","LEO550",73,"BAT_LEO550_B00_H1_L3_S132",5,0.5362566767444401,0.49833616241812706,-0.357851330190897
"bat","LEO550",73,"BAT_LEO550_B00_H2_L1_S134",18,1.2379899696073517,0.9959005440274874,0.004478109379609426
"bat","LEO550",73,"BAT_LEO550_B00_H2_L1_S135",16,1.0728795066341892,0.829455885104835,0.09846927132457495
"bat","LEO550",73,"BAT_LEO550_B00_H2_L2_S138",19,1.0382872714870706,0.8632630599956763,-0.23966781598956963
"bat","LEO550",73,"BAT_LEO550_B00_H2_L3_S143",12,0.7805928792063341,0.5384095478802919,0.0010014045983552933
"bat","LEO550",73,"BAT_LEO550_B00_H2_L3_S144",3,1.0447016818961645,0.9219169616699219,0.9219169616699219
"bat","LEO550",73,"BAT_LEO550_B30_H0_L1_S145",6,1.317900980382127,0.9399206377565861,0.7419378496706486
"bat","LEO550",73,"BAT_LEO550_B30_H0_L1_S146",10,1.2305410718229335,0.9587437100708485,0.6200688891112804
"bat","LEO550",73,"BAT_LEO550_B30_H0_L1_S147",11,1.6012777171879196,1.3247506269677118,1.100854855030775
"bat","LEO550",73,"BAT_LEO550_B30_H0_L2_S149",11,1.4432058326893125,1.2072296643799,0.26008720425042237
"bat","LEO550",73,"BAT_LEO550_B30_H0_L2_S150",6,1.5611948821407262,1.1898475233465433,1.1898475233465433
"bat","LEO550",73,"BAT_LEO550_B30_H0_L2_S151",18,0.8342634780928522,0.6878196572264036,-0.030819885432720184
"bat","LEO550",73,"BAT_LEO550_B30_H0_L3_S153",66,2.0013054478612675,1.2406612555919723,-0.8171065054325894
"bat","LEO550",73,"BAT_LEO550_B30_H0_L3_S154",65,1.9399362200537325,1.1858176683577208,-1.0349658145927465
"bat","LEO550",73,"BAT_LEO550_B30_H0_L3_S156",11,1.7021241893981118,1.3883692974394017,1.129329272291877
"bat","LEO550",73,"BAT_LEO550_B30_H1_L1_S157",2,1.140606590625512,1.0246144607663155,1.0246144607663155
"bat","LEO550",73,"BAT_LEO550_B30_H1_L1_S158",9,1.6344762049890855,1.056825773169597,1.056825773169597
"bat","LEO550",73,"BAT_LEO550_B30_H1_L1_S159",18,0.9795022224564458,0.8460088322559992,-0.5533202240864435
"bat","LEO550",73,"BAT_LEO550_B30_H1_L1_S160",6,0.6447173541654885,0.5204364657402039,0.0683024525642395
"bat","LEO550",73,"BAT_LEO550_B30_H1_L2_S161",8,1.036090889669011,0.6138532888144255,0.17097950913012028
"bat","LEO550",73,"BAT_LEO550_B30_H1_L2_S162",12,2.005052071410461,1.4482157304883003,1.4387434348464012
"bat","LEO550",73,"BAT_LEO550_B30_H1_L2_S163",3,1.3204311047115556,1.243613287806511,1.243613287806511
"bat","LEO550",73,"BAT_LEO550_B30_H1_L2_S164",17,1.2008802852281444,0.9477408219347981,-0.6227596443803871
"bat","LEO550",73,"BAT_LEO550_B30_H1_L3_S165",11,1.7896551327107484,1.191109188155017,0.6255875532092019
"bat","LEO550",73,"BAT_LEO550_B30_H1_L3_S167",46,1.2399864931998885,0.8305908828649832,0.2636713137769181
"bat","LEO550",73,"BAT_LEO550_B30_H2_L1_S172",7,1.3486989106992762,0.9259966002511126,0.8924412075430155
"bat","LEO550",73,"BAT_LEO550_B60_H0_L1_S181",28,4.067981028007753,2.807456291546779,-0.6745500922469156
"bat","LEO550",73,"BAT_LEO550_B60_H0_L1_S182",8,1.7213361740221256,1.434527401579544,-1.434527401579544
"bat","LEO550",73,"BAT_LEO550_B60_H0_L1_S183",6,1.557845687671634,1.2021263595670462,-0.836026156321168
"bat","LEO550",73,"BAT_LEO550_B60_H0_L1_S184",1,0.6425923202186823,0.6425923202186823,0.6425923202186823
"bat","LEO550",73,"BAT_LEO550_B60_H0_L2_S185",45,1.0578268905944594,0.7135862422486147,-0.6178057876725992
"bat","LEO550",73,"BAT_LEO550_B60_H0_L2_S188",41,1.1341853257455023,0.7466546327966016,-0.2732371366242083
"bat","LEO550",73,"BAT_LEO550_B60_H0_L3_S189",15,1.7656127376926276,1.291623862925917,-0.535313633736223
"bat","LEO550",73,"BAT_LEO550_B60_H0_L3_S190",1,0.05727014358853921,0.05727014358853921,0.05727014358853921
"bat","LEO550",73,"BAT_LEO550_B60_H0_L3_S191",25,2.425490318991302,1.9271909594535828,0.5746434330940247
"bat","LEO550",73,"BAT_LEO550_B60_H1_L1_S193",11,1.327778269036364,1.0822317012670366,-0.6713221823288635
"bat","LEO550",73,"BAT_LEO550_B60_H1_L1_S194",25,2.57199674325107,1.973479449748993,0.5446602702140808
"bat","LEO550",73,"BAT_LEO550_B60_H1_L1_S195",26,2.649159002373009,1.9555173097894742,-0.2617190806911542
"bat","LEO550",73,"BAT_LEO550_B60_H1_L1_S196",26,2.4053889024079944,1.7588096778266704,-0.4720588680356741
"bat","LEO550",73,"BAT_LEO550_B60_H1_L2_S197",1,0.2657082164660096,0.2657082164660096,0.2657082164660096
"bat","LEO550",73,"BAT_LEO550_B60_H1_L2_S199",19,2.6101090262536246,1.9786218426337367,-0.7873506775419963
"bat","LEO550",73,"BAT_LEO550_B60_H1_L3_S201",22,1.2558386630303229,1.0373296681791544,-0.43406883169981564
"bat","LEO550",73,"BAT_LEO550_B60_H1_L3_S202",32,3.1912142950568048,2.045526198344305,-1.3453475839924067
"bat","LEO550",73,"BAT_LEO550_B60_H1_L3_S204",8,3.03585701847075,2.3040855157887563,-2.3040855157887563
"bat","LEO550",73,"BAT_LEO550_B60_H2_L1_S207",7,2.043364541689515,1.6771155064426628,-1.6771155064426628
"bat","LEO550",73,"BAT_LEO550_B60_H2_L2_S211",2,0.12353794590582456,0.0873664197168722,-0.08734261722942449
"bat","LEO550",73,"BAT_LEO550_B60_H2_L2_S212",4,1.3880839819007063,1.0857216082513332,-1.0313811711966991
"bat","LEO550",73,"BAT_LEO550_B60_H2_L3_S214",3,0.9550931623156103,0.6550186313688755,-0.4316895268857479
"bat","LEO550",73,"BAT_LEO550_B60_H2_L3_S216",7,2.001257712895418,1.5890203981793352,-1.5890203981793352
"bat","LEO700",17,"BAT_LEO700_B00_H0_L1_S218",15,1.3055406318691476,1.0363984107971191,-0.5600053071975708
"bat","LEO700",17,"BAT_LEO700_B00_H0_L1_S219",3,0.8320925151158417,0.7506828056648374,0.5883828504011035
"bat","LEO700",17,"BAT_LEO700_B00_H0_L2_S221",48,1.2875365452935557,0.7948180456878617,-0.42020871478598565
"bat","LEO700",17,"BAT_LEO700_B00_H0_L2_S222",8,1.1225373964028031,0.9151097503490746,-0.8575243293307722
"bat","LEO700",17,"BAT_LEO700_B00_H0_L2_S223",6,0.5298046903835251,0.3595929709263146,0.2809707191772759
"bat","LEO700",17,"BAT_LEO700_B00_H0_L2_S224",2,1.0362227526857937,1.0279290843755007,1.0279290843755007
"bat","LEO700",17,"BAT_LEO700_B00_H0_L3_S225",48,1.1929620496891322,0.6836204731371254,-0.52499970770441
"bat","LEO700",17,"BAT_LEO700_B00_H0_L3_S227",33,2.294905355736664,1.4995805749839002,0.08416688916358081
"bat","LEO700",17,"BAT_LEO700_B00_H0_L3_S228",11,0.9362772600824307,0.7106951945884661,0.30313516035676
"bat","LEO700",17,"BAT_LEO700_B00_H1_L1_S229",1,0.4229326732456684,0.4229326732456684,0.4229326732456684
"bat","LEO700",17,"BAT_LEO700_B00_H1_L1_S230",33,1.7159991941659396,1.3868031684647908,-0.7230076430873438
"bat","LEO700",17,"BAT_LEO700_B00_H1_L1_S231",23,1.3562845096873102,1.2232400557917098,-0.7111041199253954
"bat","LEO700",17,"BAT_LEO700_B00_H1_L1_S232",10,0.9917995753766948,0.8161544892936945,0.25363110937178135
"bat","LEO700",17,"BAT_LEO700_B00_H1_L2_S233",7,0.558929651367156,0.4346176449741636,0.2236146479845047
"bat","LEO700",17,"BAT_LEO700_B00_H1_L2_S234",3,0.48104306286462395,0.45927357859909534,0.018230779096484184
"bat","LEO700",17,"BAT_LEO700_B00_H1_L2_S235",8,0.6288788810402391,0.42666341905714944,0.19205520657123998
"bat","LEO700",17,"BAT_LEO700_B00_H1_L2_S236",15,0.934503973742486,0.783690083771944,-0.19771208986639977
"bat","LEO700",17,"BAT_LEO700_B00_H1_L3_S238",14,0.8002664781327649,0.662845976850284,-0.07497575965576939
"bat","LEO700",17,"BAT_LEO700_B00_H1_L3_S239",44,1.5601784491446893,1.1889612206935205,0.747090246824717
"bat","LEO700",17,"BAT_LEO700_B00_H1_L3_S240",9,1.1052967173200159,0.8686445653438568,-0.26716825862725574
"bat","LEO700",17,"BAT_LEO700_B00_H2_L1_S243",6,0.4883093477278623,0.42083284351974726,-0.09976422879844904
"bat","LEO700",17,"BAT_LEO700_B00_H2_L2_S245",1,0.7507670670747757,0.7507670670747757,0.7507670670747757
"bat","LEO700",17,"BAT_LEO700_B00_H2_L2_S247",6,0.46469423187659664,0.33489621710032225,0.06853409577161074
"bat","LEO700",17,"BAT_LEO700_B00_H2_L3_S250",11,0.9040245337343054,0.7775782988491383,-0.6288548635149543
"bat","LEO700",17,"BAT_LEO700_B30_H0_L1_S253",62,1.362834255870912,0.6547925903672173,-0.5552664849786989
"bat","LEO700",17,"BAT_LEO700_B30_H0_L1_S255",3,0.20665146543109503,0.13436281369649805,0.12449451969587244
"bat","LEO700",17,"BAT_LEO700_B30_H0_L1_S256",1,0.9573847128194757,0.9573847128194757,-0.9573847128194757
"bat","LEO700",17,"BAT_LEO700_B30_H0_L2_S257",44,1.6243335300550363,1.203718735963445,-0.9805321238342334
"bat","LEO700",17,"BAT_LEO700_B30_H0_L2_S259",9,1.0693904324734118,0.8385464859505495,0.6384294790526232
"bat","LEO700",17,"BAT_LEO700_B30_H0_L2_S260",13,1.2139375648699424,0.8420170857929267,0.3397426711252102
"bat","LEO700",17,"BAT_LEO700_B30_H0_L3_S261",8,0.9344699811892921,0.6354860553983599,0.6032744015101343
"bat","LEO700",17,"BAT_LEO700_B30_H0_L3_S263",7,1.0451490844887004,0.8604787256834763,0.8604787256834763
"bat","LEO700",17,"BAT_LEO700_B30_H0_L3_S264",37,1.5410894039951797,1.1145416118607328,-0.14272984872395927
"bat","LEO700",17,"BAT_LEO700_B30_H1_L1_S266",9,0.8101306589881611,0.6910940166562796,0.39057099881271523
"bat","LEO700",17,"BAT_LEO700_B30_H1_L1_S267",51,1.7276730486792962,1.1739375508006882,-1.0668588583083713
"bat","LEO700",17,"BAT_LEO700_B30_H1_L1_S268",15,0.9118940735107468,0.7816746085882187,0.32416291534900665
"bat","LEO700",17,"BAT_LEO700_B30_H1_L2_S269",25,2.169468702870911,1.9696672149002552,-1.3443656153976917
"bat","LEO700",17,"BAT_LEO700_B30_H1_L2_S270",31,1.8858846037203785,1.4804684962596624,0.8003993034963647
"bat","LEO700",17,"BAT_LEO700_B30_H1_L2_S271",16,1.2328209413085407,1.0022929811384529,0.538152182707563
"bat","LEO700",17,"BAT_LEO700_B30_H1_L2_S272",22,1.2636476132355674,1.0529287709769877,-0.48746993680569256
"bat","LEO700",17,"BAT_LEO700_B30_H1_L3_S274",1,2.051836673899743e-05,2.051836673899743e-05,2.051836673899743e-05
"bat","LEO700",17,"BAT_LEO700_B30_H2_L1_S277",10,1.2663243007429494,1.0707398224622011,1.0014802683144808
"bat","LEO700",17,"BAT_LEO700_B30_H2_L1_S278",4,1.7306037185874268,1.6230260487645864,1.6230260487645864
"bat","LEO700",17,"BAT_LEO700_B30_H2_L2_S281",6,0.926091860437716,0.677798071410507,0.6267982185818255
"bat","LEO700",17,"BAT_LEO700_B30_H2_L2_S284",16,1.2426635171710307,0.9778771607670933,0.2221424540039152
"bat","LEO700",17,"BAT_LEO700_B30_H2_L3_S288",5,1.4494551936427837,1.155138958711177,1.155138958711177
"bat","LEO700",17,"BAT_LEO700_B60_H0_L1_S289",7,4.351990740029542,2.7188852495912994,2.4630338020090545
"bat","LEO700",17,"BAT_LEO700_B60_H0_L1_S290",5,4.9192317291828775,4.048597868531942,4.048597868531942
"bat","LEO700",17,"BAT_LEO700_B60_H0_L1_S291",51,3.463449363678173,2.5120667483219328,1.3233779792619103
"bat","LEO700",17,"BAT_LEO700_B60_H0_L1_S292",47,2.4812613978978053,1.7768560264735145,1.5380762685882918
"bat","LEO700",17,"BAT_LEO700_B60_H0_L2_S293",2,2.639222486465194,2.593197813257575,2.593197813257575
"bat","LEO700",17,"BAT_LEO700_B60_H0_L2_S294",53,3.9868159158456455,2.9376544409765386,1.879629598192449
"bat","LEO700",17,"BAT_LEO700_B60_H0_L2_S295",11,3.2222349267067445,2.5213264860212803,-0.35031399774280464
"bat","LEO700",17,"BAT_LEO700_B60_H0_L3_S297",32,3.6826510261089944,2.909696355345659,1.4228394924430177
"bat","LEO700",17,"BAT_LEO700_B60_H0_L3_S300",1,1.2585634365677834,1.2585634365677834,1.2585634365677834
"bat","LEO700",17,"BAT_LEO700_B60_H1_L1_S301",42,2.804237212030036,2.139882809881653,1.7794224433600903
"bat","LEO700",17,"BAT_LEO700_B60_H1_L1_S303",3,2.069844850516596,1.7649133689701557,1.5223431400954723
"bat","LEO700",17,"BAT_LEO700_B60_H1_L2_S305",12,3.7733347494389164,2.6924723060801625,0.21647207904607058
"bat","LEO700",17,"BAT_LEO700_B60_H1_L2_S306",1,1.6692141070961952,1.6692141070961952,1.6692141070961952
"bat","LEO700",17,"BAT_LEO700_B60_H1_L2_S307",6,4.0820488976324585,3.3081102883443236,3.3081102883443236
"bat","LEO700",17,"BAT_LEO700_B60_H1_L2_S308",6,3.67109295336595,2.7201131219044328,2.6938850292935967
"bat","LEO700",17,"BAT_LEO700_B60_H1_L3_S310",30,3.7005516454259113,2.7608566731214523,0.40102519094944
"bat","LEO700",17,"BAT_LEO700_B60_H1_L3_S311",37,4.677840421752806,3.942761439326647,3.0360041941339904
"bat","LEO700",17,"BAT_LEO700_B60_H2_L1_S315",4,4.407035144706353,3.8675862830132246,3.8675862830132246
"bat","LEO700",17,"BAT_LEO700_B60_H2_L3_S324",16,4.388206584050583,2.9827536083757877,-0.2204854041337967
"bat","LEO700",42,"BAT_LEO700_B00_H0_L1_S218",15,1.3055520961923677,1.036410927772522,-0.5600273609161377
"bat","LEO700",42,"BAT_LEO700_B00_H0_L1_S219",3,0.8320858081228003,0.7506797555834055,0.5883732344955206
"bat","LEO700",42,"BAT_LEO700_B00_H0_L2_S221",48,1.287546335070587,0.7948333892272785,-0.42024356953334063
"bat","LEO700",42,"BAT_LEO700_B00_H0_L2_S222",8,1.1225606618278383,0.9151302161626518,-0.857548147905618
"bat","LEO700",42,"BAT_LEO700_B00_H0_L2_S223",6,0.5297954607282496,0.35958499647676945,0.28095231391489506
"bat","LEO700",42,"BAT_LEO700_B00_H0_L2_S224",2,1.036215828745721,1.0279218200594187,1.0279218200594187
"bat","LEO700",42,"BAT_LEO700_B00_H0_L3_S225",48,1.1929697352579116,0.6836309912614524,-0.5250174668617547
"bat","LEO700",42,"BAT_LEO700_B00_H0_L3_S227",33,2.29490525614135,1.4995909211310474,0.08415373211557214
"bat","LEO700",42,"BAT_LEO700_B00_H0_L3_S228",11,0.9362673697498098,0.7106936642561447,0.30311249746856367
"bat","LEO700",42,"BAT_LEO700_B00_H1_L1_S229",1,0.4229234531521797,0.4229234531521797,0.4229234531521797
"bat","LEO700",42,"BAT_LEO700_B00_H1_L1_S230",33,1.7160113321416781,1.3868230818347498,-0.7230351425030015
"bat","LEO700",42,"BAT_LEO700_B00_H1_L1_S231",23,1.3562952636033705,1.22325516751279,-0.7111231189059175
"bat","LEO700",42,"BAT_LEO700_B00_H1_L1_S232",10,0.9917931530489064,0.816146502038464,0.2536085934843868
"bat","LEO700",42,"BAT_LEO700_B00_H1_L2_S233",7,0.5589214137328041,0.43460894376039505,0.2235960481422288
"bat","LEO700",42,"BAT_LEO700_B00_H1_L2_S234",3,0.4810431001557581,0.4592703655362129,0.018219836056232452
"bat","LEO700",42,"BAT_LEO700_B00_H1_L2_S235",8,0.628869236528784,0.4266577394446358,0.19203639531042427
"bat","LEO700",42,"BAT_LEO700_B00_H1_L2_S236",15,0.9345111675356467,0.7836996763944626,-0.19773416221141815
"bat","LEO700",42,"BAT_LEO700_B00_H1_L3_S238",14,0.8002724927898542,0.6628530989733658,-0.07499817376291114
"bat","LEO700",42,"BAT_LEO700_B00_H1_L3_S239",44,1.560169699956975,1.1889482795430177,0.747073444918814
"bat","LEO700",42,"BAT_LEO700_B00_H1_L3_S240",9,1.1053018128628607,0.8686525281518698,-0.26718835967282456
"bat","LEO700",42,"BAT_LEO700_B00_H2_L1_S243",6,0.4883091594005946,0.4208334721624851,-0.09978050366044044
"bat","LEO700",42,"BAT_LEO700_B00_H2_L2_S245",1,0.7507570087909698,0.7507570087909698,0.7507570087909698
"bat","LEO700",42,"BAT_LEO700_B00_H2_L2_S247",6,0.4646893556848259,0.3348971949890256,0.06851747166365385
"bat","LEO700",42,"BAT_LEO700_B00_H2_L3_S250",11,0.9040420448585005,0.7775899684268304,-0.6288764167534695
"bat","LEO700",42,"BAT_LEO700_B30_H0_L1_S253",62,1.3628420864457778,0.654801323769554,-0.5552828612346803
"bat","LEO700",42,"BAT_LEO700_B30_H0_L1_S255",3,0.2066432203542788,0.1343589545285795,0.12448246488929726
"bat","LEO700",42,"BAT_LEO700_B30_H0_L1_S256",1,0.9573921124683693,0.9573921124683693,-0.9573921124683693
"bat","LEO700",42,"BAT_LEO700_B30_H0_L2_S257",44,1.6243596968190448,1.2037354394454847,-0.9805671151050113
"bat","LEO700",42,"BAT_LEO700_B30_H0_L2_S259",9,1.0693703947375124,0.8385309018194675,0.6384035882850488
"bat","LEO700",42,"BAT_LEO700_B30_H0_L2_S260",13,1.2139288058193338,0.8420142273490245,0.33971866449484456
"bat","LEO700",42,"BAT_LEO700_B30_H0_L3_S261",8,0.934446405196979,0.6354653625749052,0.6032470031641424
"bat","LEO700",42,"BAT_LEO700_B30_H0_L3_S263",7,1.0451271372072308,0.8604567830583879,0.8604567830583879
"bat","LEO700",42,"BAT_LEO700_B30_H0_L3_S264",37,1.5410946972439579,1.11455238751463,-0.14275211740184474
"bat","LEO700",42,"BAT_LEO700_B30_H1_L1_S266",9,0.8101145796897296,0.6910830891380707,0.3905464118967454
"bat","LEO700",42,"BAT_LEO700_B30_H1_L1_S267",51,1.72770071519006,1.1739577221519806,-1.066889548126389
"bat","LEO700",42,"BAT_LEO700_B30_H1_L1_S268",15,0.9118868583506392,0.7816684665158391,0.3241382958367467
"bat","LEO700",42,"BAT_LEO700_B30_H1_L2_S269",25,2.1694857792957123,1.9696888402104378,-1.3443879559636116
"bat","LEO700",42,"BAT_LEO700_B30_H1_L2_S270",31,1.8858774135664977,1.4804544498122507,0.8003789120383801
"bat","LEO700",42,"BAT_LEO700_B30_H1_L2_S271",16,1.2328110174320672,1.0022883710917085,0.5381288530770689
"bat","LEO700",42,"BAT_LEO700_B30_H1_L2_S272",22,1.263658397653076,1.0529418772255832,-0.4874862942167304
"bat","LEO700",42,"BAT_LEO700_B30_H1_L3_S274",1,1.0891158908066245e-05,1.0891158908066245e-05,1.0891158908066245e-05
"bat","LEO700",42,"BAT_LEO700_B30_H2_L1_S277",10,1.266301968121258,1.0707202646881342,1.0014544520527124
"bat","LEO700",42,"BAT_LEO700_B30_H2_L1_S278",4,1.730581119294829,1.623003277927637,1.623003277927637
"bat","LEO700",42,"BAT_LEO700_B30_H2_L2_S281",6,0.9260673313387131,0.6777819246053696,0.6267722696065903
"bat","LEO700",42,"BAT_LEO700_B30_H2_L2_S284",16,1.2426636677722998,0.9778761130291969,0.22212128969840705
"bat","LEO700",42,"BAT_LEO700_B30_H2_L3_S288",5,1.4494389956826823,1.155120839830488,1.155120839830488
"bat","LEO700",42,"BAT_LEO700_B60_H0_L1_S289",7,4.3520266807174774,2.7189046776454364,2.4630490790254305
"bat","LEO700",42,"BAT_LEO700_B60_H0_L1_S290",5,4.919261204799913,4.048612285405397,4.048612285405397
"bat","LEO700",42,"BAT_LEO700_B60_H0_L1_S291",51,3.4634388906382503,2.5120542138157522,1.3233850792269497
"bat","LEO700",42,"BAT_LEO700_B60_H0_L1_S292",47,2.4812544485862054,1.7768431563881484,1.5380915521862024
"bat","LEO700",42,"BAT_LEO700_B60_H0_L2_S293",2,2.6392266346624607,2.5931996293365955,2.5931996293365955
"bat","LEO700",42,"BAT_LEO700_B60_H0_L2_S294",53,3.9868111666487582,2.937641441119167,1.8796493246589068
"bat","LEO700",42,"BAT_LEO700_B60_H0_L2_S295",11,3.2222662582624664,2.5213523175228727,-0.3502918745983731
"bat","LEO700",42,"BAT_LEO700_B60_H0_L3_S297",32,3.6826596188446654,2.909691701643169,1.4228834537789226
"bat","LEO700",42,"BAT_LEO700_B60_H0_L3_S300",1,1.2585634365677834,1.2585634365677834,1.2585634365677834
"bat","LEO700",42,"BAT_LEO700_B60_H1_L1_S301",42,2.8042523509371304,2.1398852712341716,1.7794338454093253
"bat","LEO700",42,"BAT_LEO700_B60_H1_L1_S303",3,2.0698569124939428,1.7649251036345959,1.5223466791212559
"bat","LEO700",42,"BAT_LEO700_B60_H1_L2_S305",12,3.773368861274529,2.6924896985292435,0.2164924517273903
"bat","LEO700",42,"BAT_LEO700_B60_H1_L2_S306",1,1.669207401573658,1.669207401573658,1.669207401573658
"bat","LEO700",42,"BAT_LEO700_B60_H1_L2_S307",6,4.082074437437618,3.3081233501434326,3.3081233501434326
"bat","LEO700",42,"BAT_LEO700_B60_H1_L2_S308",6,3.6711242415351926,2.7201345190405846,2.6938999071717262
"bat","LEO700",42,"BAT_LEO700_B60_H1_L3_S310",30,3.7005334439815427,2.760841529816389,0.40107859298586845
"bat","LEO700",42,"BAT_LEO700_B60_H1_L3_S311",37,4.677906780311839,3.942808982085537,3.036060435949145
"bat","LEO700",42,"BAT_LEO700_B60_H2_L1_S315",4,4.407056386582688,3.867596690542996,3.867596690542996
"bat","LEO700",42,"BAT_LEO700_B60_H2_L3_S324",16,4.38822891237291,2.982741707819514,-0.22045790974516422
"bat","LEO700",73,"BAT_LEO700_B00_H0_L1_S218",15,1.3055530412887393,1.0364106483757496,-0.5600291676819324
"bat","LEO700",73,"BAT_LEO700_B00_H0_L1_S219",3,0.832089841269833,0.75067940633744,0.5883825244382024
"bat","LEO700",73,"BAT_LEO700_B00_H0_L2_S221",48,1.2875420823338086,0.7948277023388073,-0.4202261130558327
"bat","LEO700",73,"BAT_LEO700_B00_H0_L2_S222",8,1.122545688936306,0.9151198086328804,-0.857533689122647
"bat","LEO700",73,"BAT_LEO700_B00_H0_L2_S223",6,0.5298023272121145,0.3595932386815548,0.280968751758337
"bat","LEO700",73,"BAT_LEO700_B00_H0_L2_S224",2,1.036224324919896,1.0279309004545212,1.0279309004545212
"bat","LEO700",73,"BAT_LEO700_B00_H0_L3_S225",48,1.1929715635163047,0.6836331041995436,-0.5250212096143514
"bat","LEO700",73,"BAT_LEO700_B00_H0_L3_S227",33,2.294902635954982,1.4995840208774263,0.08416132662783969
"bat","LEO700",73,"BAT_LEO700_B00_H0_L3_S228",11,0.9362739963544672,0.7106970741667531,0.30312240970405663
"bat","LEO700",73,"BAT_LEO700_B00_H1_L1_S229",1,0.4229379817843437,0.4229379817843437,0.4229379817843437
"bat","LEO700",73,"BAT_LEO700_B00_H1_L1_S230",33,1.7160068282253456,1.3868177902292123,-0.7230341857807203
"bat","LEO700",73,"BAT_LEO700_B00_H1_L1_S231",23,1.3562995689226978,1.2232570746994538,-0.7111277471741905
"bat","LEO700",73,"BAT_LEO700_B00_H1_L1_S232",10,0.991796939611523,0.8161515067331493,0.2536158333532512
"bat","LEO700",73,"BAT_LEO700_B00_H1_L2_S233",7,0.5589292248559564,0.43461540979998453,0.2236028334924153
"bat","LEO700",73,"BAT_LEO700_B00_H1_L2_S234",3,0.4810393432922655,0.4592697601765394,0.018229754641652107
"bat","LEO700",73,"BAT_LEO700_B00_H1_L2_S235",8,0.6288775649608305,0.42666403896873817,0.19204744457965717
"bat","LEO700",73,"BAT_LEO700_B00_H1_L2_S236",15,0.9345106107156242,0.7837000861763954,-0.19773360341787338
"bat","LEO700",73,"BAT_LEO700_B00_H1_L3_S238",14,0.8002732342104234,0.6628552967283342,-0.07499709359503218
"bat","LEO700",73,"BAT_LEO700_B00_H1_L3_S239",44,1.5601781322241173,1.1889575504359196,0.7470865765671161
"bat","LEO700",73,"BAT_LEO700_B00_H1_L3_S240",9,1.1053025986692824,0.8686522177110115,-0.2671822129438321
"bat","LEO700",73,"BAT_LEO700_B00_H2_L1_S243",6,0.48830725648482004,0.4208305850625038,-0.0997709110379219
"bat","LEO700",73,"BAT_LEO700_B00_H2_L2_S245",1,0.7507729344069958,0.7507729344069958,0.7507729344069958
"bat","LEO700",73,"BAT_LEO700_B00_H2_L2_S247",6,0.46469151768094596,0.3348941681906581,0.06852794904261827
"bat","LEO700",73,"BAT_LEO700_B00_H2_L3_S250",11,0.904037998053165,0.7775876570535316,-0.6288691778370942
"bat","LEO700",73,"BAT_LEO700_B30_H0_L1_S253",62,1.3628336007177073,0.6547945145998271,-0.5552751868362388
"bat","LEO700",73,"BAT_LEO700_B30_H0_L1_S255",3,0.20665048993143942,0.1343650590570178,0.12449303976609372
"bat","LEO700",73,"BAT_LEO700_B30_H0_L1_S256",1,0.9573797491611913,0.9573797491611913,-0.9573797491611913
"bat","LEO700",73,"BAT_LEO700_B30_H0_L2_S257",44,1.6243526215955035,1.2037297943606973,-0.9805594380436973
"bat","LEO700",73,"BAT_LEO700_B30_H0_L2_S259",9,1.0693829919071036,0.8385401219129562,0.6384157886107763
"bat","LEO700",73,"BAT_LEO700_B30_H0_L2_S260",13,1.2139340846818616,0.8420185096418629,0.33972535389833725
"bat","LEO700",73,"BAT_LEO700_B30_H0_L3_S261",8,0.9344634198824872,0.6354823359288275,0.6032662116922438
"bat","LEO700",73,"BAT_LEO700_B30_H0_L3_S263",7,1.0451396916875073,0.8604678641339498,0.8604678641339498
"bat","LEO700",73,"BAT_LEO700_B30_H0_L3_S264",37,1.5410933682076675,1.1145486194338348,-0.14274628027468114
"bat","LEO700",73,"BAT_LEO700_B30_H1_L1_S266",9,0.8101257866935593,0.6910916107396284,0.39055754120151204
"bat","LEO700",73,"BAT_LEO700_B30_H1_L1_S267",51,1.7276942306807852,1.1739521068246925,-1.0668811278746408
"bat","LEO700",73,"BAT_LEO700_B30_H1_L1_S268",15,0.9118947576662075,0.7816733326762915,0.3241515066474676
"bat","LEO700",73,"BAT_LEO700_B30_H1_L2_S269",25,2.1694913748288034,1.9696933552622795,-1.3443981930613518
"bat","LEO700",73,"BAT_LEO700_B30_H1_L2_S270",31,1.8858859692517311,1.4804648460760232,0.8003870010255806
"bat","LEO700",73,"BAT_LEO700_B30_H1_L2_S271",16,1.2328223125645108,1.0022964474046603,0.538141731522046
"bat","LEO700",73,"BAT_LEO700_B30_H1_L2_S272",22,1.2636583675315616,1.052940416742455,-0.48747670582749625
"bat","LEO700",73,"BAT_LEO700_B30_H1_L3_S274",1,2.534015450805782e-05,2.534015450805782e-05,2.534015450805782e-05
"bat","LEO700",73,"BAT_LEO700_B30_H2_L1_S277",10,1.2663148033180764,1.0707294289022684,1.0014662984758615
"bat","LEO700",73,"BAT_LEO700_B30_H2_L1_S278",4,1.7305941821933475,1.6230173874646425,1.6230173874646425
"bat","LEO700",73,"BAT_LEO700_B30_H2_L2_S281",6,0.9260816583524843,0.6777872447855771,0.6267900462262332
"bat","LEO700",73,"BAT_LEO700_B30_H2_L2_S284",16,1.242661666292611,0.9778745763469487,0.2221224072854966
"bat","LEO700",73,"BAT_LEO700_B30_H2_L3_S288",5,1.4494471275836955,1.1551334196701646,1.1551334196701646
"bat","LEO700",73,"BAT_LEO700_B60_H0_L1_S289",7,4.351984941529466,2.718885399268142,2.4630288427163447
"bat","LEO700",73,"BAT_LEO700_B60_H0_L1_S290",5,4.919221441380704,4.0485879220068455,4.0485879220068455
"bat","LEO700",73,"BAT_LEO700_B60_H0_L1_S291",51,3.4634488376718067,2.5120653677731752,1.3233674827086574
"bat","LEO700",73,"BAT_LEO700_B60_H0_L1_S292",47,2.4812560232705074,1.7768527093799191,1.5380756146809522
"bat","LEO700",73,"BAT_LEO700_B60_H0_L2_S293",2,2.639217359378847,2.5931932032108307,2.5931932032108307
"bat","LEO700",73,"BAT_LEO700_B60_H0_L2_S294",53,3.98681909383496,2.9376636136252925,1.879627637143405
"bat","LEO700",73,"BAT_LEO700_B60_H0_L2_S295",11,3.222239142258818,2.5213330899449913,-0.35032547841017897
"bat","LEO700",73,"BAT_LEO700_B60_H0_L3_S297",32,3.682655566529738,2.9097061255015433,1.4228280284442008
"bat","LEO700",73,"BAT_LEO700_B60_H0_L3_S300",1,1.258566789329052,1.258566789329052,1.258566789329052
"bat","LEO700",73,"BAT_LEO700_B60_H1_L1_S301",42,2.804230446933504,2.1398762241005898,1.7794150060841016
"bat","LEO700",73,"BAT_LEO700_B60_H1_L1_S303",3,2.069844052786197,1.7649118090048432,1.522344327531755
"bat","LEO700",73,"BAT_LEO700_B60_H1_L2_S305",12,3.773338024687598,2.6924792327918112,0.2164598205126822
"bat","LEO700",73,"BAT_LEO700_B60_H1_L2_S306",1,1.6692152246832848,1.6692152246832848,1.6692152246832848
"bat","LEO700",73,"BAT_LEO700_B60_H1_L2_S307",6,4.082047727215058,3.308112360537052,3.308112360537052
"bat","LEO700",73,"BAT_LEO700_B60_H1_L2_S308",6,3.6710872168717645,2.7201091405004263,2.6938823517411947
"bat","LEO700",73,"BAT_LEO700_B60_H1_L3_S310",30,3.700557598661662,2.7608672529459,0.4010263830423355
"bat","LEO700",73,"BAT_LEO700_B60_H1_L3_S311",37,4.677855939693415,3.9427734609391236,3.036006066847492
"bat","LEO700",73,"BAT_LEO700_B60_H2_L1_S315",4,4.4070235331642404,3.86757591040805,3.86757591040805
"bat","LEO700",73,"BAT_LEO700_B60_H2_L3_S324",16,4.388212954878177,2.982768621586729,-0.22050783009035513
"rwa","LEO500",17,"RWA_LEO500_B00_H0_L1_S001",42,0.03338946614833613,0.026781810509661833,0.02671609156365905
"rwa","LEO500",17,"RWA_LEO500_B00_H0_L1_S002",61,0.02549350243103673,0.01914939338677242,-0.01914939338677242
"rwa","LEO500",17,"RWA_LEO500_B00_H0_L1_S003",32,0.010802398530372535,0.008640802039371918,-0.006404449006004143
"rwa","LEO500",17,"RWA_LEO500_B00_H0_L1_S004",56,0.012751538157829142,0.009080631877960904,0.008367922110483051
"rwa","LEO500",17,"RWA_LEO500_B00_H0_L2_S006",58,0.020200524709252488,0.013927847132937788,0.013004200814436354
"rwa","LEO500",17,"RWA_LEO500_B00_H0_L2_S007",27,0.02533775314402066,0.024667104788952402,0.024667104788952402
"rwa","LEO500",17,"RWA_LEO500_B00_H0_L2_S008",38,0.014130529916831992,0.01249186686411696,-0.010316164481551628
"rwa","LEO500",17,"RWA_LEO500_B00_H0_L3_S009",7,0.0026506976708465814,0.002184067240783148,0.00212828665971756
"rwa","LEO500",17,"RWA_LEO500_B00_H0_L3_S010",1,0.016918088961392644,0.016918088961392644,0.016918088961392644
"rwa","LEO500",17,"RWA_LEO500_B00_H0_L3_S011",11,0.003792595374140393,0.003219894633035768,-0.002363214684142308
"rwa","LEO500",17,"RWA_LEO500_B00_H0_L3_S012",7,0.0020011032210255075,0.0016803859067814693,-0.0007820771741015571
"rwa","LEO500",17,"RWA_LEO500_B00_H1_L1_S013",33,0.020246060971771,0.018478180761590152,-0.01767166453329
"rwa","LEO500",17,"RWA_LEO500_B00_H1_L1_S014",21,0.00769134134690577,0.00590602941811085,0.0020407082246882585
"rwa","LEO500",17,"RWA_LEO500_B00_H1_L1_S016",60,0.006368445680318388,0.003927496365164795,0.0004588038637787882
"rwa","LEO500",17,"RWA_LEO500_B00_H1_L2_S017",35,0.026773401363586077,0.023351604965116297,0.02251545465950455
"rwa","LEO500",17,"RWA_LEO500_B00_H1_L2_S018",61,0.01595753399775156,0.011426240233246423,-0.009567816992152912
"rwa","LEO500",17,"RWA_LEO500_B00_H1_L2_S020",37,0.02875455500637723,0.026271198216725043,-0.025165827803917837
"rwa","LEO500",17,"RWA_LEO500_B00_H1_L3_S021",6,0.004999057518943195,0.003854387253522873,-0.0036098830401897434
"rwa","LEO500",17,"RWA_LEO500_B00_H1_L3_S023",6,0.00980070027683756,0.008456339407712222,-0.008456339407712222
"rwa","LEO500",17,"RWA_LEO500_B00_H2_L1_S025",12,0.02439060225185663,0.024259380654742316,0.024259380654742316
"rwa","LEO500",17,"RWA_LEO500_B00_H2_L1_S026",23,0.028882519205599828,0.028495829256818345,0.028495829256818345
"rwa","LEO500",17,"RWA_LEO500_B00_H2_L1_S027",30,0.017164919339515076,0.015640208609402184,0.014479143507778647
"rwa","LEO500",17,"RWA_LEO500_B00_H2_L1_S028",22,0.016750838787355195,0.014762835627929731,-0.01420241186225956
"rwa","LEO500",17,"RWA_LEO500_B00_H2_L2_S029",34,0.02848042080006217,0.025180861770230184,0.022245405241847042
"rwa","LEO500",17,"RWA_LEO500_B00_H2_L2_S030",14,0.026899332150544308,0.026757048070430757,0.026757048070430757
"rwa","LEO500",17,"RWA_LEO500_B00_H2_L2_S031",10,0.008226338330419424,0.007397024631500246,0.007397024631500246
"rwa","LEO500",17,"RWA_LEO500_B00_H2_L3_S033",6,0.006993317287935575,0.005329801080127557,-0.005215239090224107
"rwa","LEO500",17,"RWA_LEO500_B30_H0_L1_S037",38,0.02666323124247974,0.022825540940424334,0.02256702994927764
"rwa","LEO500",17,"RWA_LEO500_B30_H0_L1_S038",49,0.02964773473002211,0.024283373340660216,-0.024283373340660216
"rwa","LEO500",17,"RWA_LEO500_B30_H0_L1_S040",72,0.006560967002508282,0.004820105037651956,0.0012668718247570922
"rwa","LEO500",17,"RWA_LEO500_B30_H0_L2_S041",37,0.024485528464162867,0.020655669473312998,0.02040097334900418
"rwa","LEO500",17,"RWA_LEO500_B30_H0_L2_S042",33,0.007382798774965956,0.006068532462372926,-0.0028540886938571916
"rwa","LEO500",17,"RWA_LEO500_B30_H0_L2_S043",62,0.01219137013257741,0.008543137647211556,0.00681663719756949
"rwa","LEO500",17,"RWA_LEO500_B30_H0_L2_S044",54,0.014334814316847072,0.011251496930641161,-0.010704703249589165
"rwa","LEO500",17,"RWA_LEO500_B30_H0_L3_S045",6,0.003056332888709465,0.0023923102766275415,-0.0019128751009702693
"rwa","LEO500",17,"RWA_LEO500_B30_H0_L3_S046",6,0.006890910554316232,0.006129218824207783,-0.006129218824207783
"rwa","LEO500",17,"RWA_LEO500_B30_H0_L3_S047",11,0.03401318055845165,0.03376122746955265,0.03376122746955265
"rwa","LEO500",17,"RWA_LEO500_B30_H1_L1_S049",32,0.03105297880098409,0.028529725532280288,0.02851581529830583
"rwa","LEO500",17,"RWA_LEO500_B30_H1_L1_S050",48,0.00622675473688518,0.004424128918132435,-0.0007068018234955772
"rwa","LEO500",17,"RWA_LEO500_B30_H1_L1_S052",46,0.029793970252619876,0.02561947899749098,-0.025478726216470418
"rwa","LEO500",17,"RWA_LEO500_B30_H1_L2_S054",46,0.012616666786405887,0.010025635571219032,0.007434177996955166
"rwa","LEO500",17,"RWA_LEO500_B30_H1_L2_S055",28,0.02448346894209875,0.023431899488371398,0.023431899488371398
"rwa","LEO500",17,"RWA_LEO500_B30_H1_L2_S056",26,0.014652882089860248,0.01283406361650962,-0.012084418091063318
"rwa","LEO500",17,"RWA_LEO500_B30_H1_L3_S057",6,0.0067514001956024096,0.005486216644446055,-0.005202101667722067
"rwa","LEO500",17,"RWA_LEO500_B30_H1_L3_S060",6,0.0026822226175615685,0.0019346384952465708,-0.0013117769112189614
"rwa","LEO500",17,"RWA_LEO500_B30_H2_L1_S061",17,0.013563705669782324,0.010566135563011116,0.010557565817554645
"rwa","LEO500",17,"RWA_LEO500_B30_H2_L1_S062",39,0.026355939448623748,0.023960685701324393,-0.02334891010362369
"rwa","LEO500",17,"RWA_LEO500_B30_H2_L1_S063",29,0.03376122465927606,0.031924822643913074,0.031924822643913074
"rwa","LEO500",17,"RWA_LEO500_B30_H2_L2_S065",26,0.015839871765991727,0.015287252673162862,0.015287252673162862
"rwa","LEO500",17,"RWA_LEO500_B30_H2_L2_S066",10,0.02378436338846293,0.02350096747279167,0.02350096747279167
"rwa","LEO500",17,"RWA_LEO500_B30_H2_L2_S067",33,0.010725067298241667,0.008492448914683228,-0.003511320381905093
"rwa","LEO500",17,"RWA_LEO500_B30_H2_L2_S068",25,0.019695757339710622,0.017878915280103682,-0.017442150026559827
"rwa","LEO500",17,"RWA_LEO500_B30_H2_L3_S072",2,0.010999386289839376,0.010958504304289816,0.010958504304289816
"rwa","LEO500",17,"RWA_LEO500_B60_H0_L1_S073",49,0.016909471365295692,0.013071537835105342,-0.01277315781204676
"rwa","LEO500",17,"RWA_LEO500_B60_H0_L1_S074",71,0.005444196416571107,0.003860344837459037,-0.0004567223692863721
"rwa","LEO500",17,"RWA_LEO500_B60_H0_L1_S076",49,0.022813978586684304,0.016864235265826696,0.016655107139020547
"rwa","LEO500",17,"RWA_LEO500_B60_H0_L2_S077",45,0.0191332244826284,0.015567893621822199,-0.015538937354253398
"rwa","LEO500",17,"RWA_LEO500_B60_H0_L2_S078",47,0.01726418904938931,0.013169420692831908,0.012778626770732247
"rwa","LEO500",17,"RWA_LEO500_B60_H0_L2_S079",78,0.020957170077763244,0.014230838649046534,-0.014148602069307788
"rwa","LEO500",17,"RWA_LEO500_B60_H0_L2_S080",33,0.013213524690211614,0.010573287440859008,0.010357275150829195
"rwa","LEO500",17,"RWA_LEO500_B60_H0_L3_S082",11,0.007921297446812652,0.007087805697863753,-0.006329830972985787
"rwa","LEO500",17,"RWA_LEO500_B60_H0_L3_S083",3,0.006526487645347896,0.005383502195278803,0.005383502195278803
"rwa","LEO500",17,"RWA_LEO500_B60_H0_L3_S084",4,0.012116391209319722,0.011968583334237337,0.011968583334237337
"rwa","LEO500",17,"RWA_LEO500_B60_H1_L1_S086",40,0.02369898393313626,0.02105132109252736,-0.020647697497624903
"rwa","LEO500",17,"RWA_LEO500_B60_H1_L1_S087",62,0.02387703045027019,0.01814374785209375,-0.01814374785209375
"rwa","LEO500",17,"RWA_LEO500_B60_H1_L1_S088",39,0.023777302782715202,0.01996308734688239,0.019025946441942297
"rwa","LEO500",17,"RWA_LEO500_B60_H1_L2_S089",25,0.020931007895297567,0.019006533712148665,-0.018848117560148238
"rwa","LEO500",17,"RWA_LEO500_B60_H1_L2_S090",34,0.014758268448352964,0.012954920442665321,0.01272626089699128
"rwa","LEO500",17,"RWA_LEO500_B60_H1_L2_S092",59,0.04090305458057068,0.03149754485131194,-0.03149754485131194
"rwa","LEO500",17,"RWA_LEO500_B60_H1_L3_S093",6,0.011115643882916332,0.009905945525194209,-0.009905945525194209
"rwa","LEO500",17,"RWA_LEO500_B60_H2_L1_S098",21,0.023662688332504386,0.02304665529656978,0.02304665529656978
"rwa","LEO500",17,"RWA_LEO500_B60_H2_L1_S099",20,0.008619931892606814,0.007605393454432488,-0.003296907320618628
"rwa","LEO500",17,"RWA_LEO500_B60_H2_L1_S100",13,0.0044575502792352905,0.0033246955046286938,0.0012311435662783108
"rwa","LEO500",17,"RWA_LEO500_B60_H2_L2_S101",18,0.03279463141643792,0.03232822534110811,0.03232822534110811
"rwa","LEO500",17,"RWA_LEO500_B60_H2_L2_S102",30,0.023995225425044904,0.022015050097058224,-0.020751480218023064
"rwa","LEO500",17,"RWA_LEO500_B60_H2_L2_S103",16,0.013535720558642023,0.01258530347258784,-0.01258530347258784
"rwa","LEO500",17,"RWA_LEO500_B60_H2_L2_S104",41,0.011506500632484552,0.010362513090779145,-0.008004844279550926
"rwa","LEO500",17,"RWA_LEO500_B60_H2_L3_S107",1,0.013981476984918117,0.013981476984918117,0.013981476984918117
"rwa","LEO500",42,"RWA_LEO500_B00_H0_L1_S001",42,0.03346423306376026,0.026849413033397426,0.02675506115137112
"rwa","LEO500",42,"RWA_LEO500_B00_H0_L1_S002",61,0.0254921221604475,0.019152118003026384,-0.019152118003026384
"rwa","LEO500",42,"RWA_LEO500_B00_H0_L1_S003",32,0.01063883801519903,0.008522735389487933,-0.0061957187554071425
"rwa","LEO500",42,"RWA_LEO500_B00_H0_L1_S004",56,0.012867161447330666,0.009157363757757204,0.008469580226976955
"rwa","LEO500",42,"RWA_LEO500_B00_H0_L2_S006",58,0.02024715093466709,0.013964462625906511,0.012993232069681563
"rwa","LEO500",42,"RWA_LEO500_B00_H0_L2_S007",27,0.025499775588649985,0.02485198614497979,0.02485198614497979
"rwa","LEO500",42,"RWA_LEO500_B00_H0_L2_S008",38,0.013956898055701536,0.012339819179798817,-0.01016561099156541
"rwa","LEO500",42,"RWA_LEO500_B00_H0_L3_S009",7,0.0026240837881151154,0.002163273521832058,0.0021058674369539535
"rwa","LEO500",42,"RWA_LEO500_B00_H0_L3_S010",1,0.016867301333695652,0.016867301333695652,0.016867301333695652
"rwa","LEO500",42,"RWA_LEO500_B00_H0_L3_S011",11,0.003851787802698944,0.0032570286399938838,-0.0024207107214765113
"rwa","LEO500",42,"RWA_LEO500_B00_H0_L3_S012",7,0.0019952604474698233,0.0016752249960388461,-0.0008021205131496706
"rwa","LEO500",42,"RWA_LEO500_B00_H1_L1_S013",33,0.019967975070499057,0.01820467588576404,-0.017390679951870082
"rwa","LEO500",42,"RWA_LEO500_B00_H1_L1_S014",21,0.007728715946677905,0.005919115404997553,0.002070684464914458
"rwa","LEO500",42,"RWA_LEO500_B00_H1_L1_S016",60,0.006353910984752087,0.003954448666627286,0.0003935366535733933
"rwa","LEO500",42,"RWA_LEO500_B00_H1_L2_S017",35,0.026672739039287897,0.02327040240700756,0.022431038218949522
"rwa","LEO500",42,"RWA_LEO500_B00_H1_L2_S018",61,0.015873706454249993,0.011396121517678754,-0.009540436670306275
"rwa","LEO500",42,"RWA_LEO500_B00_H1_L2_S020",37,0.02868055556436412,0.02622314289816328,-0.025115375492621116
"rwa","LEO500",42,"RWA_LEO500_B00_H1_L3_S021",6,0.004986414180153723,0.0038393401851256684,-0.0036053234090407684
"rwa","LEO500",42,"RWA_LEO500_B00_H1_L3_S023",6,0.009818687354803991,0.008472827884058159,-0.008472827884058159
"rwa","LEO500",42,"RWA_LEO500_B00_H2_L1_S025",12,0.02450416688282487,0.024370596961428723,0.024370596961428723
"rwa","LEO500",42,"RWA_LEO500_B00_H2_L1_S026",23,0.029043206322403436,0.028649197190838017,0.028649197190838017
"rwa","LEO500",42,"RWA_LEO500_B00_H2_L1_S027",30,0.01728535054567988,0.015768431710700196,0.014622936137020589
"rwa","LEO500",42,"RWA_LEO500_B00_H2_L1_S028",22,0.016626876052098172,0.014655162851241504,-0.014087652567435395
"rwa","LEO500",42,"RWA_LEO500_B00_H2_L2_S029",34,0.028378669856873793,0.025050422176718712,0.022079085755874125
"rwa","LEO500",42,"RWA_LEO500_B00_H2_L2_S030",14,0.026924535755481607,0.026781084282057627,0.026781084282057627
"rwa","LEO500",42,"RWA_LEO500_B00_H2_L2_S031",10,0.008309916268497846,0.007501564174890518,0.007501564174890518
"rwa","LEO500",42,"RWA_LEO500_B00_H2_L3_S033",6,0.006984756080383978,0.005317815579473972,-0.005209883364538352
"rwa","LEO500",42,"RWA_LEO500_B30_H0_L1_S037",38,0.026648739876379474,0.02280911390032423,0.022547786432857576
"rwa","LEO500",42,"RWA_LEO500_B30_H0_L1_S038",49,0.029685224817032507,0.02430285945990864,-0.02430285945990864
"rwa","LEO500",42,"RWA_LEO500_B30_H0_L1_S040",72,0.006558755981108753,0.004839831836418148,0.001235912489290867
"rwa","LEO500",42,"RWA_LEO500_B30_H0_L2_S041",37,0.02458549747173426,0.020748968543233104,0.02050316543192477
"rwa","LEO500",42,"RWA_LEO500_B30_H0_L2_S042",33,0.007358804177133336,0.006051126957842799,-0.0027285120478182097
"rwa","LEO500",42,"RWA_LEO500_B30_H0_L2_S043",62,0.012387761650024314,0.008707280330840618,0.0069522907837264
"rwa","LEO500",42,"RWA_LEO500_B30_H0_L2_S044",54,0.014364636032366679,0.011277450296889854,-0.010736067751767457
"rwa","LEO500",42,"RWA_LEO500_B30_H0_L3_S045",6,0.003053604223422975,0.002394406745831173,-0.0019296305874983478
"rwa","LEO500",42,"RWA_LEO500_B30_H0_L3_S046",6,0.006912524210365643,0.006153165704260271,-0.006153165704260271
"rwa","LEO500",42,"RWA_LEO500_B30_H0_L3_S047",11,0.03403323723473405,0.03377814516425133,0.03377814516425133
"rwa","LEO500",42,"RWA_LEO500_B30_H1_L1_S049",32,0.03132979119422207,0.028770988277392464,0.02875241770525463
"rwa","LEO500",42,"RWA_LEO500_B30_H1_L1_S050",48,0.0062338429742028485,0.004433207916251076,-0.0006955617844748013
"rwa","LEO500",42,"RWA_LEO500_B30_H1_L1_S052",46,0.029722418892482182,0.025571203276353042,-0.025431875969566725
"rwa","LEO500",42,"RWA_LEO500_B30_H1_L2_S054",46,0.012614021022814862,0.0100244120563097,0.007422456290046486
"rwa","LEO500",42,"RWA_LEO500_B30_H1_L2_S055",28,0.02443027672311298,0.02338741558404373,0.02338741558404373
"rwa","LEO500",42,"RWA_LEO500_B30_H1_L2_S056",26,0.014499256910445983,0.012683209963142874,-0.01191980109478419
"rwa","LEO500",42,"RWA_LEO500_B30_H1_L3_S057",6,0.006748923556012008,0.005483124901851019,-0.005205119401216508
"rwa","LEO500",42,"RWA_LEO500_B30_H1_L3_S060",6,0.0026642954127649326,0.0019246987998485562,-0.001304178933302561
"rwa","LEO500",42,"RWA_LEO500_B30_H2_L1_S061",17,0.013473977870415373,0.010480441526948093,0.010455726636299756
"rwa","LEO500",42,"RWA_LEO500_B30_H2_L1_S062",39,0.02600107203519267,0.02365562609181955,-0.023042799427341196
"rwa","LEO500",42,"RWA_LEO500_B30_H2_L1_S063",29,0.03383149134643133,0.03200545580736522,0.03200545580736522
"rwa","LEO500",42,"RWA_LEO500_B30_H2_L2_S065",26,0.015619923411934643,0.015064450568304612,0.015064450568304612
"rwa","LEO500",42,"RWA_LEO500_B30_H2_L2_S066",10,0.024069587174778383,0.023779496401548385,0.023779496401548385
"rwa","LEO500",42,"RWA_LEO500_B30_H2_L2_S067",33,0.010497336911034523,0.008253097974441268,-0.0033128235489130026
"rwa","LEO500",42,"RWA_LEO500_B30_H2_L2_S068",25,0.0195690551008342,0.017750955641269682,-0.017307762563228607
"rwa","LEO500",42,"RWA_LEO500_B30_H2_L3_S072",2,0.011011711586317294,0.010970721021294594,0.010970721021294594
"rwa","LEO500",42,"RWA_LEO500_B60_H0_L1_S073",49,0.01690481407451777,0.013051453533069211,-0.012751675294522119
"rwa","LEO500",42,"RWA_LEO500_B60_H0_L1_S074",71,0.0054300598883287735,0.0038593201412701326,-0.0004643294330633909
"rwa","LEO500",42,"RWA_LEO500_B60_H0_L1_S076",49,0.022717159191116523,0.01678940643917541,0.01657873102444775
"rwa","LEO500",42,"RWA_LEO500_B60_H0_L2_S077",45,0.01904519761413732,0.015504287139823044,-0.01548406023739113
"rwa","LEO500",42,"RWA_LEO500_B60_H0_L2_S078",47,0.0171387387318234,0.01307346203384247,0.01267462630379707
"rwa","LEO500",42,"RWA_LEO500_B60_H0_L2_S079",78,0.021239361313666282,0.01447989511936425,-0.014397807780486075
"rwa","LEO500",42,"RWA_LEO500_B60_H0_L2_S080",33,0.013197785675500137,0.010558199473289828,0.010350597218017687
"rwa","LEO500",42,"RWA_LEO500_B60_H0_L3_S082",11,0.007924015040185667,0.007084593684835869,-0.006361336769028143
"rwa","LEO500",42,"RWA_LEO500_B60_H0_L3_S083",3,0.006490879575587366,0.005342622846364974,0.005342622846364974
"rwa","LEO500",42,"RWA_LEO500_B60_H0_L3_S084",4,0.012125747398958837,0.011981330905109644,0.011981330905109644
"rwa","LEO500",42,"RWA_LEO500_B60_H1_L1_S086",40,0.02377120921786721,0.021108072211500257,-0.020701968858484177
"rwa","LEO500",42,"RWA_LEO500_B60_H1_L1_S087",62,0.02392963021564743,0.018239844821754003,-0.018239844821754003
"rwa","LEO500",42,"RWA_LEO500_B60_H1_L1_S088",39,0.023882664672392095,0.0200483539308875,0.019129130487831738
"rwa","LEO500",42,"RWA_LEO500_B60_H1_L2_S089",25,0.020953808988564967,0.019008132606744766,-0.018843345552682876
"rwa","LEO500",42,"RWA_LEO500_B60_H1_L2_S090",34,0.01461931475317487,0.012839074257542101,0.012604847638046037
"rwa","LEO500",42,"RWA_LEO500_B60_H1_L2_S092",59,0.04075070090080323,0.03139468636600522,-0.03139468636600522
"rwa","LEO500",42,"RWA_LEO500_B60_H1_L3_S093",6,0.011132813782693918,0.009921406054248414,-0.009921406054248414
"rwa","LEO500",42,"RWA_LEO500_B60_H2_L1_S098",21,0.023909180678992545,0.023300201534515334,0.023300201534515334
"rwa","LEO500",42,"RWA_LEO500_B60_H2_L1_S099",20,0.008546894172528192,0.007517749816179274,-0.00312341198325157
"rwa","LEO500",42,"RWA_LEO500_B60_H2_L1_S100",13,0.0044520651399433545,0.0033156561163755548,0.0011603157107646649
"rwa","LEO500",42,"RWA_LEO500_B60_H2_L2_S101",18,0.03289042003160018,0.03242834111054739,0.03242834111054739
"rwa","LEO500",42,"RWA_LEO500_B60_H2_L2_S102",30,0.023787512787375623,0.021838408131152395,-0.020572219571719567
"rwa","LEO500",42,"RWA_LEO500_B60_H2_L2_S103",16,0.013458247248073754,0.012505866130231878,-0.012505866130231878
"rwa","LEO500",42,"RWA_LEO500_B60_H2_L2_S104",41,0.01169175490372245,0.010502011801411467,-0.00808675923362011
"rwa","LEO500",42,"RWA_LEO500_B60_H2_L3_S107",1,0.013960812054574489,0.013960812054574489,0.013960812054574489
"rwa","LEO500",73,"RWA_LEO500_B00_H0_L1_S001",42,0.033360895635967024,0.026765051315582926,0.026693818088443504
"rwa","LEO500",73,"RWA_LEO500_B00_H0_L1_S002",61,0.02539634857125023,0.019089058328603137,-0.019089058328603137
"rwa","LEO500",73,"RWA_LEO500_B00_H0_L1_S003",32,0.010861549352954965,0.008681333570348213,-0.006440333237333107
"rwa","LEO500",73,"RWA_LEO500_B00_H0_L1_S004",56,0.012778974580390458,0.00909321234295411,0.008396974744807396
"rwa","LEO500",73,"RWA_LEO500_B00_H0_L2_S006",58,0.02028008263823235,0.013975854152572692,0.013034723119826284
"rwa","LEO500",73,"RWA_LEO500_B00_H0_L2_S007",27,0.02528774611595436,0.024610570776793694,0.024610570776793694
"rwa","LEO500",73,"RWA_LEO500_B00_H0_L2_S008",38,0.014106865170542151,0.012466031544547724,-0.010299760969600787
"rwa","LEO500",73,"RWA_LEO500_B00_H0_L3_S009",7,0.0026109229074510456,0.0021467945405415126,0.0020861451114927024
"rwa","LEO500",73,"RWA_LEO500_B00_H0_L3_S010",1,0.016897744406014683,0.016897744406014683,0.016897744406014683
"rwa","LEO500",73,"RWA_LEO500_B00_H0_L3_S011",11,0.003837394743946386,0.00324472456493161,-0.002431163428859277
"rwa","LEO500",73,"RWA_LEO500_B00_H0_L3_S012",7,0.0020153309426681576,0.0016942825700555528,-0.0008271837873118261
"rwa","LEO500",73,"RWA_LEO500_B00_H1_L1_S013",33,0.020229559398191644,0.018461360759807362,-0.017657437830260306
"rwa","LEO500",73,"RWA_LEO500_B00_H1_L1_S014",21,0.007674827676527895,0.005905126194868772,0.0020852399191686084
"rwa","LEO500",73,"RWA_LEO500_B00_H1_L1_S016",60,0.006353788131837401,0.003932777833397265,0.00044887820030756914
"rwa","LEO500",73,"RWA_LEO500_B00_H1_L2_S017",35,0.02675537149527502,0.02332085561007262,0.022463957438511505
"rwa","LEO500",73,"RWA_LEO500_B00_H1_L2_S018",61,0.01604092270369896,0.011497317257596828,-0.00967152961148102
"rwa","LEO500",73,"RWA_LEO500_B00_H1_L2_S020",37,0.02889380587963187,0.026401292039333165,-0.025298957436068636
"rwa","LEO500",73,"RWA_LEO500_B00_H1_L3_S021",6,0.004991838183827385,0.003850285584727924,-0.0036107370009024944
"rwa","LEO500",73,"RWA_LEO500_B00_H1_L3_S023",6,0.009800816170493677,0.008451980569710334,-0.008451980569710334
"rwa","LEO500",73,"RWA_LEO500_B00_H2_L1_S025",12,0.02433735702138114,0.024203958517561356,0.024203958517561356
"rwa","LEO500",73,"RWA_LEO500_B00_H2_L1_S026",23,0.028966759837788805,0.028585255660278638,0.028585255660278638
"rwa","LEO500",73,"RWA_LEO500_B00_H2_L1_S027",30,0.017151568668348115,0.015636406329770883,0.014464408146838347
"rwa","LEO500",73,"RWA_LEO500_B00_H2_L1_S028",22,0.01681360061535996,0.014821284653788262,-0.014259008741514246
"rwa","LEO500",73,"RWA_LEO500_B00_H2_L2_S029",34,0.028516202323925023,0.025196003979619814,0.022181560077211435
"rwa","LEO500",73,"RWA_LEO500_B00_H2_L2_S030",14,0.02671241870837729,0.02656664273568562,0.02656664273568562
"rwa","LEO500",73,"RWA_LEO500_B00_H2_L2_S031",10,0.008248094604710847,0.0074193076789379146,0.0074193076789379146
"rwa","LEO500",73,"RWA_LEO500_B00_H2_L3_S033",6,0.006997158237056341,0.005330904200673104,-0.005217908198634783
"rwa","LEO500",73,"RWA_LEO500_B30_H0_L1_S037",38,0.02619219575094216,0.02242199482984449,0.02215701265652713
"rwa","LEO500",73,"RWA_LEO500_B30_H0_L1_S038",49,0.03010235720572602,0.024659412612720408,-0.024659412612720408
"rwa","LEO500",73,"RWA_LEO500_B30_H0_L1_S040",72,0.006337448668341568,0.004686149372719229,0.0010011538009469694
"rwa","LEO500",73,"RWA_LEO500_B30_H0_L2_S041",37,0.024403228436279036,0.020599215095107617,0.0203404916299356
"rwa","LEO500",73,"RWA_LEO500_B30_H0_L2_S042",33,0.0073346306592606,0.006017212863221314,-0.002716789936477488
"rwa","LEO500",73,"RWA_LEO500_B30_H0_L2_S043",62,0.012127137506917065,0.008512048200974546,0.006790048478832167
"rwa","LEO500",73,"RWA_LEO500_B30_H0_L2_S044",54,0.014438892984537759,0.011337696505641495,-0.010812778557064355
"rwa","LEO500",73,"RWA_LEO500_B30_H0_L3_S045",6,0.0030399846490260034,0.002385222166776659,-0.0019141842921574926
"rwa","LEO500",73,"RWA_LEO500_B30_H0_L3_S046",6,0.0069122782142375635,0.006144967923561733,-0.006144967923561733
"rwa","LEO500",73,"RWA_LEO500_B30_H0_L3_S047",11,0.03404139211996607,0.03379242779179053,0.03379242779179053
"rwa","LEO500",73,"RWA_LEO500_B30_H1_L1_S049",32,0.030972408315948833,0.02845619109575637,0.02843977299635299
"rwa","LEO500",73,"RWA_LEO500_B30_H1_L1_S050",48,0.00626744349436422,0.004463994305115193,-0.0006626400592116026
"rwa","LEO500",73,"RWA_LEO500_B30_H1_L1_S052",46,0.029654311733378277,0.025488908795396916,-0.025346218944405724
"rwa","LEO500",73,"RWA_LEO500_B30_H1_L2_S054",46,0.012615244545719863,0.010045379253468762,0.007422390822118717
"rwa","LEO500",73,"RWA_LEO500_B30_H1_L2_S055",28,0.024722073477615243,0.023704977636225522,0.023704977636225522
"rwa","LEO500",73,"RWA_LEO500_B30_H1_L2_S056",26,0.014537559503519877,0.012715153840298839,-0.011975506306267703
"rwa","LEO500",73,"RWA_LEO500_B30_H1_L3_S057",6,0.006726492159548237,0.00546479355543852,-0.005181008763611318
"rwa","LEO500",73,"RWA_LEO500_B30_H1_L3_S060",6,0.002668301850358926,0.001926997924844424,-0.0013066757470369332
"rwa","LEO500",73,"RWA_LEO500_B30_H2_L1_S061",17,0.013800826432186308,0.010911133558051112,0.010911133558051112
"rwa","LEO500",73,"RWA_LEO500_B30_H2_L1_S062",39,0.026208689190401164,0.023818217437618826,-0.023207427188754088
"rwa","LEO500",73,"RWA_LEO500_B30_H2_L1_S063",29,0.03386237285905319,0.0320235484889869,0.0320235484889869
"rwa","LEO500",73,"RWA_LEO500_B30_H2_L2_S065",26,0.016369736779324594,0.015850726443414506,0.015850726443414506
"rwa","LEO500",73,"RWA_LEO500_B30_H2_L2_S066",10,0.024021884503491527,0.023733542412519456,0.023733542412519456
"rwa","LEO500",73,"RWA_LEO500_B30_H2_L2_S067",33,0.010658151536842016,0.00842217503849304,-0.0034796229930538114
"rwa","LEO500",73,"RWA_LEO500_B30_H2_L2_S068",25,0.019498964253100104,0.017704342365264893,-0.017265160799026485
"rwa","LEO500",73,"RWA_LEO500_B30_H2_L3_S072",2,0.011019420398314203,0.010978683456778528,0.010978683456778528
"rwa","LEO500",73,"RWA_LEO500_B60_H0_L1_S073",49,0.017102497076367476,0.01321791660952933,-0.01292255522721276
"rwa","LEO500",73,"RWA_LEO500_B60_H0_L1_S074",71,0.0054241784842310094,0.003859294274113544,-0.0005510475696392436
"rwa","LEO500",73,"RWA_LEO500_B60_H0_L1_S076",49,0.022237511659797697,0.016440338770649873,0.016197924490789977
"rwa","LEO500",73,"RWA_LEO500_B60_H0_L2_S077",45,0.019233382947050827,0.015652198216153514,-0.015636469676262803
"rwa","LEO500",73,"RWA_LEO500_B60_H0_L2_S078",47,0.0166816142940103,0.012714972878073124,0.012312616162160608
"rwa","LEO500",73,"RWA_LEO500_B60_H0_L2_S079",78,0.020814784938808648,0.014127349181888769,-0.014043824349004677
"rwa","LEO500",73,"RWA_LEO500_B60_H0_L2_S080",33,0.013338885640721596,0.010701808827280095,0.010497604759240694
"rwa","LEO500",73,"RWA_LEO500_B60_H0_L3_S082",11,0.007854306129732305,0.007023860480297695,-0.006244831904768944
"rwa","LEO500",73,"RWA_LEO500_B60_H0_L3_S083",3,0.006515325409931635,0.005370431890090306,0.005370431890090306
"rwa","LEO500",73,"RWA_LEO500_B60_H0_L3_S084",4,0.012144597444409261,0.012001070473343135,0.012001070473343135
"rwa","LEO500",73,"RWA_LEO500_B60_H1_L1_S086",40,0.02408603573087668,0.021392136223148554,-0.020993189618457107
"rwa","LEO500",73,"RWA_LEO500_B60_H1_L1_S087",62,0.023806379383056773,0.01807399175520386,-0.01807399175520386
"rwa","LEO500",73,"RWA_LEO500_B60_H1_L1_S088",39,0.02378347104893215,0.0199607263916196,0.01904864022269463
"rwa","LEO500",73,"RWA_LEO500_B60_H1_L2_S089",25,0.02084169392753533,0.018902353078126908,-0.018737566858530046
"rwa","LEO500",73,"RWA_LEO500_B60_H1_L2_S090",34,0.015120946665829764,0.013316694164977353,0.01309866949039347
"rwa","LEO500",73,"RWA_LEO500_B60_H1_L2_S092",59,0.04088518175079157,0.03148040456965692,-0.03148040456965692
"rwa","LEO500",73,"RWA_LEO500_B60_H1_L3_S093",6,0.011114274647033209,0.0098980826480935,-0.0098980826480935
"rwa","LEO500",73,"RWA_LEO500_B60_H2_L1_S098",21,0.023940031811433858,0.023335800692439086,0.023335800692439086
"rwa","LEO500",73,"RWA_LEO500_B60_H2_L1_S099",20,0.008564278368065933,0.007533535435795782,-0.003197572454810141
"rwa","LEO500",73,"RWA_LEO500_B60_H2_L1_S100",13,0.004521057099753403,0.0033732318534300883,0.0015309267892287327
"rwa","LEO500",73,"RWA_LEO500_B60_H2_L2_S101",18,0.03317967995585366,0.032726354400316876,0.032726354400316876
"rwa","LEO500",73,"RWA_LEO500_B60_H2_L2_S102",30,0.023718730422140226,0.02178597099458178,-0.02052889032289386
"rwa","LEO500",73,"RWA_LEO500_B60_H2_L2_S103",16,0.013331287641513595,0.012399564206134528,-0.012399564206134528
"rwa","LEO500",73,"RWA_LEO500_B60_H2_L2_S104",41,0.01120699554139391,0.01006874414842303,-0.007705854188378262
"rwa","LEO500",73,"RWA_LEO500_B60_H2_L3_S107",1,0.01397219505161047,0.01397219505161047,0.01397219505161047
"rwa","LEO550",17,"RWA_LEO550_B00_H0_L1_S109",50,0.027638658152847363,0.02217714028060436,-0.021868183448910714
"rwa","LEO550",17,"RWA_LEO550_B00_H0_L1_S110",39,0.017373112755519497,0.014476816174693595,0.01391591690480709
"rwa","LEO550",17,"RWA_LEO550_B00_H0_L1_S111",31,0.011975753475690193,0.01009572982307403,0.009892419533383457
"rwa","LEO550",17,"RWA_LEO550_B00_H0_L1_S112",72,0.007290557915442052,0.005592069953369601,-0.004801724010354117
"rwa","LEO550",17,"RWA_LEO550_B00_H0_L2_S113",33,0.020169570355155896,0.018367480918426406,0.01708441544041941
"rwa","LEO550",17,"RWA_LEO550_B00_H0_L2_S114",39,0.015335643310204561,0.013445095268961711,-0.011859651893759383
"rwa","LEO550",17,"RWA_LEO550_B00_H0_L2_S115",53,0.024655398019868813,0.01956127054005299,-0.019519894513881433
"rwa","LEO550",17,"RWA_LEO550_B00_H0_L3_S118",6,0.0026910853222709644,0.0022709918518861124,0.0022709918518861124
"rwa","LEO550",17,"RWA_LEO550_B00_H0_L3_S119",7,0.003433360124675798,0.0024248871952295306,0.0023008103349379137
"rwa","LEO550",17,"RWA_LEO550_B00_H0_L3_S120",7,0.009340599792284056,0.008721993224961418,0.008721993224961418
"rwa","LEO550",17,"RWA_LEO550_B00_H1_L1_S121",45,0.008807224089278953,0.006671275233642921,0.0034614771625234037
"rwa","LEO550",17,"RWA_LEO550_B00_H1_L1_S122",47,0.034378161065482284,0.029158457091197052,-0.029058543109196297
"rwa","LEO550",17,"RWA_LEO550_B00_H1_L1_S123",24,0.01614056925386235,0.013646948911870524,-0.013008226873353129
"rwa","LEO550",17,"RWA_LEO550_B00_H1_L1_S124",31,0.01611713333238221,0.014728339148625254,0.014053869908375127
"rwa","LEO550",17,"RWA_LEO550_B00_H1_L2_S125",49,0.0349145329855948,0.028986582547730327,-0.028853924275965104
"rwa","LEO550",17,"RWA_LEO550_B00_H1_L2_S126",49,0.01931343879971627,0.014782246019767254,0.011027701275081056
"rwa","LEO550",17,"RWA_LEO550_B00_H1_L2_S127",31,0.01855251330176801,0.017146258885341305,0.01695294910140576
"rwa","LEO550",17,"RWA_LEO550_B00_H1_L3_S129",6,0.004155758411168193,0.002914695317546527,-0.0013265894105037046
"rwa","LEO550",17,"RWA_LEO550_B00_H1_L3_S130",7,0.00758727608994314,0.006636038715285915,0.006636038715285915
"rwa","LEO550",17,"RWA_LEO550_B00_H2_L1_S133",23,0.021518320972528617,0.020572663147164428,0.020572663147164428
"rwa","LEO550",17,"RWA_LEO550_B00_H2_L1_S134",31,0.010261233347211008,0.0076283510534032725,0.0015307389800586987
"rwa","LEO550",17,"RWA_LEO550_B00_H2_L1_S135",12,0.014908864928827967,0.014763410668820141,0.014763410668820141
"rwa","LEO550",17,"RWA_LEO550_B00_H2_L2_S137",38,0.01344232836968023,0.012032084765010758,-0.008812683301144522
"rwa","LEO550",17,"RWA_LEO550_B00_H2_L2_S138",14,0.008823810033717919,0.006901163448180471,0.006896426581910678
"rwa","LEO550",17,"RWA_LEO550_B00_H2_L2_S139",19,0.00783362847498524,0.006983568519353865,-0.003747966218935816
"rwa","LEO550",17,"RWA_LEO550_B00_H2_L3_S142",1,0.02180330902338028,0.02180330902338028,0.02180330902338028
"rwa","LEO550",17,"RWA_LEO550_B30_H0_L1_S145",49,0.03534947873076483,0.029116832295774803,-0.029116832295774803
"rwa","LEO550",17,"RWA_LEO550_B30_H0_L1_S146",71,0.013310262652203187,0.010103272840800417,0.005698006038724538
"rwa","LEO550",17,"RWA_LEO550_B30_H0_L1_S147",35,0.007487623663231991,0.005726099301661766,-0.0009751999910388696
"rwa","LEO550",17,"RWA_LEO550_B30_H0_L1_S148",36,0.025526262107242768,0.022319325804710386,0.02230787906381819
"rwa","LEO550",17,"RWA_LEO550_B30_H0_L2_S149",76,0.01760084387036015,0.011496438235534649,-0.01137145488326879
"rwa","LEO550",17,"RWA_LEO550_B30_H0_L2_S150",51,0.034878660821130544,0.028206228472146336,-0.028107628438110446
"rwa","LEO550",17,"RWA_LEO550_B30_H0_L2_S151",47,0.02564279571240293,0.0196856346060621,0.018267161240603062
"rwa","LEO550",17,"RWA_LEO550_B30_H0_L3_S153",22,0.0476961340752638,0.04191507671705702,-0.0401130220937458
"rwa","LEO550",17,"RWA_LEO550_B30_H0_L3_S154",6,0.006346777615825813,0.005351836699992418,-0.005351836699992418
"rwa","LEO550",17,"RWA_LEO550_B30_H0_L3_S155",6,0.0036676284726483866,0.0033826466028889016,0.0033826466028889016
"rwa","LEO550",17,"RWA_LEO550_B30_H0_L3_S156",6,0.002964289558524756,0.002218379856397708,-0.00048483880236744833
"rwa","LEO550",17,"RWA_LEO550_B30_H1_L1_S158",46,0.013777949032398004,0.010681024420520532,0.008639232069253922
"rwa","LEO550",17,"RWA_LEO550_B30_H1_L1_S159",31,0.020601093912955733,0.01906716646927019,0.0188124715921379
"rwa","LEO550",17,"RWA_LEO550_B30_H1_L1_S160",51,0.01975429483671954,0.015609884594895823,-0.014854081314257986
"rwa","LEO550",17,"RWA_LEO550_B30_H1_L2_S161",49,0.028444329857134104,0.02295593281029439,-0.022633738640923894
"rwa","LEO550",17,"RWA_LEO550_B30_H1_L2_S162",47,0.012835546283391492,0.009250412548476078,0.005797630120465094
"rwa","LEO550",17,"RWA_LEO550_B30_H1_L2_S163",34,0.011328907530406588,0.009279274250216345,0.008545205183327199
"rwa","LEO550",17,"RWA_LEO550_B30_H1_L2_S164",22,0.011027440020888634,0.00958343126218427,-0.0023615077984603977
"rwa","LEO550",17,"RWA_LEO550_B30_H1_L3_S165",7,0.008602767331343172,0.007950677483209542,0.007950677483209542
"rwa","LEO550",17,"RWA_LEO550_B30_H1_L3_S166",2,0.01962802873336381,0.019491288252174853,0.019491288252174853
"rwa","LEO550",17,"RWA_LEO550_B30_H1_L3_S168",6,0.005033191515300505,0.004154724969218174,-0.004154724969218174
"rwa","LEO550",17,"RWA_LEO550_B30_H2_L1_S169",19,0.008249069672618046,0.007097031685866809,-0.002556481682940536
"rwa","LEO550",17,"RWA_LEO550_B30_H2_L1_S170",34,0.024925554233551847,0.022939494471339618,-0.021793253325364168
"rwa","LEO550",17,"RWA_LEO550_B30_H2_L1_S171",34,0.01286332383266637,0.011052075543386095,0.007871908289106456
"rwa","LEO550",17,"RWA_LEO550_B30_H2_L2_S174",25,0.026754502339795722,0.02390232899412513,-0.023198999140411614
"rwa","LEO550",17,"RWA_LEO550_B30_H2_L2_S175",22,0.025451172261140576,0.024858335151591082,0.024858335151591082
"rwa","LEO550",17,"RWA_LEO550_B30_H2_L2_S176",9,0.012606118067614263,0.011974265716142124,0.011974265716142124
"rwa","LEO550",17,"RWA_LEO550_B30_H2_L3_S179",4,0.010697979254805784,0.010278773866593838,0.010278773866593838
"rwa","LEO550",17,"RWA_LEO550_B30_H2_L3_S180",3,0.012155448792283233,0.011348355716715256,0.011348355716715256
"rwa","LEO550",17,"RWA_LEO550_B60_H0_L1_S181",66,0.006468921303943621,0.00489525009849758,0.001082114203635486
"rwa","LEO550",17,"RWA_LEO550_B60_H0_L1_S183",42,0.015010517811177322,0.011918770078392255,0.011758545413613318
"rwa","LEO550",17,"RWA_LEO550_B60_H0_L1_S184",31,0.012351276501462595,0.009528358857477862,0.008884206077744884
"rwa","LEO550",17,"RWA_LEO550_B60_H0_L2_S186",35,0.024599640877448252,0.02158254618091243,0.021421447428209443
"rwa","LEO550",17,"RWA_LEO550_B60_H0_L2_S187",75,0.01713940675952487,0.012740519714852176,0.0069750676477948826
"rwa","LEO550",17,"RWA_LEO550_B60_H0_L2_S188",38,0.0087641493313677,0.007000829975463845,-0.005314809564304982
"rwa","LEO550",17,"RWA_LEO550_B60_H0_L3_S189",11,0.003627814703103629,0.0029810690744356675,0.0009227472950111737
"rwa","LEO550",17,"RWA_LEO550_B60_H0_L3_S190",5,0.0036710865315183285,0.0033380180969834333,0.0008302992954850195
"rwa","LEO550",17,"RWA_LEO550_B60_H0_L3_S191",6,0.002220813385810451,0.002102967662115892,0.0009327754999200501
"rwa","LEO550",17,"RWA_LEO550_B60_H0_L3_S192",6,0.0020685338029108875,0.0018797439212600395,0.0017684242998560272
"rwa","LEO550",17,"RWA_LEO550_B60_H1_L1_S193",58,0.01325536081889274,0.009297524702510445,-0.009098166636801488
"rwa","LEO550",17,"RWA_LEO550_B60_H1_L1_S194",33,0.0281209176194749,0.02614771816315073,-0.02594795351227125
"rwa","LEO550",17,"RWA_LEO550_B60_H1_L1_S196",36,0.034547787225262534,0.029808954635841982,0.02961290105142527
"rwa","LEO550",17,"RWA_LEO550_B60_H1_L2_S198",53,0.013310326910161735,0.010800445015665216,-0.009200404564199861
"rwa","LEO550",17,"RWA_LEO550_B60_H1_L2_S199",37,0.01885835056997871,0.01649604096908022,0.015412594775694451
"rwa","LEO550",17,"RWA_LEO550_B60_H1_L2_S200",27,0.010662760813941328,0.009081911669043756,0.008047070396477703
"rwa","LEO550",17,"RWA_LEO550_B60_H1_L3_S201",6,0.007402218712988897,0.006826348726948103,0.006826348726948103
"rwa","LEO550",17,"RWA_LEO550_B60_H2_L1_S205",14,0.010472876102073465,0.00941120484577758,0.00941120484577758
"rwa","LEO550",17,"RWA_LEO550_B60_H2_L1_S206",23,0.026766063636793482,0.024378534584589627,0.024378534584589627
"rwa","LEO550",17,"RWA_LEO550_B60_H2_L1_S207",42,0.009936403935192411,0.008342403572584901,-0.0076390662629689495
"rwa","LEO550",17,"RWA_LEO550_B60_H2_L2_S210",23,0.03315368187821251,0.03278598762724711,0.03278598762724711
"rwa","LEO550",17,"RWA_LEO550_B60_H2_L2_S211",14,0.00644240850427428,0.005130122814859665,0.004554879665374757
"rwa","LEO550",17,"RWA_LEO550_B60_H2_L2_S212",26,0.01864532359911108,0.017263793171598363,-0.0156438177308211
"rwa","LEO550",17,"RWA_LEO550_B60_H2_L3_S214",3,0.014057240484630706,0.013752469917138419,0.013752469917138419
"rwa","LEO550",42,"RWA_LEO550_B00_H0_L1_S109",50,0.027638654814290713,0.02217714624106884,-0.021868190422654154
"rwa","LEO550",42,"RWA_LEO550_B00_H0_L1_S110",39,0.017373208459948584,0.014476898016455842,0.013915999357899028
"rwa","LEO550",42,"RWA_LEO550_B00_H0_L1_S111",31,0.011975769329511388,0.010095741455593414,0.009892431165902842
"rwa","LEO550",42,"RWA_LEO550_B00_H0_L1_S112",72,0.007290416537389401,0.005591958256748817,-0.004801599978883234
"rwa","LEO550",42,"RWA_LEO550_B00_H0_L2_S113",33,0.020169780046654585,0.01836768429669918,0.017084628933419783
"rwa","LEO550",42,"RWA_LEO550_B00_H0_L2_S114",39,0.015335644987283625,0.01344508583155962,-0.011859644825259844
"rwa","LEO550",42,"RWA_LEO550_B00_H0_L2_S115",53,0.02465513433671892,0.019561054487273383,-0.01951967649302393
"rwa","LEO550",42,"RWA_LEO550_B00_H0_L3_S118",6,0.0026910592662783422,0.0022709640363852185,0.0022709640363852185
"rwa","LEO550",42,"RWA_LEO550_B00_H0_L3_S119",7,0.003433340723193107,0.0024248635662453516,0.0023007790424994065
"rwa","LEO550",42,"RWA_LEO550_B00_H0_L3_S120",7,0.009340588182070357,0.008721979601042613,0.008721979601042613
"rwa","LEO550",42,"RWA_LEO550_B00_H1_L1_S121",45,0.008807264458167026,0.0066713362952901265,0.003461549350370964
"rwa","LEO550",42,"RWA_LEO550_B00_H1_L1_S122",47,0.03437808961378645,0.029158394855070623,-0.02905847985852272
"rwa","LEO550",42,"RWA_LEO550_B00_H1_L1_S123",24,0.016140494131822832,0.013646883067364496,-0.013008157738174002
"rwa","LEO550",42,"RWA_LEO550_B00_H1_L1_S124",31,0.016117119551393385,0.014728329342699822,0.014053867793371602
"rwa","LEO550",42,"RWA_LEO550_B00_H1_L2_S125",49,0.03491454752225887,0.028986573378954612,-0.028853913860357537
"rwa","LEO550",42,"RWA_LEO550_B00_H1_L2_S126",49,0.019313556122348897,0.014782341873767426,0.011027796155944165
"rwa","LEO550",42,"RWA_LEO550_B00_H1_L2_S127",31,0.018552561175480226,0.017146302819732697,0.016952993035797146
"rwa","LEO550",42,"RWA_LEO550_B00_H1_L3_S129",6,0.004155770855794607,0.002914700036247572,-0.0013266015797853466
"rwa","LEO550",42,"RWA_LEO550_B00_H1_L3_S130",7,0.007587255830195616,0.006636012106069497,0.006636012106069497
"rwa","LEO550",42,"RWA_LEO550_B00_H2_L1_S133",23,0.021518282756444112,0.02057263502932113,0.02057263502932113
"rwa","LEO550",42,"RWA_LEO550_B00_H2_L1_S134",31,0.010261197739894411,0.007628272125317208,0.0015306058309731928
"rwa","LEO550",42,"RWA_LEO550_B00_H2_L1_S135",12,0.014908816796754746,0.01476336174334089,0.01476336174334089
"rwa","LEO550",42,"RWA_LEO550_B00_H2_L2_S137",38,0.013442347405016606,0.012032105430568518,-0.008812726789007064
"rwa","LEO550",42,"RWA_LEO550_B00_H2_L2_S138",14,0.008823833474817829,0.006901194527745245,0.006896473839879035
"rwa","LEO550",42,"RWA_LEO550_B00_H2_L2_S139",19,0.007833585516815395,0.00698351714956133,-0.003747889752450742
"rwa","LEO550",42,"RWA_LEO550_B00_H2_L3_S142",1,0.021803306043148042,0.021803306043148042,0.021803306043148042
"rwa","LEO550",42,"RWA_LEO550_B30_H0_L1_S145",49,0.03534941789854618,0.02911678202336236,-0.02911678202336236
"rwa","LEO550",42,"RWA_LEO550_B30_H0_L1_S146",71,0.013310271481466896,0.010103277709912244,0.005698017623852677
"rwa","LEO550",42,"RWA_LEO550_B30_H0_L1_S147",35,0.0074876002552905704,0.0057260916807821815,-0.0009751202485391081
"rwa","LEO550",42,"RWA_LEO550_B30_H0_L1_S148",36,0.025526303594996802,0.022319364299376806,0.022307916896210776
"rwa","LEO550",42,"RWA_LEO550_B30_H0_L2_S149",76,0.017600803531532233,0.011496395833398171,-0.011371413167369998
"rwa","LEO550",42,"RWA_LEO550_B30_H0_L2_S150",51,0.03487852063815265,0.028206113090409962,-0.028107509199602934
"rwa","LEO550",42,"RWA_LEO550_B30_H0_L2_S151",47,0.025642940006089306,0.019685730544176508,0.018267298775150417
"rwa","LEO550",42,"RWA_LEO550_B30_H0_L3_S153",22,0.04769613260649364,0.04191506682810458,-0.04011300109665503
"rwa","LEO550",42,"RWA_LEO550_B30_H0_L3_S154",6,0.006346795956269465,0.005351857841014863,-0.005351857841014863
"rwa","LEO550",42,"RWA_LEO550_B30_H0_L3_S155",6,0.0036676269388311606,0.003382643250127633,0.003382643250127633
"rwa","LEO550",42,"RWA_LEO550_B30_H0_L3_S156",6,0.0029642977655614886,0.0022183768140772975,-0.0004848617129027835
"rwa","LEO550",42,"RWA_LEO550_B30_H1_L1_S158",46,0.013777919447087344,0.010681011722139687,0.008639227663693223
"rwa","LEO550",42,"RWA_LEO550_B30_H1_L1_S159",31,0.020601031978165832,0.019067106576215843,0.018812414775452316
"rwa","LEO550",42,"RWA_LEO550_B30_H1_L1_S160",51,0.019754353918628474,0.01560992896237283,-0.0148541278146463
"rwa","LEO550",42,"RWA_LEO550_B30_H1_L2_S161",49,0.028444218723039552,0.022955850808292017,-0.02263365350663662
"rwa","LEO550",42,"RWA_LEO550_B30_H1_L2_S162",47,0.01283566263882381,0.009250532265039201,0.005797794477102605
"rwa","LEO550",42,"RWA_LEO550_B30_H1_L2_S163",34,0.011328897386977926,0.009279256807092361,0.008545186337740986
"rwa","LEO550",42,"RWA_LEO550_B30_H1_L2_S164",22,0.011027416300963282,0.009583418596197258,-0.0023614408109675768
"rwa","LEO550",42,"RWA_LEO550_B30_H1_L3_S165",7,0.008602753996711008,0.007950661304805961,0.007950661304805961
"rwa","LEO550",42,"RWA_LEO550_B30_H1_L3_S166",2,0.019628014287183665,0.01949127335101366,0.01949127335101366
"rwa","LEO550",42,"RWA_LEO550_B30_H1_L3_S168",6,0.0050332032877365,0.004154741515715916,-0.004154741515715916
"rwa","LEO550",42,"RWA_LEO550_B30_H2_L1_S169",19,0.008249062926074304,0.007097022980451585,-0.002556494780276953
"rwa","LEO550",42,"RWA_LEO550_B30_H2_L1_S170",34,0.024925588146630182,0.022939521337256713,-0.021793276246856244
"rwa","LEO550",42,"RWA_LEO550_B30_H2_L1_S171",34,0.012863208487263205,0.01105195799952044,0.007871782330467422
"rwa","LEO550",42,"RWA_LEO550_B30_H2_L2_S174",25,0.026754582864403586,0.023902398522943256,-0.023199062768369916
"rwa","LEO550",42,"RWA_LEO550_B30_H2_L2_S175",22,0.025451084003274133,0.024858248182995753,0.024858248182995753
"rwa","LEO550",42,"RWA_LEO550_B30_H2_L2_S176",9,0.012606169956786343,0.011974320684870081,0.011974320684870081
"rwa","LEO550",42,"RWA_LEO550_B30_H2_L3_S179",4,0.010697963466704602,0.010278756357729436,0.010278756357729436
"rwa","LEO550",42,"RWA_LEO550_B30_H2_L3_S180",3,0.012155449600150348,0.011348357206831375,0.011348357206831375
"rwa","LEO550",42,"RWA_LEO550_B60_H0_L1_S181",66,0.006468915718575929,0.004895248292296219,0.0010821089656515568
"rwa","LEO550",42,"RWA_LEO550_B60_H0_L1_S183",42,0.015010595664073693,0.01191884068151315,0.011758616584397495
"rwa","LEO550",42,"RWA_LEO550_B60_H0_L1_S184",31,0.012351296177841184,0.009528371932045105,0.008884226843234031
"rwa","LEO550",42,"RWA_LEO550_B60_H0_L2_S186",35,0.024599702717762652,0.0215825978666544,0.021421501157539234
"rwa","LEO550",42,"RWA_LEO550_B60_H0_L2_S187",75,0.017139513004074323,0.012740595492223903,0.006975144060949486
"rwa","LEO550",42,"RWA_LEO550_B60_H0_L2_S188",38,0.008764190533564501,0.007000873698607873,-0.005314878933131698
"rwa","LEO550",42,"RWA_LEO550_B60_H0_L3_S189",11,0.0036278111892024283,0.0029810803180391142,0.0009227411990815932
"rwa","LEO550",42,"RWA_LEO550_B60_H0_L3_S190",5,0.003671074371143247,0.003338004834949971,0.0008302836492657664
"rwa","LEO550",42,"RWA_LEO550_B60_H0_L3_S191",6,0.002220811838136575,0.002102969028055669,0.0009327659383416177
"rwa","LEO550",42,"RWA_LEO550_B60_H0_L3_S192",6,0.0020685128564945873,0.00187972541898489,0.0017684018239378936
"rwa","LEO550",42,"RWA_LEO550_B60_H1_L1_S193",58,0.01325525606502786,0.009297455174463063,-0.009098093935834436
"rwa","LEO550",42,"RWA_LEO550_B60_H1_L1_S194",33,0.02812076743833968,0.026147580733804993,-0.02594781481858456
"rwa","LEO550",42,"RWA_LEO550_B60_H1_L1_S196",36,0.03454784448980947,0.029809006872690384,0.02961295328827368
"rwa","LEO550",42,"RWA_LEO550_B60_H1_L2_S198",53,0.013310064044109511,0.010800236989831869,-0.009200147898727149
"rwa","LEO550",42,"RWA_LEO550_B60_H1_L2_S199",37,0.018858317186330048,0.016496022926593152,0.01541256384571662
"rwa","LEO550",42,"RWA_LEO550_B60_H1_L2_S200",27,0.010662793792196298,0.009081945003493243,0.008047141039019658
"rwa","LEO550",42,"RWA_LEO550_B60_H1_L3_S201",6,0.0074022158671456315,0.006826345746715865,0.006826345746715865
"rwa","LEO550",42,"RWA_LEO550_B60_H2_L1_S205",14,0.010472829545658195,0.00941114885998624,0.00941114885998624
"rwa","LEO550",42,"RWA_LEO550_B60_H2_L1_S206",23,0.026766001610272545,0.024378451008511624,0.024378451008511624
"rwa","LEO550",42,"RWA_LEO550_B60_H2_L1_S207",42,0.009936500214278674,0.008342493085988934,-0.007639155279667608
"rwa","LEO550",42,"RWA_LEO550_B60_H2_L2_S210",23,0.033153831464823924,0.03278614182187164,0.03278614182187164
"rwa","LEO550",42,"RWA_LEO550_B60_H2_L2_S211",14,0.0064423960486794715,0.00513010865875653,0.004554845286267146
"rwa","LEO550",42,"RWA_LEO550_B60_H2_L2_S212",26,0.018645303326566404,0.017263778041188536,-0.015643797556941327
"rwa","LEO550",42,"RWA_LEO550_B60_H2_L3_S214",3,0.014057223123264373,0.013752452532450358,0.013752452532450358
"rwa","LEO550",73,"RWA_LEO550_B00_H0_L1_S109",50,0.027638594903385015,0.02217709143459797,-0.021868128702044486
"rwa","LEO550",73,"RWA_LEO550_B00_H0_L1_S110",39,0.01737329966850872,0.014476975426077843,0.013916079824169479
"rwa","LEO550",73,"RWA_LEO550_B00_H0_L1_S111",31,0.01197581456154821,0.010095796061138954,0.009892487309632762
"rwa","LEO550",73,"RWA_LEO550_B00_H0_L1_S112",72,0.007290275897559578,0.0055918495817523905,-0.004801465847736435
"rwa","LEO550",73,"RWA_LEO550_B00_H0_L2_S113",33,0.020169774245476745,0.018367686193210612,0.01708463588729501
"rwa","LEO550",73,"RWA_LEO550_B00_H0_L2_S114",39,0.015335621781410607,0.013445064091147523,-0.01185961605455631
"rwa","LEO550",73,"RWA_LEO550_B00_H0_L2_S115",53,0.02465515302360711,0.01956106362477789,-0.019519686923836765
"rwa","LEO550",73,"RWA_LEO550_B00_H0_L3_S118",6,0.002691041182712496,0.0022709469000498452,0.0022709469000498452
"rwa","LEO550",73,"RWA_LEO550_B00_H0_L3_S119",7,0.0034333339265544536,0.0024248552641698297,0.0023007656314543326
"rwa","LEO550",73,"RWA_LEO550_B00_H0_L3_S120",7,0.0093405765547723,0.008721964699881419,0.008721964699881419
"rwa","LEO550",73,"RWA_LEO550_B00_H1_L1_S121",45,0.008807309996667545,0.006671368084434006,0.0034615832587911012
"rwa","LEO550",73,"RWA_LEO550_B00_H1_L1_S122",47,0.03437784307437854,0.029158183940230533,-0.029058266851179144
"rwa","LEO550",73,"RWA_LEO550_B00_H1_L1_S123",24,0.016140432176925526,0.013646816726153097,-0.013008081400766971
"rwa","LEO550",73,"RWA_LEO550_B00_H1_L1_S124",31,0.016117362419767297,0.014728571318330308,0.014054120536292753
"rwa","LEO550",73,"RWA_LEO550_B00_H1_L2_S125",49,0.034914419038944544,0.028986465315125425,-0.028853805553244082
"rwa","LEO550",73,"RWA_LEO550_B00_H1_L2_S126",49,0.019313531471238498,0.014782324904689982,0.011027793783922586
"rwa","LEO550",73,"RWA_LEO550_B00_H1_L2_S127",31,0.018552700497392844,0.017146443563603588,0.01695313454876023
"rwa","LEO550",73,"RWA_LEO550_B00_H1_L3_S129",6,0.004155783690784659,0.0029147094736496604,-0.0013266100237766902
"rwa","LEO550",73,"RWA_LEO550_B00_H1_L3_S130",7,0.007587251003141231,0.006636011680322035,0.006636011680322035
"rwa","LEO550",73,"RWA_LEO550_B00_H2_L1_S133",23,0.021518358524421112,0.020572705129566403,0.020572705129566403
"rwa","LEO550",73,"RWA_LEO550_B00_H2_L1_S134",31,0.010261227884319985,0.007628339228610842,0.0015307444598405562
"rwa","LEO550",73,"RWA_LEO550_B00_H2_L1_S135",12,0.0149089606964596,0.01476351075495283,0.01476351075495283
"rwa","LEO550",73,"RWA_LEO550_B00_H2_L2_S137",38,0.013442377534702833,0.012032136448511954,-0.00881275772852333
"rwa","LEO550",73,"RWA_LEO550_B00_H2_L2_S138",14,0.008823780799925776,0.0069011043757200245,0.0068963504795517255
"rwa","LEO550",73,"RWA_LEO550_B00_H2_L2_S139",19,0.007833584943412956,0.006983516678998346,-0.003747890536722384
"rwa","LEO550",73,"RWA_LEO550_B00_H2_L3_S142",1,0.02180329114198685,0.02180329114198685,0.02180329114198685
"rwa","LEO550",73,"RWA_LEO550_B30_H0_L1_S145",49,0.03534921503354834,0.029116616059778905,-0.029116616059778905
"rwa","LEO550",73,"RWA_LEO550_B30_H0_L1_S146",71,0.013310422605873713,0.010103375302024287,0.005698119581375326
"rwa","LEO550",73,"RWA_LEO550_B30_H0_L1_S147",35,0.007487587209499771,0.005726077971713884,-0.0009750399525676463
"rwa","LEO550",73,"RWA_LEO550_B30_H0_L1_S148",36,0.02552633512516855,0.02231939277715153,0.022307946036259334
"rwa","LEO550",73,"RWA_LEO550_B30_H0_L2_S149",76,0.01760076451106878,0.011496363023884206,-0.011371378534424468
"rwa","LEO550",73,"RWA_LEO550_B30_H0_L2_S150",51,0.03487848478833319,0.028206080337073287,-0.028107476767663862
"rwa","LEO550",73,"RWA_LEO550_B30_H0_L2_S151",47,0.02564283429113348,0.019685636444928798,0.018267209748638435
"rwa","LEO550",73,"RWA_LEO550_B30_H0_L3_S153",22,0.047696144172612295,0.04191507664932447,-0.040113012543456124
"rwa","LEO550",73,"RWA_LEO550_B30_H0_L3_S154",6,0.006346809209411803,0.005351868458092213,-0.005351868458092213
"rwa","LEO550",73,"RWA_LEO550_B30_H0_L3_S155",6,0.003667603845653725,0.0033826149379213646,0.0033826149379213646
"rwa","LEO550",73,"RWA_LEO550_B30_H0_L3_S156",6,0.002964309714170437,0.002218385444333156,-0.00048487195745110446
"rwa","LEO550",73,"RWA_LEO550_B30_H1_L1_S158",46,0.013777981767914758,0.010681050789097077,0.008639264139144318
"rwa","LEO550",73,"RWA_LEO550_B30_H1_L1_S159",31,0.0206012436953944,0.01906731048178289,0.01881262021920374
"rwa","LEO550",73,"RWA_LEO550_B30_H1_L1_S160",51,0.01975432205762384,0.01560989889708877,-0.014854084951894397
"rwa","LEO550",73,"RWA_LEO550_B30_H1_L2_S161",49,0.028444225263316004,0.02295584171554264,-0.022633642771718455
"rwa","LEO550",73,"RWA_LEO550_B30_H1_L2_S162",47,0.01283567506796568,0.009250521612294178,0.005797780273442574
"rwa","LEO550",73,"RWA_LEO550_B30_H1_L2_S163",34,0.01132893024488402,0.009279292394571448,0.00854521912029561
"rwa","LEO550",73,"RWA_LEO550_B30_H1_L2_S164",22,0.01102739358865851,0.009583417377011344,-0.0023612881417978903
"rwa","LEO550",73,"RWA_LEO550_B30_H1_L3_S165",7,0.00860274220446342,0.007950646190771035,0.007950646190771035
"rwa","LEO550",73,"RWA_LEO550_B30_H1_L3_S166",2,0.01962798469248308,0.01949124354869127,0.01949124354869127
"rwa","LEO550",73,"RWA_LEO550_B30_H1_L3_S168",6,0.005033210947884489,0.004154748935252428,-0.004154748935252428
"rwa","LEO550",73,"RWA_LEO550_B30_H2_L1_S169",19,0.008249025595640863,0.007096989570479645,-0.002556445998580833
"rwa","LEO550",73,"RWA_LEO550_B30_H2_L1_S170",34,0.024925486062352092,0.022939418343936698,-0.02179316965972676
"rwa","LEO550",73,"RWA_LEO550_B30_H2_L1_S171",34,0.01286313453861375,0.011051849484005396,0.007871656284174501
"rwa","LEO550",73,"RWA_LEO550_B30_H2_L2_S174",25,0.0267545956324136,0.023902410473674536,-0.023199076924473046
"rwa","LEO550",73,"RWA_LEO550_B30_H2_L2_S175",22,0.025450987170637353,0.024858156066726554,0.024858156066726554
"rwa","LEO550",73,"RWA_LEO550_B30_H2_L2_S176",9,0.012606157905493505,0.01197430363131894,0.01197430363131894
"rwa","LEO550",73,"RWA_LEO550_B30_H2_L3_S179",4,0.010697960315025554,0.010278750397264958,0.010278750397264958
"rwa","LEO550",73,"RWA_LEO550_B30_H2_L3_S180",3,0.012155444359474809,0.011348350749661526,0.011348350749661526
"rwa","LEO550",73,"RWA_LEO550_B60_H0_L1_S181",66,0.006468896452209558,0.004895241180378381,0.0010820935452074672
"rwa","LEO550",73,"RWA_LEO550_B60_H0_L1_S183",42,0.015010743701909607,0.011918965993183,0.011758743031393914
"rwa","LEO550",73,"RWA_LEO550_B60_H0_L1_S184",31,0.012351400940334642,0.009528475663354317,0.008884373259159825
"rwa","LEO550",73,"RWA_LEO550_B60_H0_L2_S186",35,0.024599724050278333,0.021582622134259773,0.021421526106340547
"rwa","LEO550",73,"RWA_LEO550_B60_H0_L2_S187",75,0.01713945267506745,0.012740556947886946,0.006975101384023824
"rwa","LEO550",73,"RWA_LEO550_B60_H0_L2_S188",38,0.008764237520009285,0.007000883894139216,-0.00531488426617886
"rwa","LEO550",73,"RWA_LEO550_B60_H0_L3_S189",11,0.003627801885747137,0.0029810750349001467,0.0009227250787344836
"rwa","LEO550",73,"RWA_LEO550_B60_H0_L3_S190",5,0.0036710755366715017,0.0033380075171589854,0.0008302624896168711
"rwa","LEO550",73,"RWA_LEO550_B60_H0_L3_S191",6,0.0022208155045881314,0.002102974864343802,0.0009327350184321405
"rwa","LEO550",73,"RWA_LEO550_B60_H0_L3_S192",6,0.0020684914841306136,0.001879709772765637,0.0017683712765574466
"rwa","LEO550",73,"RWA_LEO550_B60_H1_L1_S193",58,0.013255153531961389,0.009297378793166115,-0.009098005890525108
"rwa","LEO550",73,"RWA_LEO550_B60_H1_L1_S194",33,0.028120785515680292,0.026147592722466504,-0.02594782463980444
"rwa","LEO550",73,"RWA_LEO550_B60_H1_L1_S196",36,0.03454781598347107,0.02980898112679521,0.029612928204652333
"rwa","LEO550",73,"RWA_LEO550_B60_H1_L2_S198",53,0.013310091761107375,0.010800256726841597,-0.00920016876035282
"rwa","LEO550",73,"RWA_LEO550_B60_H1_L2_S199",37,0.018858509976479865,0.016496185228429938,0.015412744190040474
"rwa","LEO550",73,"RWA_LEO550_B60_H1_L2_S200",27,0.010662768660588138,0.009081921492772246,0.008047096997809908
"rwa","LEO550",73,"RWA_LEO550_B60_H1_L3_S201",6,0.0074021950655995235,0.00682631569604079,0.00682631569604079
"rwa","LEO550",73,"RWA_LEO550_B60_H2_L1_S205",14,0.010472803801968762,0.009411121399274894,0.009411121399274894
"rwa","LEO550",73,"RWA_LEO550_B60_H2_L1_S206",23,0.026766176452922646,0.02437869564670584,0.02437869564670584
"rwa","LEO550",73,"RWA_LEO550_B60_H2_L1_S207",42,0.009936274001403485,0.008342285764714082,-0.00763891755292813
"rwa","LEO550",73,"RWA_LEO550_B60_H2_L2_S210",23,0.03315369237815412,0.032786006286092434,0.032786006286092434
"rwa","LEO550",73,"RWA_LEO550_B60_H2_L2_S211",14,0.006442341435519909,0.005130042561462949,0.00455477365425655
"rwa","LEO550",73,"RWA_LEO550_B60_H2_L2_S212",26,0.018645219511548725,0.017263703191509615,-0.01564372843847825
"rwa","LEO550",73,"RWA_LEO550_B60_H2_L3_S214",3,0.01405719828445118,0.013752426703770956,0.013752426703770956
"rwa","LEO700",17,"RWA_LEO700_B00_H0_L1_S217",56,0.011387929950588889,0.00873246163661991,-0.008582631897713458
"rwa","LEO700",17,"RWA_LEO700_B00_H0_L1_S218",55,0.028683588880190337,0.022177767597816207,-0.021952364383773373
"rwa","LEO700",17,"RWA_LEO700_B00_H0_L1_S219",33,0.007276063003238566,0.005754036910719041,0.0022720294722327707
"rwa","LEO700",17,"RWA_LEO700_B00_H0_L1_S220",34,0.030237242628898407,0.027005706152276078,0.026934248597963766
"rwa","LEO700",17,"RWA_LEO700_B00_H0_L2_S221",35,0.012118411111313558,0.010017530396580699,-0.007985914275050165
"rwa","LEO700",17,"RWA_LEO700_B00_H0_L2_S223",27,0.024484311473618695,0.023699608431370173,0.023699608431370173
"rwa","LEO700",17,"RWA_LEO700_B00_H0_L2_S224",57,0.031694316148223385,0.0249883013336282,-0.0249883013336282
"rwa","LEO700",17,"RWA_LEO700_B00_H0_L3_S225",6,0.00848439060335325,0.008075168790916602,-0.008075168790916602
"rwa","LEO700",17,"RWA_LEO700_B00_H0_L3_S227",6,0.007844715499295715,0.0075167087217171994,-0.0075167087217171994
"rwa","LEO700",17,"RWA_LEO700_B00_H0_L3_S228",11,0.008654654963888838,0.007523052326657556,0.007523052326657556
"rwa","LEO700",17,"RWA_LEO700_B00_H1_L1_S229",46,0.01705250326852074,0.013851606192284913,0.011846327128106448
"rwa","LEO700",17,"RWA_LEO700_B00_H1_L1_S230",30,0.026117148894007486,0.02490421901146571,0.02490421901146571
"rwa","LEO700",17,"RWA_LEO700_B00_H1_L1_S232",52,0.02538868115275477,0.020792604307420196,-0.020299934984695237
"rwa","LEO700",17,"RWA_LEO700_B00_H1_L2_S233",25,0.009110607045546969,0.008070363018661738,0.0011027879454195493
"rwa","LEO700",17,"RWA_LEO700_B00_H1_L2_S234",23,0.03450873982347482,0.034175349820567205,0.034175349820567205
"rwa","LEO700",17,"RWA_LEO700_B00_H1_L2_S235",43,0.02866340978998601,0.025106631093766808,-0.023550541131475634
"rwa","LEO700",17,"RWA_LEO700_B00_H1_L3_S237",1,0.021498318016529086,0.021498318016529086,0.021498318016529086
"rwa","LEO700",17,"RWA_LEO700_B00_H1_L3_S238",7,0.005622425289260568,0.005397509623851096,-0.005397509623851096
"rwa","LEO700",17,"RWA_LEO700_B00_H1_L3_S240",6,0.006885037869583159,0.006448878658314546,-0.006448878658314546
"rwa","LEO700",17,"RWA_LEO700_B00_H2_L1_S241",13,0.02479053224163553,0.024303377247773685,0.024303377247773685
"rwa","LEO700",17,"RWA_LEO700_B00_H2_L1_S242",16,0.02748312263049142,0.027245323499664666,0.027245323499664666
"rwa","LEO700",17,"RWA_LEO700_B00_H2_L1_S243",34,0.015448135718150615,0.013790653043371792,-0.010309019323219273
"rwa","LEO700",17,"RWA_LEO700_B00_H2_L1_S244",32,0.03687945322412834,0.033319022093201055,0.0325844589213375
"rwa","LEO700",17,"RWA_LEO700_B00_H2_L2_S245",27,0.015448425146682132,0.013974588888662836,-0.012570524988351048
"rwa","LEO700",17,"RWA_LEO700_B00_H2_L2_S246",8,0.027114698754245575,0.027099344227463008,0.027099344227463008
"rwa","LEO700",17,"RWA_LEO700_B00_H2_L2_S247",20,0.0417777633772209,0.041675614230334765,0.041675614230334765
"rwa","LEO700",17,"RWA_LEO700_B00_H2_L2_S248",37,0.02119436822382117,0.018216934558507557,0.01507542246096843
"rwa","LEO700",17,"RWA_LEO700_B00_H2_L3_S250",2,0.01716582449784146,0.016834480222314596,0.016834480222314596
"rwa","LEO700",17,"RWA_LEO700_B30_H0_L1_S253",68,0.01739334468236833,0.012496213751899849,-0.012153312646071703
"rwa","LEO700",17,"RWA_LEO700_B30_H0_L1_S254",32,0.008746742401232053,0.006878037611022594,0.006246963376179338
"rwa","LEO700",17,"RWA_LEO700_B30_H0_L1_S255",48,0.02608765543304712,0.01984804391395301,0.019475971356344716
"rwa","LEO700",17,"RWA_LEO700_B30_H0_L1_S256",50,0.029493672510400398,0.023698904171586033,-0.02354269929230213
"rwa","LEO700",17,"RWA_LEO700_B30_H0_L2_S257",25,0.01697783491234393,0.012388208866119384,0.011923829317092894
"rwa","LEO700",17,"RWA_LEO700_B30_H0_L2_S258",49,0.018306387310572037,0.014945980180435034,-0.01422209471692236
"rwa","LEO700",17,"RWA_LEO700_B30_H0_L2_S259",57,0.01937440598624751,0.013743467370799761,0.01209229908295368
"rwa","LEO700",17,"RWA_LEO700_B30_H0_L2_S260",58,0.013177888011638007,0.010787224747112084,-0.010289967390869197
"rwa","LEO700",17,"RWA_LEO700_B30_H0_L3_S261",7,0.002926928158695738,0.002633969326104437,0.002633969326104437
"rwa","LEO700",17,"RWA_LEO700_B30_H0_L3_S262",6,0.0016465820965625814,0.0012718655789891872,-0.0008600858971476551
"rwa","LEO700",17,"RWA_LEO700_B30_H1_L1_S266",25,0.027584294963222376,0.026803958557546147,0.026803958557546147
"rwa","LEO700",17,"RWA_LEO700_B30_H1_L1_S267",39,0.027608955105051465,0.024799070258935296,-0.024590129004074986
"rwa","LEO700",17,"RWA_LEO700_B30_H1_L1_S268",53,0.0065406008773064885,0.004614991779034992,0.0004155503550790406
"rwa","LEO700",17,"RWA_LEO700_B30_H1_L2_S270",47,0.018554778969169322,0.015077543769903636,0.012004574820240761
"rwa","LEO700",17,"RWA_LEO700_B30_H1_L2_S271",32,0.015352644028202567,0.013842051204119347,-0.0121088021362084
"rwa","LEO700",17,"RWA_LEO700_B30_H1_L2_S272",21,0.03124049354337941,0.0304380106429259,0.0304380106429259
"rwa","LEO700",17,"RWA_LEO700_B30_H1_L3_S273",6,0.011753052100719051,0.01067317935327689,-0.01067317935327689
"rwa","LEO700",17,"RWA_LEO700_B30_H1_L3_S274",2,0.018070802821063853,0.01776212467812002,0.01776212467812002
"rwa","LEO700",17,"RWA_LEO700_B30_H1_L3_S276",11,0.013448264369601368,0.012701919488608842,-0.012701919488608842
"rwa","LEO700",17,"RWA_LEO700_B30_H2_L1_S278",24,0.04265694067645615,0.042367971440156305,0.042367971440156305
"rwa","LEO700",17,"RWA_LEO700_B30_H2_L1_S279",11,0.015895540504183483,0.015412022173404694,0.015412022173404694
"rwa","LEO700",17,"RWA_LEO700_B30_H2_L1_S280",22,0.006608425170285007,0.005111132308163428,0.0024420317093079747
"rwa","LEO700",17,"RWA_LEO700_B30_H2_L2_S281",27,0.009873295926973578,0.008671652567055493,-0.00562003347332831
"rwa","LEO700",17,"RWA_LEO700_B30_H2_L2_S282",14,0.007383987216622565,0.006857442217213766,-0.004537165803568701
"rwa","LEO700",17,"RWA_LEO700_B30_H2_L2_S283",17,0.03624303568104333,0.03600480714265038,0.03600480714265038
"rwa","LEO700",17,"RWA_LEO700_B30_H2_L2_S284",33,0.01738933179248829,0.015120676363056359,0.012738503402832786
"rwa","LEO700",17,"RWA_LEO700_B30_H2_L3_S287",3,0.007321508832737505,0.005863442396124204,0.005732083693146706
"rwa","LEO700",17,"RWA_LEO700_B60_H0_L1_S289",51,0.02611845570162523,0.020790629881415886,-0.020608325678782142
"rwa","LEO700",17,"RWA_LEO700_B60_H0_L1_S290",42,0.011186827018264123,0.009477982600184901,-0.008036757472360654
"rwa","LEO700",17,"RWA_LEO700_B60_H0_L1_S292",66,0.0055033676005182405,0.0035677191829591053,-3.3152199378515844e-05
"rwa","LEO700",17,"RWA_LEO700_B60_H0_L2_S293",59,0.023359135073403075,0.016189836786460073,0.015083111885745648
"rwa","LEO700",17,"RWA_LEO700_B60_H0_L2_S294",56,0.0147463393217736,0.011546725297479759,-0.010813784017227589
"rwa","LEO700",17,"RWA_LEO700_B60_H0_L2_S295",34,0.016276524890249035,0.014535378678427899,0.013594869274974747
"rwa","LEO700",17,"RWA_LEO700_B60_H0_L2_S296",40,0.008060426635945927,0.0064921074919402615,-0.003341086972504857
"rwa","LEO700",17,"RWA_LEO700_B60_H0_L3_S297",6,0.0007541982942653577,0.0005920874575773885,0.00011228794852892465
"rwa","LEO700",17,"RWA_LEO700_B60_H0_L3_S298",11,0.020644267320689004,0.020110273733735085,0.020110273733735085
"rwa","LEO700",17,"RWA_LEO700_B60_H1_L1_S301",51,0.013999827751201042,0.010828897756451341,0.008854254778456307
"rwa","LEO700",17,"RWA_LEO700_B60_H1_L1_S302",24,0.01898695450735861,0.017878505168361397,0.017878505168361397
"rwa","LEO700",17,"RWA_LEO700_B60_H1_L1_S303",43,0.026700996476739795,0.02364797649341961,-0.023286338167828186
"rwa","LEO700",17,"RWA_LEO700_B60_H1_L1_S304",30,0.013226573345341905,0.011148891821503637,-0.009206231857339542
"rwa","LEO700",17,"RWA_LEO700_B60_H1_L2_S305",22,0.017989677642312407,0.016923518021675674,0.016923518021675674
"rwa","LEO700",17,"RWA_LEO700_B60_H1_L2_S306",46,0.012027632823197226,0.010165549798504165,0.005130044192723604
"rwa","LEO700",17,"RWA_LEO700_B60_H1_L2_S307",39,0.018645430848424585,0.01728791747337733,-0.015822212436260325
"rwa","LEO700",17,"RWA_LEO700_B60_H1_L2_S308",36,0.03290857542447477,0.02853788965278202,0.026184600260522634
"rwa","LEO700",17,"RWA_LEO700_B60_H1_L3_S309",2,0.009763988091366008,0.009482382982969285,0.009482382982969285
"rwa","LEO700",17,"RWA_LEO700_B60_H1_L3_S310",6,0.0036923448904288866,0.002925194054841995,-0.0028286501765251155
"rwa","LEO700",17,"RWA_LEO700_B60_H1_L3_S311",6,0.00901438770594627,0.008353766550620397,-0.008353766550620397
"rwa","LEO700",17,"RWA_LEO700_B60_H2_L1_S313",22,0.014807421297986218,0.013264328800141816,-0.009742764163423668
"rwa","LEO700",17,"RWA_LEO700_B60_H2_L1_S314",33,0.01610335705711909,0.014566910108833602,0.008536107093095779
"rwa","LEO700",17,"RWA_LEO700_B60_H2_L1_S316",18,0.037005021239193636,0.03663957992361652,0.03663957992361652
"rwa","LEO700",17,"RWA_LEO700_B60_H2_L2_S317",14,0.016068277855067682,0.014716214181057046,0.014716214181057046
"rwa","LEO700",17,"RWA_LEO700_B60_H2_L2_S318",41,0.020779094273552453,0.019109942632295738,0.010643264501378305
"rwa","LEO700",17,"RWA_LEO700_B60_H2_L2_S319",21,0.04135086947049543,0.040818173660054094,0.040818173660054094
"rwa","LEO700",17,"RWA_LEO700_B60_H2_L2_S320",21,0.016034281073580122,0.014542377261178832,-0.010681272706105596
"rwa","LEO700",17,"RWA_LEO700_B60_H2_L3_S321",6,0.010702693123300574,0.009495448282298943,-0.009495448282298943
"rwa","LEO700",42,"RWA_LEO700_B00_H0_L1_S217",56,0.011387866832457837,0.00873240526499493,-0.008582576590457133
"rwa","LEO700",42,"RWA_LEO700_B00_H0_L1_S218",55,0.02868369828195167,0.022177846628156576,-0.021952444226904344
"rwa","LEO700",42,"RWA_LEO700_B00_H0_L1_S219",33,0.00727602143994683,0.0057540238157592054,0.0022718213075263944
"rwa","LEO700",42,"RWA_LEO700_B00_H0_L1_S220",34,0.030237228708489754,0.027005693968385456,0.02693423360914868
"rwa","LEO700",42,"RWA_LEO700_B00_H0_L2_S221",35,0.012118442498300144,0.010017560454351565,-0.007985947994249211
"rwa","LEO700",42,"RWA_LEO700_B00_H0_L2_S223",27,0.024484307730167725,0.02369960346431644,0.02369960346431644
"rwa","LEO700",42,"RWA_LEO700_B00_H0_L2_S224",57,0.03169431426804501,0.024988297209666485,-0.024988297209666485
"rwa","LEO700",42,"RWA_LEO700_B00_H0_L3_S225",6,0.008484416667573678,0.008075191701451937,-0.008075191701451937
"rwa","LEO700",42,"RWA_LEO700_B00_H0_L3_S227",6,0.007844730503647975,0.007516722194850445,-0.007516722194850445
"rwa","LEO700",42,"RWA_LEO700_B00_H0_L3_S228",11,0.008654635583441983,0.007523027468811383,0.007523027468811383
"rwa","LEO700",42,"RWA_LEO700_B00_H1_L1_S229",46,0.017052472685350702,0.013851582544789971,0.011846315919841723
"rwa","LEO700",42,"RWA_LEO700_B00_H1_L1_S230",30,0.02611690560846381,0.02490399181842804,0.02490399181842804
"rwa","LEO700",42,"RWA_LEO700_B00_H1_L1_S232",52,0.02538872697305481,0.020792650730268532,-0.020299980777109834
"rwa","LEO700",42,"RWA_LEO700_B00_H1_L2_S233",25,0.009110666774053172,0.008070420835167168,0.0011027945019304742
"rwa","LEO700",42,"RWA_LEO700_B00_H1_L2_S234",23,0.034508731359248736,0.03417534191647302,0.03417534191647302
"rwa","LEO700",42,"RWA_LEO700_B00_H1_L2_S235",43,0.02866339486478323,0.02510662010849215,-0.023550532017509607
"rwa","LEO700",42,"RWA_LEO700_B00_H1_L3_S237",1,0.021498273313045504,0.021498273313045504,0.021498273313045504
"rwa","LEO700",42,"RWA_LEO700_B00_H1_L3_S238",7,0.005622432169977186,0.005397515770580086,-0.005397515770580086
"rwa","LEO700",42,"RWA_LEO700_B00_H1_L3_S240",6,0.006885065147894679,0.006448901630938054,-0.006448901630938054
"rwa","LEO700",42,"RWA_LEO700_B00_H2_L1_S241",13,0.02479049154550888,0.024303333232036005,0.024303333232036005
"rwa","LEO700",42,"RWA_LEO700_B00_H2_L1_S242",16,0.027483084491102382,0.027245287550613284,0.027245287550613284
"rwa","LEO700",42,"RWA_LEO700_B00_H2_L1_S243",34,0.015448178738876618,0.013790703181396512,-0.010309086466098533
"rwa","LEO700",42,"RWA_LEO700_B00_H2_L1_S244",32,0.036879390107321434,0.03331897236057557,0.03258440918871201
"rwa","LEO700",42,"RWA_LEO700_B00_H2_L2_S245",27,0.01544832407447936,0.013974502406738422,-0.012570429896866837
"rwa","LEO700",42,"RWA_LEO700_B00_H2_L2_S246",8,0.027114703445834862,0.027099349070340395,0.027099349070340395
"rwa","LEO700",42,"RWA_LEO700_B00_H2_L2_S247",20,0.04177764880819119,0.04167550187557936,0.04167550187557936
"rwa","LEO700",42,"RWA_LEO700_B00_H2_L2_S248",37,0.021194404113144247,0.018216970562934868,0.015075474574759202
"rwa","LEO700",42,"RWA_LEO700_B00_H2_L3_S250",2,0.0171657938026398,0.01683444669470191,0.01683444669470191
"rwa","LEO700",42,"RWA_LEO700_B30_H0_L1_S253",68,0.01739342102007289,0.012496263900881308,-0.012153363430543863
"rwa","LEO700",42,"RWA_LEO700_B30_H0_L1_S254",32,0.008746668541266534,0.0068779738154262325,0.00624686940573156
"rwa","LEO700",42,"RWA_LEO700_B30_H0_L1_S255",48,0.02608774404998459,0.019848110782913868,0.019476037728600206
"rwa","LEO700",42,"RWA_LEO700_B30_H0_L1_S256",50,0.02949350229997255,0.023698765784502033,-0.023542557954788212
"rwa","LEO700",42,"RWA_LEO700_B30_H0_L2_S257",25,0.016977889295934512,0.01238824361562729,0.011923857867717743
"rwa","LEO700",42,"RWA_LEO700_B30_H0_L2_S258",49,0.018306251123392823,0.014945882562623948,-0.014221996430079547
"rwa","LEO700",42,"RWA_LEO700_B30_H0_L2_S259",57,0.019374416192067284,0.013743483683649907,0.012092303684013981
"rwa","LEO700",42,"RWA_LEO700_B30_H0_L2_S260",58,0.013177917033064234,0.010787245608737757,-0.01028999010229419
"rwa","LEO700",42,"RWA_LEO700_B30_H0_L3_S261",7,0.0029269208939773327,0.002633960172533991,0.002633960172533991
"rwa","LEO700",42,"RWA_LEO700_B30_H0_L3_S262",6,0.0016466101876420965,0.0012718953813115757,-0.0008601221566398939
"rwa","LEO700",42,"RWA_LEO700_B30_H1_L1_S266",25,0.027584227320833318,0.02680388774722815,0.02680388774722815
"rwa","LEO700",42,"RWA_LEO700_B30_H1_L1_S267",39,0.027609019988841167,0.02479912875554501,-0.024590187997390066
"rwa","LEO700",42,"RWA_LEO700_B30_H1_L1_S268",53,0.006540619853709155,0.004615008760735673,0.00041555249184932285
"rwa","LEO700",42,"RWA_LEO700_B30_H1_L2_S270",47,0.018554962683802117,0.015077681748315377,0.012004718885935368
"rwa","LEO700",42,"RWA_LEO700_B30_H1_L2_S271",32,0.015352670126213091,0.013842065453354736,-0.012108808003540616
"rwa","LEO700",42,"RWA_LEO700_B30_H1_L2_S272",21,0.03124058282660135,0.030438093521765304,0.030438093521765304
"rwa","LEO700",42,"RWA_LEO700_B30_H1_L3_S273",6,0.011753074306728423,0.01067319791764021,-0.01067319791764021
"rwa","LEO700",42,"RWA_LEO700_B30_H1_L3_S274",2,0.018070781948103253,0.01776210232637823,0.01776210232637823
"rwa","LEO700",42,"RWA_LEO700_B30_H1_L3_S276",11,0.01344827035884189,0.012701931968331337,-0.012701931968331337
"rwa","LEO700",42,"RWA_LEO700_B30_H2_L1_S278",24,0.04265686418688667,0.042367896934350335,0.042367896934350335
"rwa","LEO700",42,"RWA_LEO700_B30_H2_L1_S279",11,0.015895399947352562,0.015411875600164588,0.015411875600164588
"rwa","LEO700",42,"RWA_LEO700_B30_H2_L1_S280",22,0.006608420274305201,0.0051111320372332235,0.0024420241232622755
"rwa","LEO700",42,"RWA_LEO700_B30_H2_L2_S281",27,0.009873272397064625,0.008671628449250159,-0.005620006375290734
"rwa","LEO700",42,"RWA_LEO700_B30_H2_L2_S282",14,0.007384042241703139,0.00685749767082078,-0.00453722806913512
"rwa","LEO700",42,"RWA_LEO700_B30_H2_L2_S283",17,0.03624299551274436,0.03600476699716905,0.03600476699716905
"rwa","LEO700",42,"RWA_LEO700_B30_H2_L2_S284",33,0.017389287410620163,0.015120629582441213,0.01273845300981493
"rwa","LEO700",42,"RWA_LEO700_B30_H2_L3_S287",3,0.0073214911845157675,0.005863440409302712,0.00573205587764581
"rwa","LEO700",42,"RWA_LEO700_B60_H0_L1_S289",51,0.02611852844433253,0.0207906858045973,-0.02060838350113116
"rwa","LEO700",42,"RWA_LEO700_B60_H0_L1_S290",42,0.011186897601533505,0.00947804255961923,-0.008036814309646919
"rwa","LEO700",42,"RWA_LEO700_B60_H0_L1_S292",66,0.005503333797826818,0.003567681162420543,-3.3259939289450535e-05
"rwa","LEO700",42,"RWA_LEO700_B60_H0_L2_S293",59,0.023359082372296672,0.016189803953393034,0.015083075415785031
"rwa","LEO700",42,"RWA_LEO700_B60_H0_L2_S294",56,0.01474640046887731,0.01154677319406931,-0.010813835160141547
"rwa","LEO700",42,"RWA_LEO700_B60_H0_L2_S295",34,0.016276490650654465,0.014535352732876646,0.013594839122036802
"rwa","LEO700",42,"RWA_LEO700_B60_H0_L2_S296",40,0.008060400797017052,0.00649208286777139,-0.003341020401567224
"rwa","LEO700",42,"RWA_LEO700_B60_H0_L3_S297",6,0.0007541965183857972,0.0005920870850483585,0.00011226770778496962
"rwa","LEO700",42,"RWA_LEO700_B60_H0_L3_S298",11,0.02064426129257902,0.020110263167457152,0.020110263167457152
"rwa","LEO700",42,"RWA_LEO700_B60_H1_L1_S301",51,0.013999734621433458,0.010828825763390197,0.008854186525294445
"rwa","LEO700",42,"RWA_LEO700_B60_H1_L1_S302",24,0.018986807933886327,0.01787834522923125,0.01787834522923125
"rwa","LEO700",42,"RWA_LEO700_B60_H1_L1_S303",43,0.026701202171470092,0.023648148584504463,-0.023286513862914818
"rwa","LEO700",42,"RWA_LEO700_B60_H1_L1_S304",30,0.013226455342690789,0.011148759350180622,-0.0092060998827219
"rwa","LEO700",42,"RWA_LEO700_B60_H1_L2_S305",22,0.017989708908244032,0.01692354904318398,0.01692354904318398
"rwa","LEO700",42,"RWA_LEO700_B60_H1_L2_S306",46,0.012027638929534757,0.010165568133411199,0.0051300402406765045
"rwa","LEO700",42,"RWA_LEO700_B60_H1_L2_S307",39,0.018645395488411088,0.01728789699383271,-0.01582219654168838
"rwa","LEO700",42,"RWA_LEO700_B60_H1_L2_S308",36,0.032908679996135594,0.028537977404064607,0.026184684700436067
"rwa","LEO700",42,"RWA_LEO700_B60_H1_L3_S309",2,0.009763953334067361,0.009482345730066299,0.009482345730066299
"rwa","LEO700",42,"RWA_LEO700_B60_H1_L3_S310",6,0.0036923523731411307,0.0029252027471860253,-0.0028286571304003394
"rwa","LEO700",42,"RWA_LEO700_B60_H1_L3_S311",6,0.009014405479802654,0.008353781948486965,-0.008353781948486965
"rwa","LEO700",42,"RWA_LEO700_B60_H2_L1_S313",22,0.014807488213732796,0.013264382715252316,-0.009742830812253736
"rwa","LEO700",42,"RWA_LEO700_B60_H2_L1_S314",33,0.01610332001961733,0.014566880125891081,0.00853610528689442
"rwa","LEO700",42,"RWA_LEO700_B60_H2_L1_S316",18,0.0370050033573372,0.03663956237336,0.03663956237336
"rwa","LEO700",42,"RWA_LEO700_B60_H2_L2_S317",14,0.01606819815102405,0.01471612754144839,0.01471612754144839
"rwa","LEO700",42,"RWA_LEO700_B60_H2_L2_S318",41,0.020779266294262227,0.019110056244563765,0.010643546751177893
"rwa","LEO700",42,"RWA_LEO700_B60_H2_L2_S319",21,0.04135090191133682,0.040818218505453495,0.040818218505453495
"rwa","LEO700",42,"RWA_LEO700_B60_H2_L2_S320",21,0.016034215685841825,0.014542318791860622,-0.010681221900241712
"rwa","LEO700",42,"RWA_LEO700_B60_H2_L3_S321",6,0.010702711549142502,0.00949546388971309,-0.00949546388971309
"rwa","LEO700",73,"RWA_LEO700_B00_H0_L1_S217",56,0.011387891291009767,0.008732425607740879,-0.008582595283431667
"rwa","LEO700",73,"RWA_LEO700_B00_H0_L1_S218",55,0.028683727394208568,0.022177875847979027,-0.021952474124052313
"rwa","LEO700",73,"RWA_LEO700_B00_H0_L1_S219",33,0.007275973573950134,0.005753987195026694,0.002271639287584658
"rwa","LEO700",73,"RWA_LEO700_B00_H0_L1_S220",34,0.03023703422461297,0.02700552549761008,0.02693406794329777
"rwa","LEO700",73,"RWA_LEO700_B00_H0_L2_S221",35,0.012118424285619836,0.010017555089933534,-0.007985939649598943
"rwa","LEO700",73,"RWA_LEO700_B00_H0_L2_S223",27,0.024484294591194302,0.023699597393472997,0.023699597393472997
"rwa","LEO700",73,"RWA_LEO700_B00_H0_L2_S224",57,0.03169430386675067,0.024988290615249105,-0.024988290615249105
"rwa","LEO700",73,"RWA_LEO700_B00_H0_L3_S225",6,0.008484404224805281,0.008075179283817608,-0.008075179283817608
"rwa","LEO700",73,"RWA_LEO700_B00_H0_L3_S227",6,0.007844722119029462,0.007516713067889214,-0.007516713067889214
"rwa","LEO700",73,"RWA_LEO700_B00_H0_L3_S228",11,0.008654649787033038,0.007523036206310446,0.007523036206310446
"rwa","LEO700",73,"RWA_LEO700_B00_H1_L1_S229",46,0.0170524619700566,0.013851571206949935,0.011846296807482799
"rwa","LEO700",73,"RWA_LEO700_B00_H1_L1_S230",30,0.02611671232549973,0.024903800586859388,0.024903800586859388
"rwa","LEO700",73,"RWA_LEO700_B00_H1_L1_S232",52,0.025388779653747078,0.02079269222427124,-0.020300026684148743
"rwa","LEO700",73,"RWA_LEO700_B00_H1_L2_S233",25,0.00911063745909475,0.008070386860519646,0.0011027264334261405
"rwa","LEO700",73,"RWA_LEO700_B00_H1_L2_S234",23,0.0345087159809996,0.03417533180959847,0.03417533180959847
"rwa","LEO700",73,"RWA_LEO700_B00_H1_L2_S235",43,0.028663390080543437,0.025106614217335402,-0.023550519056964748
"rwa","LEO700",73,"RWA_LEO700_B00_H1_L3_S237",1,0.02149828374385834,0.02149828374385834,0.02149828374385834
"rwa","LEO700",73,"RWA_LEO700_B00_H1_L3_S238",7,0.005622419144019877,0.00539750371660505,-0.00539750371660505
"rwa","LEO700",73,"RWA_LEO700_B00_H1_L3_S240",6,0.00688505215180473,0.006448888592422008,-0.006448888592422008
"rwa","LEO700",73,"RWA_LEO700_B00_H2_L1_S241",13,0.02479036633282357,0.024303208291530612,0.024303208291530612
"rwa","LEO700",73,"RWA_LEO700_B00_H2_L1_S242",16,0.027483032305920103,0.027245235210284588,0.027245235210284588
"rwa","LEO700",73,"RWA_LEO700_B00_H2_L1_S243",34,0.01544839259528519,0.013790900446474554,-0.010309296265682753
"rwa","LEO700",73,"RWA_LEO700_B00_H2_L1_S244",32,0.03687929370933202,0.03331887047388592,0.03258429389097728
"rwa","LEO700",73,"RWA_LEO700_B00_H2_L2_S245",27,0.01544834990971936,0.013974520895216202,-0.012570450261787132
"rwa","LEO700",73,"RWA_LEO700_B00_H2_L2_S246",8,0.027114717381603485,0.02709936248138547,0.02709936248138547
"rwa","LEO700",73,"RWA_LEO700_B00_H2_L2_S247",20,0.0417776254570068,0.041675475947558875,0.041675475947558875
"rwa","LEO700",73,"RWA_LEO700_B00_H2_L2_S248",37,0.021194459551382175,0.018217004714785393,0.015075499705366188
"rwa","LEO700",73,"RWA_LEO700_B00_H2_L3_S250",2,0.01716582040061885,0.01683447426185012,0.01683447426185012
"rwa","LEO700",73,"RWA_LEO700_B30_H0_L1_S253",68,0.017393413409949404,0.012496264854117353,-0.01215336431803949
"rwa","LEO700",73,"RWA_LEO700_B30_H0_L1_S254",32,0.00874658288219699,0.0068779103923589015,0.006246785121038557
"rwa","LEO700",73,"RWA_LEO700_B30_H0_L1_S255",48,0.026087694860714616,0.019848070673954984,0.01947599414270371
"rwa","LEO700",73,"RWA_LEO700_B30_H0_L1_S256",50,0.029493703717793206,0.023698925405740742,-0.023542719274759292
"rwa","LEO700",73,"RWA_LEO700_B30_H0_L2_S257",25,0.01697782468865908,0.012388202905654908,0.011923821449279786
"rwa","LEO700",73,"RWA_LEO700_B30_H0_L2_S258",49,0.018306252004985903,0.014945880190602372,-0.014221989618120144
"rwa","LEO700",73,"RWA_LEO700_B30_H0_L2_S259",57,0.019374436391845586,0.013743493251763939,0.01209231701663189
"rwa","LEO700",73,"RWA_LEO700_B30_H0_L2_S260",58,0.013177887778345665,0.010787223822212423,-0.010289963639887241
"rwa","LEO700",73,"RWA_LEO700_B30_H0_L3_S261",7,0.0029269261615371277,0.0026339647493192142,0.0026339647493192142
"rwa","LEO700",73,"RWA_LEO700_B30_H0_L3_S262",6,0.001646597054619688,0.0012718824669718748,-0.0008601102357109395
"rwa","LEO700",73,"RWA_LEO700_B30_H1_L1_S266",25,0.0275840523536724,0.026803717754781253,0.026803717754781253
"rwa","LEO700",73,"RWA_LEO700_B30_H1_L1_S267",39,0.027609073762487026,0.024799182074956412,-0.024590240896512305
"rwa","LEO700",73,"RWA_LEO700_B30_H1_L1_S268",53,0.00654061913384133,0.004615008704504877,0.00041557290362861937
"rwa","LEO700",73,"RWA_LEO700_B30_H1_L2_S270",47,0.018554932135714672,0.015077654355542463,0.012004699102266038
"rwa","LEO700",73,"RWA_LEO700_B30_H1_L2_S271",32,0.015352737332564339,0.013842137304891368,-0.012108881252061112
"rwa","LEO700",73,"RWA_LEO700_B30_H1_L2_S272",21,0.03124049670196504,0.03043801646147456,0.03043801646147456
"rwa","LEO700",73,"RWA_LEO700_B30_H1_L3_S273",6,0.011753056735583751,0.010673180222511292,-0.010673180222511292
"rwa","LEO700",73,"RWA_LEO700_B30_H1_L3_S274",2,0.01807079393964709,0.017762114247307184,0.017762114247307184
"rwa","LEO700",73,"RWA_LEO700_B30_H1_L3_S276",11,0.013448281401319977,0.012701939131048594,-0.012701939131048594
"rwa","LEO700",73,"RWA_LEO700_B30_H2_L1_S278",24,0.04265662115871981,0.04236764684319496,0.04236764684319496
"rwa","LEO700",73,"RWA_LEO700_B30_H2_L1_S279",11,0.015895421983319048,0.015411896190860058,0.015411896190860058
"rwa","LEO700",73,"RWA_LEO700_B30_H2_L1_S280",22,0.006608386390102164,0.0051110905849120845,0.002441913312809034
"rwa","LEO700",73,"RWA_LEO700_B30_H2_L2_S281",27,0.009873287364076276,0.008671646109885644,-0.005620007479080451
"rwa","LEO700",73,"RWA_LEO700_B30_H2_L2_S282",14,0.007384013704154342,0.006857467974935259,-0.004537188155310494
"rwa","LEO700",73,"RWA_LEO700_B30_H2_L2_S283",17,0.036242935948723264,0.03600471089867985,0.03600471089867985
"rwa","LEO700",73,"RWA_LEO700_B30_H2_L2_S284",33,0.017389329447095075,0.015120638884378203,0.012738452919504864
"rwa","LEO700",73,"RWA_LEO700_B30_H2_L3_S287",3,0.007321514370865977,0.005863449846704801,0.005732085183262824
"rwa","LEO700",73,"RWA_LEO700_B60_H0_L1_S289",51,0.026118546256432687,0.020790698119968764,-0.020608394735437983
"rwa","LEO700",73,"RWA_LEO700_B60_H0_L1_S290",42,0.011187037606064447,0.009478195296521467,-0.00803698003184677
"rwa","LEO700",73,"RWA_LEO700_B60_H0_L1_S292",66,0.005503331101015,0.0035676765340295668,-3.3287506437659226e-05
"rwa","LEO700",73,"RWA_LEO700_B60_H0_L2_S293",59,0.023359085094652714,0.016189801781359366,0.015083073243751364
"rwa","LEO700",73,"RWA_LEO700_B60_H0_L2_S294",56,0.01474640785716964,0.011546778782004758,-0.010813837288878858
"rwa","LEO700",73,"RWA_LEO700_B60_H0_L2_S295",34,0.01627643867671295,0.014535297072656893,0.013594785565510394
"rwa","LEO700",73,"RWA_LEO700_B60_H0_L2_S296",40,0.008060384844802627,0.00649206453934312,-0.0033409977518022082
"rwa","LEO700",73,"RWA_LEO700_B60_H0_L3_S297",6,0.0007542029301648266,0.000592094038923583,0.0001122642308473568
"rwa","LEO700",73,"RWA_LEO700_B60_H0_L3_S298",11,0.02064426770831457,0.020110274004665293,0.020110274004665293
"rwa","LEO700",73,"RWA_LEO700_B60_H1_L1_S301",51,0.013999639641221782,0.01082875657525352,0.008854106117459926
"rwa","LEO700",73,"RWA_LEO700_B60_H1_L1_S302",24,0.018986612267113342,0.017878132515155205,0.017878132515155205
"rwa","LEO700",73,"RWA_LEO700_B60_H1_L1_S303",43,0.026701388024427043,0.023648307004640268,-0.023286674327628556
"rwa","LEO700",73,"RWA_LEO700_B60_H1_L1_S304",30,0.013226646071471504,0.011148968860507008,-0.009206344361106554
"rwa","LEO700",73,"RWA_LEO700_B60_H1_L2_S305",22,0.01798964273142951,0.016923489303074104,0.016923489303074104
"rwa","LEO700",73,"RWA_LEO700_B60_H1_L2_S306",46,0.012027611153031111,0.010165526993248773,0.005129992362597713
"rwa","LEO700",73,"RWA_LEO700_B60_H1_L2_S307",39,0.018645380849545406,0.017287877354866425,-0.01582217506873302
"rwa","LEO700",73,"RWA_LEO700_B60_H1_L2_S308",36,0.03290861818215956,0.028537928644153814,0.026184638589620595
"rwa","LEO700",73,"RWA_LEO700_B60_H1_L3_S309",2,0.00976395240689641,0.009482343494892121,0.009482343494892121
"rwa","LEO700",73,"RWA_LEO700_B60_H1_L3_S310",6,0.0036923633867190888,0.0029252071554462123,-0.0028286635254820194
"rwa","LEO700",73,"RWA_LEO700_B60_H1_L3_S311",6,0.009014403161223088,0.008353777229785921,-0.008353777229785921
"rwa","LEO700",73,"RWA_LEO700_B60_H2_L1_S313",22,0.014807542341483194,0.013264430534433234,-0.009742897054688494
"rwa","LEO700",73,"RWA_LEO700_B60_H2_L1_S314",33,0.01610315778277162,0.014566719193350189,0.008535890168312823
"rwa","LEO700",73,"RWA_LEO700_B60_H2_L1_S316",18,0.03700480181902891,0.03663935408824019,0.03663935408824019
"rwa","LEO700",73,"RWA_LEO700_B60_H2_L2_S317",14,0.016068266883580675,0.01471620460173913,0.01471620460173913
"rwa","LEO700",73,"RWA_LEO700_B60_H2_L2_S318",41,0.020779263193216966,0.019110061187387964,0.010643541808353692
"rwa","LEO700",73,"RWA_LEO700_B60_H2_L2_S319",21,0.04135092197283574,0.04081823326469886,0.04081823326469886
"rwa","LEO700",73,"RWA_LEO700_B60_H2_L2_S320",21,0.01603422595400735,0.014542321630177046,-0.010681222184073358
"rwa","LEO700",73,"RWA_LEO700_B60_H2_L3_S321",6,0.010702700475167333,0.009495448196927707,-0.009495448196927707
