sample_id,line,dataset_id,orbit,beta_deg,profile,h_level,l_level,doe_cell,cell_index,indiv,serial,seed,yaml,out_mat,gmat_env,stop_time_s,est_tf_days,est_wall_bucket,fault_inject,fault_time_frac,queue_order
RWA_LEO500_B00_H0_L1_S001,rwa,SIM_rwa,LEO500,0,stare,H0,L1,LEO500-B00-H0-L1,0,1,1,100001,configs/sim/sample/RWA_LEO500_B00_H0_L1_S001.yaml,data/raw/sim/rwa/RWA_LEO500_B00_H0_L1_S001.mat,sim/gmat/out/env_LEO500_B00.mat,37880,0.2018,long,rw_lube_loss,0.633,13
RWA_LEO500_B00_H0_L1_S002,rwa,SIM_rwa,LEO500,0,stare,H0,L1,LEO500-B00-H0-L1,0,2,2,100002,configs/sim/sample/RWA_LEO500_B00_H0_L1_S002.yaml,data/raw/sim/rwa/RWA_LEO500_B00_H0_L1_S002.mat,sim/gmat/out/env_LEO500_B00.mat,42560,0.2289,long,none,,84
RWA_LEO500_B00_H0_L1_S003,rwa,SIM_rwa,LEO500,0,stare,H0,L1,LEO500-B00-H0-L1,0,3,3,100003,configs/sim/sample/RWA_LEO500_B00_H0_L1_S003.yaml,data/raw/sim/rwa/RWA_LEO500_B00_H0_L1_S003.mat,sim/gmat/out/env_LEO500_B00.mat,31900,0.1672,long,none,,180
RWA_LEO500_B00_H0_L1_S004,rwa,SIM_rwa,LEO500,0,stare,H0,L1,LEO500-B00-H0-L1,0,4,4,100004,configs/sim/sample/RWA_LEO500_B00_H0_L1_S004.yaml,data/raw/sim/rwa/RWA_LEO500_B00_H0_L1_S004.mat,sim/gmat/out/env_LEO500_B00.mat,48950,0.2659,long,none,,245
RWA_LEO500_B00_H0_L2_S005,rwa,SIM_rwa,LEO500,0,scan,H0,L2,LEO500-B00-H0-L2,1,1,5,100011,configs/sim/sample/RWA_LEO500_B00_H0_L2_S005.yaml,data/raw/sim/rwa/RWA_LEO500_B00_H0_L2_S005.mat,sim/gmat/out/env_LEO500_B00.mat,29260,0.1519,long,none,,21
RWA_LEO500_B00_H0_L2_S006,rwa,SIM_rwa,LEO500,0,scan,H0,L2,LEO500-B00-H0-L2,1,2,6,100012,configs/sim/sample/RWA_LEO500_B00_H0_L2_S006.yaml,data/raw/sim/rwa/RWA_LEO500_B00_H0_L2_S006.mat,sim/gmat/out/env_LEO500_B00.mat,30560,0.1595,long,none,,105
RWA_LEO500_B00_H0_L2_S007,rwa,SIM_rwa,LEO500,0,scan,H0,L2,LEO500-B00-H0-L2,1,3,7,100013,configs/sim/sample/RWA_LEO500_B00_H0_L2_S007.yaml,data/raw/sim/rwa/RWA_LEO500_B00_H0_L2_S007.mat,sim/gmat/out/env_LEO500_B00.mat,23600,0.1192,mid,none,,201
RWA_LEO500_B00_H0_L2_S008,rwa,SIM_rwa,LEO500,0,scan,H0,L2,LEO500-B00-H0-L2,1,4,8,100014,configs/sim/sample/RWA_LEO500_B00_H0_L2_S008.yaml,data/raw/sim/rwa/RWA_LEO500_B00_H0_L2_S008.mat,sim/gmat/out/env_LEO500_B00.mat,22530,0.1130,mid,none,,285
RWA_LEO500_B00_H0_L3_S009,rwa,SIM_rwa,LEO500,0,dense,H0,L3,LEO500-B00-H0-L3,2,1,9,100021,configs/sim/sample/RWA_LEO500_B00_H0_L3_S009.yaml,data/raw/sim/rwa/RWA_LEO500_B00_H0_L3_S009.mat,sim/gmat/out/env_LEO500_B00.mat,18220,0.0880,short,none,,61
RWA_LEO500_B00_H0_L3_S010,rwa,SIM_rwa,LEO500,0,dense,H0,L3,LEO500-B00-H0-L3,2,2,10,100022,configs/sim/sample/RWA_LEO500_B00_H0_L3_S010.yaml,data/raw/sim/rwa/RWA_LEO500_B00_H0_L3_S010.mat,sim/gmat/out/env_LEO500_B00.mat,16560,0.0785,short,none,,151
RWA_LEO500_B00_H0_L3_S011,rwa,SIM_rwa,LEO500,0,dense,H0,L3,LEO500-B00-H0-L3,2,3,11,100023,configs/sim/sample/RWA_LEO500_B00_H0_L3_S011.yaml,data/raw/sim/rwa/RWA_LEO500_B00_H0_L3_S011.mat,sim/gmat/out/env_LEO500_B00.mat,23050,0.1160,mid,none,,204
RWA_LEO500_B00_H0_L3_S012,rwa,SIM_rwa,LEO500,0,dense,H0,L3,LEO500-B00-H0-L3,2,4,12,100024,configs/sim/sample/RWA_LEO500_B00_H0_L3_S012.yaml,data/raw/sim/rwa/RWA_LEO500_B00_H0_L3_S012.mat,sim/gmat/out/env_LEO500_B00.mat,19760,0.0970,mid,none,,297
RWA_LEO500_B00_H1_L1_S013,rwa,SIM_rwa,LEO500,0,stare,H1,L1,LEO500-B00-H1-L1,3,1,13,100031,configs/sim/sample/RWA_LEO500_B00_H1_L1_S013.yaml,data/raw/sim/rwa/RWA_LEO500_B00_H1_L1_S013.mat,sim/gmat/out/env_LEO500_B00.mat,30420,0.1586,long,none,,20
RWA_LEO500_B00_H1_L1_S014,rwa,SIM_rwa,LEO500,0,stare,H1,L1,LEO500-B00-H1-L1,3,2,14,100032,configs/sim/sample/RWA_LEO500_B00_H1_L1_S014.yaml,data/raw/sim/rwa/RWA_LEO500_B00_H1_L1_S014.mat,sim/gmat/out/env_LEO500_B00.mat,26280,0.1347,mid,none,,116
RWA_LEO500_B00_H1_L1_S015,rwa,SIM_rwa,LEO500,0,stare,H1,L1,LEO500-B00-H1-L1,3,3,15,100033,configs/sim/sample/RWA_LEO500_B00_H1_L1_S015.yaml,data/raw/sim/rwa/RWA_LEO500_B00_H1_L1_S015.mat,sim/gmat/out/env_LEO500_B00.mat,33790,0.1782,long,none,,172
RWA_LEO500_B00_H1_L1_S016,rwa,SIM_rwa,LEO500,0,stare,H1,L1,LEO500-B00-H1-L1,3,4,16,100034,configs/sim/sample/RWA_LEO500_B00_H1_L1_S016.yaml,data/raw/sim/rwa/RWA_LEO500_B00_H1_L1_S016.mat,sim/gmat/out/env_LEO500_B00.mat,41970,0.2255,long,none,,249
RWA_LEO500_B00_H1_L2_S017,rwa,SIM_rwa,LEO500,0,scan,H1,L2,LEO500-B00-H1-L2,4,1,17,100041,configs/sim/sample/RWA_LEO500_B00_H1_L2_S017.yaml,data/raw/sim/rwa/RWA_LEO500_B00_H1_L2_S017.mat,sim/gmat/out/env_LEO500_B00.mat,24190,0.1226,mid,none,,42
RWA_LEO500_B00_H1_L2_S018,rwa,SIM_rwa,LEO500,0,scan,H1,L2,LEO500-B00-H1-L2,4,2,18,100042,configs/sim/sample/RWA_LEO500_B00_H1_L2_S018.yaml,data/raw/sim/rwa/RWA_LEO500_B00_H1_L2_S018.mat,sim/gmat/out/env_LEO500_B00.mat,28230,0.1460,long,none,,113
RWA_LEO500_B00_H1_L2_S019,rwa,SIM_rwa,LEO500,0,scan,H1,L2,LEO500-B00-H1-L2,4,3,19,100043,configs/sim/sample/RWA_LEO500_B00_H1_L2_S019.yaml,data/raw/sim/rwa/RWA_LEO500_B00_H1_L2_S019.mat,sim/gmat/out/env_LEO500_B00.mat,19990,0.0983,mid,none,,215
RWA_LEO500_B00_H1_L2_S020,rwa,SIM_rwa,LEO500,0,scan,H1,L2,LEO500-B00-H1-L2,4,4,20,100044,configs/sim/sample/RWA_LEO500_B00_H1_L2_S020.yaml,data/raw/sim/rwa/RWA_LEO500_B00_H1_L2_S020.mat,sim/gmat/out/env_LEO500_B00.mat,22290,0.1116,mid,none,,286
RWA_LEO500_B00_H1_L3_S021,rwa,SIM_rwa,LEO500,0,dense,H1,L3,LEO500-B00-H1-L3,5,1,21,100051,configs/sim/sample/RWA_LEO500_B00_H1_L3_S021.yaml,data/raw/sim/rwa/RWA_LEO500_B00_H1_L3_S021.mat,sim/gmat/out/env_LEO500_B00.mat,17160,0.0819,short,none,,67
RWA_LEO500_B00_H1_L3_S022,rwa,SIM_rwa,LEO500,0,dense,H1,L3,LEO500-B00-H1-L3,5,2,22,100052,configs/sim/sample/RWA_LEO500_B00_H1_L3_S022.yaml,data/raw/sim/rwa/RWA_LEO500_B00_H1_L3_S022.mat,sim/gmat/out/env_LEO500_B00.mat,19480,0.0953,mid,none,,131
RWA_LEO500_B00_H1_L3_S023,rwa,SIM_rwa,LEO500,0,dense,H1,L3,LEO500-B00-H1-L3,5,3,23,100053,configs/sim/sample/RWA_LEO500_B00_H1_L3_S023.yaml,data/raw/sim/rwa/RWA_LEO500_B00_H1_L3_S023.mat,sim/gmat/out/env_LEO500_B00.mat,15650,0.0732,short,rw_lube_loss,0.553,233
RWA_LEO500_B00_H1_L3_S024,rwa,SIM_rwa,LEO500,0,dense,H1,L3,LEO500-B00-H1-L3,5,4,24,100054,configs/sim/sample/RWA_LEO500_B00_H1_L3_S024.yaml,data/raw/sim/rwa/RWA_LEO500_B00_H1_L3_S024.mat,sim/gmat/out/env_LEO500_B00.mat,14080,0.0641,short,none,,318
RWA_LEO500_B00_H2_L1_S025,rwa,SIM_rwa,LEO500,0,stare,H2,L1,LEO500-B00-H2-L1,6,1,25,100061,configs/sim/sample/RWA_LEO500_B00_H2_L1_S025.yaml,data/raw/sim/rwa/RWA_LEO500_B00_H2_L1_S025.mat,sim/gmat/out/env_LEO500_B00.mat,26690,0.1370,mid,none,,30
RWA_LEO500_B00_H2_L1_S026,rwa,SIM_rwa,LEO500,0,stare,H2,L1,LEO500-B00-H2-L1,6,2,26,100062,configs/sim/sample/RWA_LEO500_B00_H2_L1_S026.yaml,data/raw/sim/rwa/RWA_LEO500_B00_H2_L1_S026.mat,sim/gmat/out/env_LEO500_B00.mat,31980,0.1677,long,none,,102
RWA_LEO500_B00_H2_L1_S027,rwa,SIM_rwa,LEO500,0,stare,H2,L1,LEO500-B00-H2-L1,6,3,27,100063,configs/sim/sample/RWA_LEO500_B00_H2_L1_S027.yaml,data/raw/sim/rwa/RWA_LEO500_B00_H2_L1_S027.mat,sim/gmat/out/env_LEO500_B00.mat,34730,0.1836,long,none,,170
RWA_LEO500_B00_H2_L1_S028,rwa,SIM_rwa,LEO500,0,stare,H2,L1,LEO500-B00-H2-L1,6,4,28,100064,configs/sim/sample/RWA_LEO500_B00_H2_L1_S028.yaml,data/raw/sim/rwa/RWA_LEO500_B00_H2_L1_S028.mat,sim/gmat/out/env_LEO500_B00.mat,27340,0.1408,mid,none,,272
RWA_LEO500_B00_H2_L2_S029,rwa,SIM_rwa,LEO500,0,scan,H2,L2,LEO500-B00-H2-L2,7,1,29,100071,configs/sim/sample/RWA_LEO500_B00_H2_L2_S029.yaml,data/raw/sim/rwa/RWA_LEO500_B00_H2_L2_S029.mat,sim/gmat/out/env_LEO500_B00.mat,25700,0.1314,mid,none,,32
RWA_LEO500_B00_H2_L2_S030,rwa,SIM_rwa,LEO500,0,scan,H2,L2,LEO500-B00-H2-L2,7,2,30,100072,configs/sim/sample/RWA_LEO500_B00_H2_L2_S030.yaml,data/raw/sim/rwa/RWA_LEO500_B00_H2_L2_S030.mat,sim/gmat/out/env_LEO500_B00.mat,18970,0.0924,short,none,,135
RWA_LEO500_B00_H2_L2_S031,rwa,SIM_rwa,LEO500,0,scan,H2,L2,LEO500-B00-H2-L2,7,3,31,100073,configs/sim/sample/RWA_LEO500_B00_H2_L2_S031.yaml,data/raw/sim/rwa/RWA_LEO500_B00_H2_L2_S031.mat,sim/gmat/out/env_LEO500_B00.mat,16870,0.0802,short,none,,227
RWA_LEO500_B00_H2_L2_S032,rwa,SIM_rwa,LEO500,0,scan,H2,L2,LEO500-B00-H2-L2,7,4,32,100074,configs/sim/sample/RWA_LEO500_B00_H2_L2_S032.yaml,data/raw/sim/rwa/RWA_LEO500_B00_H2_L2_S032.mat,sim/gmat/out/env_LEO500_B00.mat,23070,0.1161,mid,rw_lube_loss,0.320,283
RWA_LEO500_B00_H2_L3_S033,rwa,SIM_rwa,LEO500,0,dense,H2,L3,LEO500-B00-H2-L3,8,1,33,100081,configs/sim/sample/RWA_LEO500_B00_H2_L3_S033.yaml,data/raw/sim/rwa/RWA_LEO500_B00_H2_L3_S033.mat,sim/gmat/out/env_LEO500_B00.mat,18140,0.0876,short,none,,62
RWA_LEO500_B00_H2_L3_S034,rwa,SIM_rwa,LEO500,0,dense,H2,L3,LEO500-B00-H2-L3,8,2,34,100082,configs/sim/sample/RWA_LEO500_B00_H2_L3_S034.yaml,data/raw/sim/rwa/RWA_LEO500_B00_H2_L3_S034.mat,sim/gmat/out/env_LEO500_B00.mat,12340,0.0540,short,none,,162
RWA_LEO500_B00_H2_L3_S035,rwa,SIM_rwa,LEO500,0,dense,H2,L3,LEO500-B00-H2-L3,8,3,35,100083,configs/sim/sample/RWA_LEO500_B00_H2_L3_S035.yaml,data/raw/sim/rwa/RWA_LEO500_B00_H2_L3_S035.mat,sim/gmat/out/env_LEO500_B00.mat,14220,0.0649,short,none,,240
RWA_LEO500_B00_H2_L3_S036,rwa,SIM_rwa,LEO500,0,dense,H2,L3,LEO500-B00-H2-L3,8,4,36,100084,configs/sim/sample/RWA_LEO500_B00_H2_L3_S036.yaml,data/raw/sim/rwa/RWA_LEO500_B00_H2_L3_S036.mat,sim/gmat/out/env_LEO500_B00.mat,15550,0.0726,short,none,,315
RWA_LEO500_B30_H0_L1_S037,rwa,SIM_rwa,LEO500,30,stare,H0,L1,LEO500-B30-H0-L1,9,1,37,100091,configs/sim/sample/RWA_LEO500_B30_H0_L1_S037.yaml,data/raw/sim/rwa/RWA_LEO500_B30_H0_L1_S037.mat,sim/gmat/out/env_LEO500_B30.mat,38970,0.2081,long,none,,10
RWA_LEO500_B30_H0_L1_S038,rwa,SIM_rwa,LEO500,30,stare,H0,L1,LEO500-B30-H0-L1,9,2,38,100092,configs/sim/sample/RWA_LEO500_B30_H0_L1_S038.yaml,data/raw/sim/rwa/RWA_LEO500_B30_H0_L1_S038.mat,sim/gmat/out/env_LEO500_B30.mat,37620,0.2003,long,none,,89
RWA_LEO500_B30_H0_L1_S039,rwa,SIM_rwa,LEO500,30,stare,H0,L1,LEO500-B30-H0-L1,9,3,39,100093,configs/sim/sample/RWA_LEO500_B30_H0_L1_S039.yaml,data/raw/sim/rwa/RWA_LEO500_B30_H0_L1_S039.mat,sim/gmat/out/env_LEO500_B30.mat,33470,0.1763,long,none,,173
RWA_LEO500_B30_H0_L1_S040,rwa,SIM_rwa,LEO500,30,stare,H0,L1,LEO500-B30-H0-L1,9,4,40,100094,configs/sim/sample/RWA_LEO500_B30_H0_L1_S040.yaml,data/raw/sim/rwa/RWA_LEO500_B30_H0_L1_S040.mat,sim/gmat/out/env_LEO500_B30.mat,48300,0.2621,long,none,,247
RWA_LEO500_B30_H0_L2_S041,rwa,SIM_rwa,LEO500,30,scan,H0,L2,LEO500-B30-H0-L2,10,1,41,100101,configs/sim/sample/RWA_LEO500_B30_H0_L2_S041.yaml,data/raw/sim/rwa/RWA_LEO500_B30_H0_L2_S041.mat,sim/gmat/out/env_LEO500_B30.mat,25210,0.1285,mid,rw_lube_loss,0.504,34
RWA_LEO500_B30_H0_L2_S042,rwa,SIM_rwa,LEO500,30,scan,H0,L2,LEO500-B30-H0-L2,10,2,42,100102,configs/sim/sample/RWA_LEO500_B30_H0_L2_S042.yaml,data/raw/sim/rwa/RWA_LEO500_B30_H0_L2_S042.mat,sim/gmat/out/env_LEO500_B30.mat,21360,0.1062,mid,none,,130
RWA_LEO500_B30_H0_L2_S043,rwa,SIM_rwa,LEO500,30,scan,H0,L2,LEO500-B30-H0-L2,10,3,43,100103,configs/sim/sample/RWA_LEO500_B30_H0_L2_S043.yaml,data/raw/sim/rwa/RWA_LEO500_B30_H0_L2_S043.mat,sim/gmat/out/env_LEO500_B30.mat,30720,0.1604,long,none,,184
RWA_LEO500_B30_H0_L2_S044,rwa,SIM_rwa,LEO500,30,scan,H0,L2,LEO500-B30-H0-L2,10,4,44,100104,configs/sim/sample/RWA_LEO500_B30_H0_L2_S044.yaml,data/raw/sim/rwa/RWA_LEO500_B30_H0_L2_S044.mat,sim/gmat/out/env_LEO500_B30.mat,28240,0.1461,long,none,,270
RWA_LEO500_B30_H0_L3_S045,rwa,SIM_rwa,LEO500,30,dense,H0,L3,LEO500-B30-H0-L3,11,1,45,100111,configs/sim/sample/RWA_LEO500_B30_H0_L3_S045.yaml,data/raw/sim/rwa/RWA_LEO500_B30_H0_L3_S045.mat,sim/gmat/out/env_LEO500_B30.mat,16540,0.0783,short,none,,69
RWA_LEO500_B30_H0_L3_S046,rwa,SIM_rwa,LEO500,30,dense,H0,L3,LEO500-B30-H0-L3,11,2,46,100112,configs/sim/sample/RWA_LEO500_B30_H0_L3_S046.yaml,data/raw/sim/rwa/RWA_LEO500_B30_H0_L3_S046.mat,sim/gmat/out/env_LEO500_B30.mat,18000,0.0868,short,none,,139
RWA_LEO500_B30_H0_L3_S047,rwa,SIM_rwa,LEO500,30,dense,H0,L3,LEO500-B30-H0-L3,11,3,47,100113,configs/sim/sample/RWA_LEO500_B30_H0_L3_S047.yaml,data/raw/sim/rwa/RWA_LEO500_B30_H0_L3_S047.mat,sim/gmat/out/env_LEO500_B30.mat,23150,0.1166,mid,none,,203
RWA_LEO500_B30_H0_L3_S048,rwa,SIM_rwa,LEO500,30,dense,H0,L3,LEO500-B30-H0-L3,11,4,48,100114,configs/sim/sample/RWA_LEO500_B30_H0_L3_S048.yaml,data/raw/sim/rwa/RWA_LEO500_B30_H0_L3_S048.mat,sim/gmat/out/env_LEO500_B30.mat,20380,0.1005,mid,none,,292
RWA_LEO500_B30_H1_L1_S049,rwa,SIM_rwa,LEO500,30,stare,H1,L1,LEO500-B30-H1-L1,12,1,49,100121,configs/sim/sample/RWA_LEO500_B30_H1_L1_S049.yaml,data/raw/sim/rwa/RWA_LEO500_B30_H1_L1_S049.mat,sim/gmat/out/env_LEO500_B30.mat,33780,0.1781,long,none,,16
RWA_LEO500_B30_H1_L1_S050,rwa,SIM_rwa,LEO500,30,stare,H1,L1,LEO500-B30-H1-L1,12,2,50,100122,configs/sim/sample/RWA_LEO500_B30_H1_L1_S050.yaml,data/raw/sim/rwa/RWA_LEO500_B30_H1_L1_S050.mat,sim/gmat/out/env_LEO500_B30.mat,39490,0.2111,long,none,,88
RWA_LEO500_B30_H1_L1_S051,rwa,SIM_rwa,LEO500,30,stare,H1,L1,LEO500-B30-H1-L1,12,3,51,100123,configs/sim/sample/RWA_LEO500_B30_H1_L1_S051.yaml,data/raw/sim/rwa/RWA_LEO500_B30_H1_L1_S051.mat,sim/gmat/out/env_LEO500_B30.mat,27170,0.1399,mid,none,,191
RWA_LEO500_B30_H1_L1_S052,rwa,SIM_rwa,LEO500,30,stare,H1,L1,LEO500-B30-H1-L1,12,4,52,100124,configs/sim/sample/RWA_LEO500_B30_H1_L1_S052.yaml,data/raw/sim/rwa/RWA_LEO500_B30_H1_L1_S052.mat,sim/gmat/out/env_LEO500_B30.mat,33210,0.1748,long,none,,259
RWA_LEO500_B30_H1_L2_S053,rwa,SIM_rwa,LEO500,30,scan,H1,L2,LEO500-B30-H1-L2,13,1,53,100131,configs/sim/sample/RWA_LEO500_B30_H1_L2_S053.yaml,data/raw/sim/rwa/RWA_LEO500_B30_H1_L2_S053.mat,sim/gmat/out/env_LEO500_B30.mat,25170,0.1283,mid,none,,35
RWA_LEO500_B30_H1_L2_S054,rwa,SIM_rwa,LEO500,30,scan,H1,L2,LEO500-B30-H1-L2,13,2,54,100132,configs/sim/sample/RWA_LEO500_B30_H1_L2_S054.yaml,data/raw/sim/rwa/RWA_LEO500_B30_H1_L2_S054.mat,sim/gmat/out/env_LEO500_B30.mat,26200,0.1342,mid,none,,117
RWA_LEO500_B30_H1_L2_S055,rwa,SIM_rwa,LEO500,30,scan,H1,L2,LEO500-B30-H1-L2,13,3,55,100133,configs/sim/sample/RWA_LEO500_B30_H1_L2_S055.yaml,data/raw/sim/rwa/RWA_LEO500_B30_H1_L2_S055.mat,sim/gmat/out/env_LEO500_B30.mat,20590,0.1017,mid,none,,211
RWA_LEO500_B30_H1_L2_S056,rwa,SIM_rwa,LEO500,30,scan,H1,L2,LEO500-B30-H1-L2,13,4,56,100134,configs/sim/sample/RWA_LEO500_B30_H1_L2_S056.yaml,data/raw/sim/rwa/RWA_LEO500_B30_H1_L2_S056.mat,sim/gmat/out/env_LEO500_B30.mat,19790,0.0971,mid,none,,296
RWA_LEO500_B30_H1_L3_S057,rwa,SIM_rwa,LEO500,30,dense,H1,L3,LEO500-B30-H1-L3,14,1,57,100141,configs/sim/sample/RWA_LEO500_B30_H1_L3_S057.yaml,data/raw/sim/rwa/RWA_LEO500_B30_H1_L3_S057.mat,sim/gmat/out/env_LEO500_B30.mat,15610,0.0730,short,rw_lube_loss,0.640,73
RWA_LEO500_B30_H1_L3_S058,rwa,SIM_rwa,LEO500,30,dense,H1,L3,LEO500-B30-H1-L3,14,2,58,100142,configs/sim/sample/RWA_LEO500_B30_H1_L3_S058.yaml,data/raw/sim/rwa/RWA_LEO500_B30_H1_L3_S058.mat,sim/gmat/out/env_LEO500_B30.mat,14130,0.0644,short,none,,158
RWA_LEO500_B30_H1_L3_S059,rwa,SIM_rwa,LEO500,30,dense,H1,L3,LEO500-B30-H1-L3,14,3,59,100143,configs/sim/sample/RWA_LEO500_B30_H1_L3_S059.yaml,data/raw/sim/rwa/RWA_LEO500_B30_H1_L3_S059.mat,sim/gmat/out/env_LEO500_B30.mat,18300,0.0885,short,none,,221
RWA_LEO500_B30_H1_L3_S060,rwa,SIM_rwa,LEO500,30,dense,H1,L3,LEO500-B30-H1-L3,14,4,60,100144,configs/sim/sample/RWA_LEO500_B30_H1_L3_S060.yaml,data/raw/sim/rwa/RWA_LEO500_B30_H1_L3_S060.mat,sim/gmat/out/env_LEO500_B30.mat,17640,0.0847,short,none,,306
RWA_LEO500_B30_H2_L1_S061,rwa,SIM_rwa,LEO500,30,stare,H2,L1,LEO500-B30-H2-L1,15,1,61,100151,configs/sim/sample/RWA_LEO500_B30_H2_L1_S061.yaml,data/raw/sim/rwa/RWA_LEO500_B30_H2_L1_S061.mat,sim/gmat/out/env_LEO500_B30.mat,27260,0.1404,mid,none,,27
RWA_LEO500_B30_H2_L1_S062,rwa,SIM_rwa,LEO500,30,stare,H2,L1,LEO500-B30-H2-L1,15,2,62,100152,configs/sim/sample/RWA_LEO500_B30_H2_L1_S062.yaml,data/raw/sim/rwa/RWA_LEO500_B30_H2_L1_S062.mat,sim/gmat/out/env_LEO500_B30.mat,34440,0.1819,long,none,,94
RWA_LEO500_B30_H2_L1_S063,rwa,SIM_rwa,LEO500,30,stare,H2,L1,LEO500-B30-H2-L1,15,3,63,100153,configs/sim/sample/RWA_LEO500_B30_H2_L1_S063.yaml,data/raw/sim/rwa/RWA_LEO500_B30_H2_L1_S063.mat,sim/gmat/out/env_LEO500_B30.mat,36320,0.1928,long,none,,168
RWA_LEO500_B30_H2_L1_S064,rwa,SIM_rwa,LEO500,30,stare,H2,L1,LEO500-B30-H2-L1,15,4,64,100154,configs/sim/sample/RWA_LEO500_B30_H2_L1_S064.yaml,data/raw/sim/rwa/RWA_LEO500_B30_H2_L1_S064.mat,sim/gmat/out/env_LEO500_B30.mat,26800,0.1377,mid,none,,273
RWA_LEO500_B30_H2_L2_S065,rwa,SIM_rwa,LEO500,30,scan,H2,L2,LEO500-B30-H2-L2,16,1,65,100161,configs/sim/sample/RWA_LEO500_B30_H2_L2_S065.yaml,data/raw/sim/rwa/RWA_LEO500_B30_H2_L2_S065.mat,sim/gmat/out/env_LEO500_B30.mat,22570,0.1132,mid,none,,45
RWA_LEO500_B30_H2_L2_S066,rwa,SIM_rwa,LEO500,30,scan,H2,L2,LEO500-B30-H2-L2,16,2,66,100162,configs/sim/sample/RWA_LEO500_B30_H2_L2_S066.yaml,data/raw/sim/rwa/RWA_LEO500_B30_H2_L2_S066.mat,sim/gmat/out/env_LEO500_B30.mat,17780,0.0855,short,none,,141
RWA_LEO500_B30_H2_L2_S067,rwa,SIM_rwa,LEO500,30,scan,H2,L2,LEO500-B30-H2-L2,16,3,67,100163,configs/sim/sample/RWA_LEO500_B30_H2_L2_S067.yaml,data/raw/sim/rwa/RWA_LEO500_B30_H2_L2_S067.mat,sim/gmat/out/env_LEO500_B30.mat,23620,0.1193,mid,none,,200
RWA_LEO500_B30_H2_L2_S068,rwa,SIM_rwa,LEO500,30,scan,H2,L2,LEO500-B30-H2-L2,16,4,68,100164,configs/sim/sample/RWA_LEO500_B30_H2_L2_S068.yaml,data/raw/sim/rwa/RWA_LEO500_B30_H2_L2_S068.mat,sim/gmat/out/env_LEO500_B30.mat,19650,0.0963,mid,none,,299
RWA_LEO500_B30_H2_L3_S069,rwa,SIM_rwa,LEO500,30,dense,H2,L3,LEO500-B30-H2-L3,17,1,69,100171,configs/sim/sample/RWA_LEO500_B30_H2_L3_S069.yaml,data/raw/sim/rwa/RWA_LEO500_B30_H2_L3_S069.mat,sim/gmat/out/env_LEO500_B30.mat,12340,0.0540,short,none,,81
RWA_LEO500_B30_H2_L3_S070,rwa,SIM_rwa,LEO500,30,dense,H2,L3,LEO500-B30-H2-L3,17,2,70,100172,configs/sim/sample/RWA_LEO500_B30_H2_L3_S070.yaml,data/raw/sim/rwa/RWA_LEO500_B30_H2_L3_S070.mat,sim/gmat/out/env_LEO500_B30.mat,15200,0.0706,short,none,,156
RWA_LEO500_B30_H2_L3_S071,rwa,SIM_rwa,LEO500,30,dense,H2,L3,LEO500-B30-H2-L3,17,3,71,100173,configs/sim/sample/RWA_LEO500_B30_H2_L3_S071.yaml,data/raw/sim/rwa/RWA_LEO500_B30_H2_L3_S071.mat,sim/gmat/out/env_LEO500_B30.mat,14330,0.0655,short,none,,239
RWA_LEO500_B30_H2_L3_S072,rwa,SIM_rwa,LEO500,30,dense,H2,L3,LEO500-B30-H2-L3,17,4,72,100174,configs/sim/sample/RWA_LEO500_B30_H2_L3_S072.yaml,data/raw/sim/rwa/RWA_LEO500_B30_H2_L3_S072.mat,sim/gmat/out/env_LEO500_B30.mat,17260,0.0825,short,none,,307
RWA_LEO500_B60_H0_L1_S073,rwa,SIM_rwa,LEO500,60,stare,H0,L1,LEO500-B60-H0-L1,18,1,73,100181,configs/sim/sample/RWA_LEO500_B60_H0_L1_S073.yaml,data/raw/sim/rwa/RWA_LEO500_B60_H0_L1_S073.mat,sim/gmat/out/env_LEO500_B60.mat,36990,0.1967,long,none,,15
RWA_LEO500_B60_H0_L1_S074,rwa,SIM_rwa,LEO500,60,stare,H0,L1,LEO500-B60-H0-L1,18,2,74,100182,configs/sim/sample/RWA_LEO500_B60_H0_L1_S074.yaml,data/raw/sim/rwa/RWA_LEO500_B60_H0_L1_S074.mat,sim/gmat/out/env_LEO500_B60.mat,46360,0.2509,long,none,,83
RWA_LEO500_B60_H0_L1_S075,rwa,SIM_rwa,LEO500,60,stare,H0,L1,LEO500-B60-H0-L1,18,3,75,100183,configs/sim/sample/RWA_LEO500_B60_H0_L1_S075.yaml,data/raw/sim/rwa/RWA_LEO500_B60_H0_L1_S075.mat,sim/gmat/out/env_LEO500_B60.mat,30940,0.1617,long,none,,183
RWA_LEO500_B60_H0_L1_S076,rwa,SIM_rwa,LEO500,60,stare,H0,L1,LEO500-B60-H0-L1,18,4,76,100184,configs/sim/sample/RWA_LEO500_B60_H0_L1_S076.yaml,data/raw/sim/rwa/RWA_LEO500_B60_H0_L1_S076.mat,sim/gmat/out/env_LEO500_B60.mat,43280,0.2331,long,none,,248
RWA_LEO500_B60_H0_L2_S077,rwa,SIM_rwa,LEO500,60,scan,H0,L2,LEO500-B60-H0-L2,19,1,77,100191,configs/sim/sample/RWA_LEO500_B60_H0_L2_S077.yaml,data/raw/sim/rwa/RWA_LEO500_B60_H0_L2_S077.mat,sim/gmat/out/env_LEO500_B60.mat,24100,0.1221,mid,none,,43
RWA_LEO500_B60_H0_L2_S078,rwa,SIM_rwa,LEO500,60,scan,H0,L2,LEO500-B60-H0-L2,19,2,78,100192,configs/sim/sample/RWA_LEO500_B60_H0_L2_S078.yaml,data/raw/sim/rwa/RWA_LEO500_B60_H0_L2_S078.mat,sim/gmat/out/env_LEO500_B60.mat,28480,0.1474,long,none,,110
RWA_LEO500_B60_H0_L2_S079,rwa,SIM_rwa,LEO500,60,scan,H0,L2,LEO500-B60-H0-L2,19,3,79,100193,configs/sim/sample/RWA_LEO500_B60_H0_L2_S079.yaml,data/raw/sim/rwa/RWA_LEO500_B60_H0_L2_S079.mat,sim/gmat/out/env_LEO500_B60.mat,31520,0.1650,long,none,,181
RWA_LEO500_B60_H0_L2_S080,rwa,SIM_rwa,LEO500,60,scan,H0,L2,LEO500-B60-H0-L2,19,4,80,100194,configs/sim/sample/RWA_LEO500_B60_H0_L2_S080.yaml,data/raw/sim/rwa/RWA_LEO500_B60_H0_L2_S080.mat,sim/gmat/out/env_LEO500_B60.mat,21230,0.1054,mid,none,,289
RWA_LEO500_B60_H0_L3_S081,rwa,SIM_rwa,LEO500,60,dense,H0,L3,LEO500-B60-H0-L3,20,1,81,100201,configs/sim/sample/RWA_LEO500_B60_H0_L3_S081.yaml,data/raw/sim/rwa/RWA_LEO500_B60_H0_L3_S081.mat,sim/gmat/out/env_LEO500_B60.mat,21460,0.1068,mid,none,,50
RWA_LEO500_B60_H0_L3_S082,rwa,SIM_rwa,LEO500,60,dense,H0,L3,LEO500-B60-H0-L3,20,2,82,100202,configs/sim/sample/RWA_LEO500_B60_H0_L3_S082.yaml,data/raw/sim/rwa/RWA_LEO500_B60_H0_L3_S082.mat,sim/gmat/out/env_LEO500_B60.mat,18760,0.0912,short,none,,136
RWA_LEO500_B60_H0_L3_S083,rwa,SIM_rwa,LEO500,60,dense,H0,L3,LEO500-B60-H0-L3,20,3,83,100203,configs/sim/sample/RWA_LEO500_B60_H0_L3_S083.yaml,data/raw/sim/rwa/RWA_LEO500_B60_H0_L3_S083.mat,sim/gmat/out/env_LEO500_B60.mat,16420,0.0776,short,none,,230
RWA_LEO500_B60_H0_L3_S084,rwa,SIM_rwa,LEO500,60,dense,H0,L3,LEO500-B60-H0-L3,20,4,84,100204,configs/sim/sample/RWA_LEO500_B60_H0_L3_S084.yaml,data/raw/sim/rwa/RWA_LEO500_B60_H0_L3_S084.mat,sim/gmat/out/env_LEO500_B60.mat,16810,0.0799,short,none,,309
RWA_LEO500_B60_H1_L1_S085,rwa,SIM_rwa,LEO500,60,stare,H1,L1,LEO500-B60-H1-L1,21,1,85,100211,configs/sim/sample/RWA_LEO500_B60_H1_L1_S085.yaml,data/raw/sim/rwa/RWA_LEO500_B60_H1_L1_S085.mat,sim/gmat/out/env_LEO500_B60.mat,29150,0.1513,long,none,,22
RWA_LEO500_B60_H1_L1_S086,rwa,SIM_rwa,LEO500,60,stare,H1,L1,LEO500-B60-H1-L1,21,2,86,100212,configs/sim/sample/RWA_LEO500_B60_H1_L1_S086.yaml,data/raw/sim/rwa/RWA_LEO500_B60_H1_L1_S086.mat,sim/gmat/out/env_LEO500_B60.mat,32760,0.1722,long,none,,101
RWA_LEO500_B60_H1_L1_S087,rwa,SIM_rwa,LEO500,60,stare,H1,L1,LEO500-B60-H1-L1,21,3,87,100213,configs/sim/sample/RWA_LEO500_B60_H1_L1_S087.yaml,data/raw/sim/rwa/RWA_LEO500_B60_H1_L1_S087.mat,sim/gmat/out/env_LEO500_B60.mat,39520,0.2113,long,none,,165
RWA_LEO500_B60_H1_L1_S088,rwa,SIM_rwa,LEO500,60,stare,H1,L1,LEO500-B60-H1-L1,21,4,88,100214,configs/sim/sample/RWA_LEO500_B60_H1_L1_S088.yaml,data/raw/sim/rwa/RWA_LEO500_B60_H1_L1_S088.mat,sim/gmat/out/env_LEO500_B60.mat,35630,0.1888,long,none,,256
RWA_LEO500_B60_H1_L2_S089,rwa,SIM_rwa,LEO500,60,scan,H1,L2,LEO500-B60-H1-L2,22,1,89,100221,configs/sim/sample/RWA_LEO500_B60_H1_L2_S089.yaml,data/raw/sim/rwa/RWA_LEO500_B60_H1_L2_S089.mat,sim/gmat/out/env_LEO500_B60.mat,19090,0.0931,short,none,,60
RWA_LEO500_B60_H1_L2_S090,rwa,SIM_rwa,LEO500,60,scan,H1,L2,LEO500-B60-H1-L2,22,2,90,100222,configs/sim/sample/RWA_LEO500_B60_H1_L2_S090.yaml,data/raw/sim/rwa/RWA_LEO500_B60_H1_L2_S090.mat,sim/gmat/out/env_LEO500_B60.mat,22240,0.1113,mid,none,,127
RWA_LEO500_B60_H1_L2_S091,rwa,SIM_rwa,LEO500,60,scan,H1,L2,LEO500-B60-H1-L2,22,3,91,100223,configs/sim/sample/RWA_LEO500_B60_H1_L2_S091.yaml,data/raw/sim/rwa/RWA_LEO500_B60_H1_L2_S091.mat,sim/gmat/out/env_LEO500_B60.mat,26430,0.1356,mid,none,,193
RWA_LEO500_B60_H1_L2_S092,rwa,SIM_rwa,LEO500,60,scan,H1,L2,LEO500-B60-H1-L2,22,4,92,100224,configs/sim/sample/RWA_LEO500_B60_H1_L2_S092.yaml,data/raw/sim/rwa/RWA_LEO500_B60_H1_L2_S092.mat,sim/gmat/out/env_LEO500_B60.mat,25480,0.1301,mid,none,,277
RWA_LEO500_B60_H1_L3_S093,rwa,SIM_rwa,LEO500,60,dense,H1,L3,LEO500-B60-H1-L3,23,1,93,100231,configs/sim/sample/RWA_LEO500_B60_H1_L3_S093.yaml,data/raw/sim/rwa/RWA_LEO500_B60_H1_L3_S093.mat,sim/gmat/out/env_LEO500_B60.mat,16370,0.0773,short,none,,70
RWA_LEO500_B60_H1_L3_S094,rwa,SIM_rwa,LEO500,60,dense,H1,L3,LEO500-B60-H1-L3,23,2,94,100232,configs/sim/sample/RWA_LEO500_B60_H1_L3_S094.yaml,data/raw/sim/rwa/RWA_LEO500_B60_H1_L3_S094.mat,sim/gmat/out/env_LEO500_B60.mat,13220,0.0591,short,none,,161
RWA_LEO500_B60_H1_L3_S095,rwa,SIM_rwa,LEO500,60,dense,H1,L3,LEO500-B60-H1-L3,23,3,95,100233,configs/sim/sample/RWA_LEO500_B60_H1_L3_S095.yaml,data/raw/sim/rwa/RWA_LEO500_B60_H1_L3_S095.mat,sim/gmat/out/env_LEO500_B60.mat,15900,0.0746,short,none,,232
RWA_LEO500_B60_H1_L3_S096,rwa,SIM_rwa,LEO500,60,dense,H1,L3,LEO500-B60-H1-L3,23,4,96,100234,configs/sim/sample/RWA_LEO500_B60_H1_L3_S096.yaml,data/raw/sim/rwa/RWA_LEO500_B60_H1_L3_S096.mat,sim/gmat/out/env_LEO500_B60.mat,19740,0.0968,mid,none,,298
RWA_LEO500_B60_H2_L1_S097,rwa,SIM_rwa,LEO500,60,stare,H2,L1,LEO500-B60-H2-L1,24,1,97,100241,configs/sim/sample/RWA_LEO500_B60_H2_L1_S097.yaml,data/raw/sim/rwa/RWA_LEO500_B60_H2_L1_S097.mat,sim/gmat/out/env_LEO500_B60.mat,37410,0.1991,long,none,,14
RWA_LEO500_B60_H2_L1_S098,rwa,SIM_rwa,LEO500,60,stare,H2,L1,LEO500-B60-H2-L1,24,2,98,100242,configs/sim/sample/RWA_LEO500_B60_H2_L1_S098.yaml,data/raw/sim/rwa/RWA_LEO500_B60_H2_L1_S098.mat,sim/gmat/out/env_LEO500_B60.mat,30630,0.1599,long,none,,104
RWA_LEO500_B60_H2_L1_S099,rwa,SIM_rwa,LEO500,60,stare,H2,L1,LEO500-B60-H2-L1,24,3,99,100243,configs/sim/sample/RWA_LEO500_B60_H2_L1_S099.yaml,data/raw/sim/rwa/RWA_LEO500_B60_H2_L1_S099.mat,sim/gmat/out/env_LEO500_B60.mat,28050,0.1449,mid,none,,188
RWA_LEO500_B60_H2_L1_S100,rwa,SIM_rwa,LEO500,60,stare,H2,L1,LEO500-B60-H2-L1,24,4,100,100244,configs/sim/sample/RWA_LEO500_B60_H2_L1_S100.yaml,data/raw/sim/rwa/RWA_LEO500_B60_H2_L1_S100.mat,sim/gmat/out/env_LEO500_B60.mat,24590,0.1249,mid,none,,279
RWA_LEO500_B60_H2_L2_S101,rwa,SIM_rwa,LEO500,60,scan,H2,L2,LEO500-B60-H2-L2,25,1,101,100251,configs/sim/sample/RWA_LEO500_B60_H2_L2_S101.yaml,data/raw/sim/rwa/RWA_LEO500_B60_H2_L2_S101.mat,sim/gmat/out/env_LEO500_B60.mat,20670,0.1022,mid,none,,53
RWA_LEO500_B60_H2_L2_S102,rwa,SIM_rwa,LEO500,60,scan,H2,L2,LEO500-B60-H2-L2,25,2,102,100252,configs/sim/sample/RWA_LEO500_B60_H2_L2_S102.yaml,data/raw/sim/rwa/RWA_LEO500_B60_H2_L2_S102.mat,sim/gmat/out/env_LEO500_B60.mat,21760,0.1086,mid,none,,128
RWA_LEO500_B60_H2_L2_S103,rwa,SIM_rwa,LEO500,60,scan,H2,L2,LEO500-B60-H2-L2,25,3,103,100253,configs/sim/sample/RWA_LEO500_B60_H2_L2_S103.yaml,data/raw/sim/rwa/RWA_LEO500_B60_H2_L2_S103.mat,sim/gmat/out/env_LEO500_B60.mat,17040,0.0812,short,none,,225
RWA_LEO500_B60_H2_L2_S104,rwa,SIM_rwa,LEO500,60,scan,H2,L2,LEO500-B60-H2-L2,25,4,104,100254,configs/sim/sample/RWA_LEO500_B60_H2_L2_S104.yaml,data/raw/sim/rwa/RWA_LEO500_B60_H2_L2_S104.mat,sim/gmat/out/env_LEO500_B60.mat,26270,0.1346,mid,none,,274
RWA_LEO500_B60_H2_L3_S105,rwa,SIM_rwa,LEO500,60,dense,H2,L3,LEO500-B60-H2-L3,26,1,105,100261,configs/sim/sample/RWA_LEO500_B60_H2_L3_S105.yaml,data/raw/sim/rwa/RWA_LEO500_B60_H2_L3_S105.mat,sim/gmat/out/env_LEO500_B60.mat,14150,0.0645,short,none,,77
RWA_LEO500_B60_H2_L3_S106,rwa,SIM_rwa,LEO500,60,dense,H2,L3,LEO500-B60-H2-L3,26,2,106,100262,configs/sim/sample/RWA_LEO500_B60_H2_L3_S106.yaml,data/raw/sim/rwa/RWA_LEO500_B60_H2_L3_S106.mat,sim/gmat/out/env_LEO500_B60.mat,16040,0.0754,short,none,,153
RWA_LEO500_B60_H2_L3_S107,rwa,SIM_rwa,LEO500,60,dense,H2,L3,LEO500-B60-H2-L3,26,3,107,100263,configs/sim/sample/RWA_LEO500_B60_H2_L3_S107.yaml,data/raw/sim/rwa/RWA_LEO500_B60_H2_L3_S107.mat,sim/gmat/out/env_LEO500_B60.mat,17000,0.0810,short,rw_lube_loss,0.368,226
RWA_LEO500_B60_H2_L3_S108,rwa,SIM_rwa,LEO500,60,dense,H2,L3,LEO500-B60-H2-L3,26,4,108,100264,configs/sim/sample/RWA_LEO500_B60_H2_L3_S108.yaml,data/raw/sim/rwa/RWA_LEO500_B60_H2_L3_S108.mat,sim/gmat/out/env_LEO500_B60.mat,13290,0.0595,short,none,,322
RWA_LEO550_B00_H0_L1_S109,rwa,SIM_rwa,LEO550,0,stare,H0,L1,LEO550-B00-H0-L1,27,1,109,100271,configs/sim/sample/RWA_LEO550_B00_H0_L1_S109.yaml,data/raw/sim/rwa/RWA_LEO550_B00_H0_L1_S109.mat,sim/gmat/out/env_LEO550_B00.mat,38740,0.2068,long,none,,11
RWA_LEO550_B00_H0_L1_S110,rwa,SIM_rwa,LEO550,0,stare,H0,L1,LEO550-B00-H0-L1,27,2,110,100272,configs/sim/sample/RWA_LEO550_B00_H0_L1_S110.yaml,data/raw/sim/rwa/RWA_LEO550_B00_H0_L1_S110.mat,sim/gmat/out/env_LEO550_B00.mat,41550,0.2231,long,none,,85
RWA_LEO550_B00_H0_L1_S111,rwa,SIM_rwa,LEO550,0,stare,H0,L1,LEO550-B00-H0-L1,27,3,111,100273,configs/sim/sample/RWA_LEO550_B00_H0_L1_S111.yaml,data/raw/sim/rwa/RWA_LEO550_B00_H0_L1_S111.mat,sim/gmat/out/env_LEO550_B00.mat,32630,0.1714,long,none,,177
RWA_LEO550_B00_H0_L1_S112,rwa,SIM_rwa,LEO550,0,stare,H0,L1,LEO550-B00-H0-L1,27,4,112,100274,configs/sim/sample/RWA_LEO550_B00_H0_L1_S112.yaml,data/raw/sim/rwa/RWA_LEO550_B00_H0_L1_S112.mat,sim/gmat/out/env_LEO550_B00.mat,48800,0.2650,long,none,,246
RWA_LEO550_B00_H0_L2_S113,rwa,SIM_rwa,LEO550,0,scan,H0,L2,LEO550-B00-H0-L2,28,1,113,100281,configs/sim/sample/RWA_LEO550_B00_H0_L2_S113.yaml,data/raw/sim/rwa/RWA_LEO550_B00_H0_L2_S113.mat,sim/gmat/out/env_LEO550_B00.mat,25430,0.1298,mid,none,,33
RWA_LEO550_B00_H0_L2_S114,rwa,SIM_rwa,LEO550,0,scan,H0,L2,LEO550-B00-H0-L2,28,2,114,100282,configs/sim/sample/RWA_LEO550_B00_H0_L2_S114.yaml,data/raw/sim/rwa/RWA_LEO550_B00_H0_L2_S114.mat,sim/gmat/out/env_LEO550_B00.mat,23230,0.1170,mid,rw_lube_loss,0.306,124
RWA_LEO550_B00_H0_L2_S115,rwa,SIM_rwa,LEO550,0,scan,H0,L2,LEO550-B00-H0-L2,28,3,115,100283,configs/sim/sample/RWA_LEO550_B00_H0_L2_S115.yaml,data/raw/sim/rwa/RWA_LEO550_B00_H0_L2_S115.mat,sim/gmat/out/env_LEO550_B00.mat,27780,0.1434,mid,none,,189
RWA_LEO550_B00_H0_L2_S116,rwa,SIM_rwa,LEO550,0,scan,H0,L2,LEO550-B00-H0-L2,28,4,116,100284,configs/sim/sample/RWA_LEO550_B00_H0_L2_S116.yaml,data/raw/sim/rwa/RWA_LEO550_B00_H0_L2_S116.mat,sim/gmat/out/env_LEO550_B00.mat,30150,0.1571,long,none,,264
RWA_LEO550_B00_H0_L3_S117,rwa,SIM_rwa,LEO550,0,dense,H0,L3,LEO550-B00-H0-L3,29,1,117,100291,configs/sim/sample/RWA_LEO550_B00_H0_L3_S117.yaml,data/raw/sim/rwa/RWA_LEO550_B00_H0_L3_S117.mat,sim/gmat/out/env_LEO550_B00.mat,16200,0.0764,short,none,,71
RWA_LEO550_B00_H0_L3_S118,rwa,SIM_rwa,LEO550,0,dense,H0,L3,LEO550-B00-H0-L3,29,2,118,100292,configs/sim/sample/RWA_LEO550_B00_H0_L3_S118.yaml,data/raw/sim/rwa/RWA_LEO550_B00_H0_L3_S118.mat,sim/gmat/out/env_LEO550_B00.mat,17880,0.0861,short,rw_lube_loss,0.340,140
RWA_LEO550_B00_H0_L3_S119,rwa,SIM_rwa,LEO550,0,dense,H0,L3,LEO550-B00-H0-L3,29,3,119,100293,configs/sim/sample/RWA_LEO550_B00_H0_L3_S119.yaml,data/raw/sim/rwa/RWA_LEO550_B00_H0_L3_S119.mat,sim/gmat/out/env_LEO550_B00.mat,19300,0.0943,short,none,,218
RWA_LEO550_B00_H0_L3_S120,rwa,SIM_rwa,LEO550,0,dense,H0,L3,LEO550-B00-H0-L3,29,4,120,100294,configs/sim/sample/RWA_LEO550_B00_H0_L3_S120.yaml,data/raw/sim/rwa/RWA_LEO550_B00_H0_L3_S120.mat,sim/gmat/out/env_LEO550_B00.mat,21620,0.1077,mid,none,,288
RWA_LEO550_B00_H1_L1_S121,rwa,SIM_rwa,LEO550,0,stare,H1,L1,LEO550-B00-H1-L1,30,1,121,100301,configs/sim/sample/RWA_LEO550_B00_H1_L1_S121.yaml,data/raw/sim/rwa/RWA_LEO550_B00_H1_L1_S121.mat,sim/gmat/out/env_LEO550_B00.mat,39780,0.2128,long,rw_lube_loss,0.546,7
RWA_LEO550_B00_H1_L1_S122,rwa,SIM_rwa,LEO550,0,stare,H1,L1,LEO550-B00-H1-L1,30,2,122,100302,configs/sim/sample/RWA_LEO550_B00_H1_L1_S122.yaml,data/raw/sim/rwa/RWA_LEO550_B00_H1_L1_S122.mat,sim/gmat/out/env_LEO550_B00.mat,34950,0.1848,long,none,,92
RWA_LEO550_B00_H1_L1_S123,rwa,SIM_rwa,LEO550,0,stare,H1,L1,LEO550-B00-H1-L1,30,3,123,100303,configs/sim/sample/RWA_LEO550_B00_H1_L1_S123.yaml,data/raw/sim/rwa/RWA_LEO550_B00_H1_L1_S123.mat,sim/gmat/out/env_LEO550_B00.mat,28600,0.1481,long,none,,187
RWA_LEO550_B00_H1_L1_S124,rwa,SIM_rwa,LEO550,0,stare,H1,L1,LEO550-B00-H1-L1,30,4,124,100304,configs/sim/sample/RWA_LEO550_B00_H1_L1_S124.yaml,data/raw/sim/rwa/RWA_LEO550_B00_H1_L1_S124.mat,sim/gmat/out/env_LEO550_B00.mat,31290,0.1637,long,none,,261
RWA_LEO550_B00_H1_L2_S125,rwa,SIM_rwa,LEO550,0,scan,H1,L2,LEO550-B00-H1-L2,31,1,125,100311,configs/sim/sample/RWA_LEO550_B00_H1_L2_S125.yaml,data/raw/sim/rwa/RWA_LEO550_B00_H1_L2_S125.mat,sim/gmat/out/env_LEO550_B00.mat,24230,0.1228,mid,none,,41
RWA_LEO550_B00_H1_L2_S126,rwa,SIM_rwa,LEO550,0,scan,H1,L2,LEO550-B00-H1-L2,31,2,126,100312,configs/sim/sample/RWA_LEO550_B00_H1_L2_S126.yaml,data/raw/sim/rwa/RWA_LEO550_B00_H1_L2_S126.mat,sim/gmat/out/env_LEO550_B00.mat,28280,0.1463,long,none,,112
RWA_LEO550_B00_H1_L2_S127,rwa,SIM_rwa,LEO550,0,scan,H1,L2,LEO550-B00-H1-L2,31,3,127,100313,configs/sim/sample/RWA_LEO550_B00_H1_L2_S127.yaml,data/raw/sim/rwa/RWA_LEO550_B00_H1_L2_S127.mat,sim/gmat/out/env_LEO550_B00.mat,22170,0.1109,mid,none,,206
RWA_LEO550_B00_H1_L2_S128,rwa,SIM_rwa,LEO550,0,scan,H1,L2,LEO550-B00-H1-L2,31,4,128,100314,configs/sim/sample/RWA_LEO550_B00_H1_L2_S128.yaml,data/raw/sim/rwa/RWA_LEO550_B00_H1_L2_S128.mat,sim/gmat/out/env_LEO550_B00.mat,19150,0.0935,short,none,,302
RWA_LEO550_B00_H1_L3_S129,rwa,SIM_rwa,LEO550,0,dense,H1,L3,LEO550-B00-H1-L3,32,1,129,100321,configs/sim/sample/RWA_LEO550_B00_H1_L3_S129.yaml,data/raw/sim/rwa/RWA_LEO550_B00_H1_L3_S129.mat,sim/gmat/out/env_LEO550_B00.mat,17770,0.0855,short,none,,64
RWA_LEO550_B00_H1_L3_S130,rwa,SIM_rwa,LEO550,0,dense,H1,L3,LEO550-B00-H1-L3,32,2,130,100322,configs/sim/sample/RWA_LEO550_B00_H1_L3_S130.yaml,data/raw/sim/rwa/RWA_LEO550_B00_H1_L3_S130.mat,sim/gmat/out/env_LEO550_B00.mat,19040,0.0928,short,none,,134
RWA_LEO550_B00_H1_L3_S131,rwa,SIM_rwa,LEO550,0,dense,H1,L3,LEO550-B00-H1-L3,32,3,131,100323,configs/sim/sample/RWA_LEO550_B00_H1_L3_S131.yaml,data/raw/sim/rwa/RWA_LEO550_B00_H1_L3_S131.mat,sim/gmat/out/env_LEO550_B00.mat,14450,0.0662,short,none,,238
RWA_LEO550_B00_H1_L3_S132,rwa,SIM_rwa,LEO550,0,dense,H1,L3,LEO550-B00-H1-L3,32,4,132,100324,configs/sim/sample/RWA_LEO550_B00_H1_L3_S132.yaml,data/raw/sim/rwa/RWA_LEO550_B00_H1_L3_S132.mat,sim/gmat/out/env_LEO550_B00.mat,15390,0.0717,short,none,,317
RWA_LEO550_B00_H2_L1_S133,rwa,SIM_rwa,LEO550,0,stare,H2,L1,LEO550-B00-H2-L1,33,1,133,100331,configs/sim/sample/RWA_LEO550_B00_H2_L1_S133.yaml,data/raw/sim/rwa/RWA_LEO550_B00_H2_L1_S133.mat,sim/gmat/out/env_LEO550_B00.mat,31870,0.1670,long,none,,18
RWA_LEO550_B00_H2_L1_S134,rwa,SIM_rwa,LEO550,0,stare,H2,L1,LEO550-B00-H2-L1,33,2,134,100332,configs/sim/sample/RWA_LEO550_B00_H2_L1_S134.yaml,data/raw/sim/rwa/RWA_LEO550_B00_H2_L1_S134.mat,sim/gmat/out/env_LEO550_B00.mat,35190,0.1862,long,rw_lube_loss,0.649,91
RWA_LEO550_B00_H2_L1_S135,rwa,SIM_rwa,LEO550,0,stare,H2,L1,LEO550-B00-H2-L1,33,3,135,100333,configs/sim/sample/RWA_LEO550_B00_H2_L1_S135.yaml,data/raw/sim/rwa/RWA_LEO550_B00_H2_L1_S135.mat,sim/gmat/out/env_LEO550_B00.mat,26660,0.1369,mid,none,,192
RWA_LEO550_B00_H2_L1_S136,rwa,SIM_rwa,LEO550,0,stare,H2,L1,LEO550-B00-H2-L1,33,4,136,100334,configs/sim/sample/RWA_LEO550_B00_H2_L1_S136.yaml,data/raw/sim/rwa/RWA_LEO550_B00_H2_L1_S136.mat,sim/gmat/out/env_LEO550_B00.mat,28820,0.1494,long,none,,268
RWA_LEO550_B00_H2_L2_S137,rwa,SIM_rwa,LEO550,0,scan,H2,L2,LEO550-B00-H2-L2,34,1,137,100341,configs/sim/sample/RWA_LEO550_B00_H2_L2_S137.yaml,data/raw/sim/rwa/RWA_LEO550_B00_H2_L2_S137.mat,sim/gmat/out/env_LEO550_B00.mat,24780,0.1260,mid,none,,36
RWA_LEO550_B00_H2_L2_S138,rwa,SIM_rwa,LEO550,0,scan,H2,L2,LEO550-B00-H2-L2,34,2,138,100342,configs/sim/sample/RWA_LEO550_B00_H2_L2_S138.yaml,data/raw/sim/rwa/RWA_LEO550_B00_H2_L2_S138.mat,sim/gmat/out/env_LEO550_B00.mat,17630,0.0846,short,none,,142
RWA_LEO550_B00_H2_L2_S139,rwa,SIM_rwa,LEO550,0,scan,H2,L2,LEO550-B00-H2-L2,34,3,139,100343,configs/sim/sample/RWA_LEO550_B00_H2_L2_S139.yaml,data/raw/sim/rwa/RWA_LEO550_B00_H2_L2_S139.mat,sim/gmat/out/env_LEO550_B00.mat,19350,0.0946,short,none,,217
RWA_LEO550_B00_H2_L2_S140,rwa,SIM_rwa,LEO550,0,scan,H2,L2,LEO550-B00-H2-L2,34,4,140,100344,configs/sim/sample/RWA_LEO550_B00_H2_L2_S140.yaml,data/raw/sim/rwa/RWA_LEO550_B00_H2_L2_S140.mat,sim/gmat/out/env_LEO550_B00.mat,23380,0.1179,mid,none,,281
RWA_LEO550_B00_H2_L3_S141,rwa,SIM_rwa,LEO550,0,dense,H2,L3,LEO550-B00-H2-L3,35,1,141,100351,configs/sim/sample/RWA_LEO550_B00_H2_L3_S141.yaml,data/raw/sim/rwa/RWA_LEO550_B00_H2_L3_S141.mat,sim/gmat/out/env_LEO550_B00.mat,13510,0.0608,short,none,,80
RWA_LEO550_B00_H2_L3_S142,rwa,SIM_rwa,LEO550,0,dense,H2,L3,LEO550-B00-H2-L3,35,2,142,100352,configs/sim/sample/RWA_LEO550_B00_H2_L3_S142.yaml,data/raw/sim/rwa/RWA_LEO550_B00_H2_L3_S142.mat,sim/gmat/out/env_LEO550_B00.mat,17110,0.0816,short,none,,146
RWA_LEO550_B00_H2_L3_S143,rwa,SIM_rwa,LEO550,0,dense,H2,L3,LEO550-B00-H2-L3,35,3,143,100353,configs/sim/sample/RWA_LEO550_B00_H2_L3_S143.yaml,data/raw/sim/rwa/RWA_LEO550_B00_H2_L3_S143.mat,sim/gmat/out/env_LEO550_B00.mat,14920,0.0690,short,none,,236
RWA_LEO550_B00_H2_L3_S144,rwa,SIM_rwa,LEO550,0,dense,H2,L3,LEO550-B00-H2-L3,35,4,144,100354,configs/sim/sample/RWA_LEO550_B00_H2_L3_S144.yaml,data/raw/sim/rwa/RWA_LEO550_B00_H2_L3_S144.mat,sim/gmat/out/env_LEO550_B00.mat,15690,0.0734,short,none,,314
RWA_LEO550_B30_H0_L1_S145,rwa,SIM_rwa,LEO550,30,stare,H0,L1,LEO550-B30-H0-L1,36,1,145,100361,configs/sim/sample/RWA_LEO550_B30_H0_L1_S145.yaml,data/raw/sim/rwa/RWA_LEO550_B30_H0_L1_S145.mat,sim/gmat/out/env_LEO550_B30.mat,39160,0.2093,long,none,,9
RWA_LEO550_B30_H0_L1_S146,rwa,SIM_rwa,LEO550,30,stare,H0,L1,LEO550-B30-H0-L1,36,2,146,100362,configs/sim/sample/RWA_LEO550_B30_H0_L1_S146.yaml,data/raw/sim/rwa/RWA_LEO550_B30_H0_L1_S146.mat,sim/gmat/out/env_LEO550_B30.mat,49140,0.2670,long,none,,82
RWA_LEO550_B30_H0_L1_S147,rwa,SIM_rwa,LEO550,30,stare,H0,L1,LEO550-B30-H0-L1,36,3,147,100363,configs/sim/sample/RWA_LEO550_B30_H0_L1_S147.yaml,data/raw/sim/rwa/RWA_LEO550_B30_H0_L1_S147.mat,sim/gmat/out/env_LEO550_B30.mat,32390,0.1701,long,none,,179
RWA_LEO550_B30_H0_L1_S148,rwa,SIM_rwa,LEO550,30,stare,H0,L1,LEO550-B30-H0-L1,36,4,148,100364,configs/sim/sample/RWA_LEO550_B30_H0_L1_S148.yaml,data/raw/sim/rwa/RWA_LEO550_B30_H0_L1_S148.mat,sim/gmat/out/env_LEO550_B30.mat,37030,0.1969,long,none,,252
RWA_LEO550_B30_H0_L2_S149,rwa,SIM_rwa,LEO550,30,scan,H0,L2,LEO550-B30-H0-L2,37,1,149,100371,configs/sim/sample/RWA_LEO550_B30_H0_L2_S149.yaml,data/raw/sim/rwa/RWA_LEO550_B30_H0_L2_S149.mat,sim/gmat/out/env_LEO550_B30.mat,33140,0.1744,long,none,,17
RWA_LEO550_B30_H0_L2_S150,rwa,SIM_rwa,LEO550,30,scan,H0,L2,LEO550-B30-H0-L2,37,2,150,100372,configs/sim/sample/RWA_LEO550_B30_H0_L2_S150.yaml,data/raw/sim/rwa/RWA_LEO550_B30_H0_L2_S150.mat,sim/gmat/out/env_LEO550_B30.mat,26150,0.1339,mid,none,,119
RWA_LEO550_B30_H0_L2_S151,rwa,SIM_rwa,LEO550,30,scan,H0,L2,LEO550-B30-H0-L2,37,3,151,100373,configs/sim/sample/RWA_LEO550_B30_H0_L2_S151.yaml,data/raw/sim/rwa/RWA_LEO550_B30_H0_L2_S151.mat,sim/gmat/out/env_LEO550_B30.mat,28700,0.1487,long,none,,186
RWA_LEO550_B30_H0_L2_S152,rwa,SIM_rwa,LEO550,30,scan,H0,L2,LEO550-B30-H0-L2,37,4,152,100374,configs/sim/sample/RWA_LEO550_B30_H0_L2_S152.yaml,data/raw/sim/rwa/RWA_LEO550_B30_H0_L2_S152.mat,sim/gmat/out/env_LEO550_B30.mat,21000,0.1041,mid,none,,290
RWA_LEO550_B30_H0_L3_S153,rwa,SIM_rwa,LEO550,30,dense,H0,L3,LEO550-B30-H0-L3,38,1,153,100381,configs/sim/sample/RWA_LEO550_B30_H0_L3_S153.yaml,data/raw/sim/rwa/RWA_LEO550_B30_H0_L3_S153.mat,sim/gmat/out/env_LEO550_B30.mat,23010,0.1158,mid,none,,44
RWA_LEO550_B30_H0_L3_S154,rwa,SIM_rwa,LEO550,30,dense,H0,L3,LEO550-B30-H0-L3,38,2,154,100382,configs/sim/sample/RWA_LEO550_B30_H0_L3_S154.yaml,data/raw/sim/rwa/RWA_LEO550_B30_H0_L3_S154.mat,sim/gmat/out/env_LEO550_B30.mat,16450,0.0778,short,none,,152
RWA_LEO550_B30_H0_L3_S155,rwa,SIM_rwa,LEO550,30,dense,H0,L3,LEO550-B30-H0-L3,38,3,155,100383,configs/sim/sample/RWA_LEO550_B30_H0_L3_S155.yaml,data/raw/sim/rwa/RWA_LEO550_B30_H0_L3_S155.mat,sim/gmat/out/env_LEO550_B30.mat,20110,0.0990,mid,none,,214
RWA_LEO550_B30_H0_L3_S156,rwa,SIM_rwa,LEO550,30,dense,H0,L3,LEO550-B30-H0-L3,38,4,156,100384,configs/sim/sample/RWA_LEO550_B30_H0_L3_S156.yaml,data/raw/sim/rwa/RWA_LEO550_B30_H0_L3_S156.mat,sim/gmat/out/env_LEO550_B30.mat,18050,0.0871,short,none,,305
RWA_LEO550_B30_H1_L1_S157,rwa,SIM_rwa,LEO550,30,stare,H1,L1,LEO550-B30-H1-L1,39,1,157,100391,configs/sim/sample/RWA_LEO550_B30_H1_L1_S157.yaml,data/raw/sim/rwa/RWA_LEO550_B30_H1_L1_S157.mat,sim/gmat/out/env_LEO550_B30.mat,28470,0.1474,long,none,,23
RWA_LEO550_B30_H1_L1_S158,rwa,SIM_rwa,LEO550,30,stare,H1,L1,LEO550-B30-H1-L1,39,2,158,100392,configs/sim/sample/RWA_LEO550_B30_H1_L1_S158.yaml,data/raw/sim/rwa/RWA_LEO550_B30_H1_L1_S158.mat,sim/gmat/out/env_LEO550_B30.mat,39990,0.2140,long,none,,86
RWA_LEO550_B30_H1_L1_S159,rwa,SIM_rwa,LEO550,30,stare,H1,L1,LEO550-B30-H1-L1,39,3,159,100393,configs/sim/sample/RWA_LEO550_B30_H1_L1_S159.yaml,data/raw/sim/rwa/RWA_LEO550_B30_H1_L1_S159.mat,sim/gmat/out/env_LEO550_B30.mat,31240,0.1634,long,none,,182
RWA_LEO550_B30_H1_L1_S160,rwa,SIM_rwa,LEO550,30,stare,H1,L1,LEO550-B30-H1-L1,39,4,160,100394,configs/sim/sample/RWA_LEO550_B30_H1_L1_S160.yaml,data/raw/sim/rwa/RWA_LEO550_B30_H1_L1_S160.mat,sim/gmat/out/env_LEO550_B30.mat,36510,0.1939,long,none,,253
RWA_LEO550_B30_H1_L2_S161,rwa,SIM_rwa,LEO550,30,scan,H1,L2,LEO550-B30-H1-L2,40,1,161,100401,configs/sim/sample/RWA_LEO550_B30_H1_L2_S161.yaml,data/raw/sim/rwa/RWA_LEO550_B30_H1_L2_S161.mat,sim/gmat/out/env_LEO550_B30.mat,24710,0.1256,mid,none,,37
RWA_LEO550_B30_H1_L2_S162,rwa,SIM_rwa,LEO550,30,scan,H1,L2,LEO550-B30-H1-L2,40,2,162,100402,configs/sim/sample/RWA_LEO550_B30_H1_L2_S162.yaml,data/raw/sim/rwa/RWA_LEO550_B30_H1_L2_S162.mat,sim/gmat/out/env_LEO550_B30.mat,27100,0.1395,mid,none,,115
RWA_LEO550_B30_H1_L2_S163,rwa,SIM_rwa,LEO550,30,scan,H1,L2,LEO550-B30-H1-L2,40,3,163,100403,configs/sim/sample/RWA_LEO550_B30_H1_L2_S163.yaml,data/raw/sim/rwa/RWA_LEO550_B30_H1_L2_S163.mat,sim/gmat/out/env_LEO550_B30.mat,22310,0.1117,mid,none,,205
RWA_LEO550_B30_H1_L2_S164,rwa,SIM_rwa,LEO550,30,scan,H1,L2,LEO550-B30-H1-L2,40,4,164,100404,configs/sim/sample/RWA_LEO550_B30_H1_L2_S164.yaml,data/raw/sim/rwa/RWA_LEO550_B30_H1_L2_S164.mat,sim/gmat/out/env_LEO550_B30.mat,19340,0.0945,short,none,,301
RWA_LEO550_B30_H1_L3_S165,rwa,SIM_rwa,LEO550,30,dense,H1,L3,LEO550-B30-H1-L3,41,1,165,100411,configs/sim/sample/RWA_LEO550_B30_H1_L3_S165.yaml,data/raw/sim/rwa/RWA_LEO550_B30_H1_L3_S165.mat,sim/gmat/out/env_LEO550_B30.mat,20020,0.0985,mid,none,,56
RWA_LEO550_B30_H1_L3_S166,rwa,SIM_rwa,LEO550,30,dense,H1,L3,LEO550-B30-H1-L3,41,2,166,100412,configs/sim/sample/RWA_LEO550_B30_H1_L3_S166.yaml,data/raw/sim/rwa/RWA_LEO550_B30_H1_L3_S166.mat,sim/gmat/out/env_LEO550_B30.mat,16780,0.0797,short,none,,150
RWA_LEO550_B30_H1_L3_S167,rwa,SIM_rwa,LEO550,30,dense,H1,L3,LEO550-B30-H1-L3,41,3,167,100413,configs/sim/sample/RWA_LEO550_B30_H1_L3_S167.yaml,data/raw/sim/rwa/RWA_LEO550_B30_H1_L3_S167.mat,sim/gmat/out/env_LEO550_B30.mat,14200,0.0648,short,none,,241
RWA_LEO550_B30_H1_L3_S168,rwa,SIM_rwa,LEO550,30,dense,H1,L3,LEO550-B30-H1-L3,41,4,168,100414,configs/sim/sample/RWA_LEO550_B30_H1_L3_S168.yaml,data/raw/sim/rwa/RWA_LEO550_B30_H1_L3_S168.mat,sim/gmat/out/env_LEO550_B30.mat,15550,0.0726,short,none,,316
RWA_LEO550_B30_H2_L1_S169,rwa,SIM_rwa,LEO550,30,stare,H2,L1,LEO550-B30-H2-L1,42,1,169,100421,configs/sim/sample/RWA_LEO550_B30_H2_L1_S169.yaml,data/raw/sim/rwa/RWA_LEO550_B30_H2_L1_S169.mat,sim/gmat/out/env_LEO550_B30.mat,26890,0.1382,mid,none,,28
RWA_LEO550_B30_H2_L1_S170,rwa,SIM_rwa,LEO550,30,stare,H2,L1,LEO550-B30-H2-L1,42,2,170,100422,configs/sim/sample/RWA_LEO550_B30_H2_L1_S170.yaml,data/raw/sim/rwa/RWA_LEO550_B30_H2_L1_S170.mat,sim/gmat/out/env_LEO550_B30.mat,33310,0.1754,long,none,,98
RWA_LEO550_B30_H2_L1_S171,rwa,SIM_rwa,LEO550,30,stare,H2,L1,LEO550-B30-H2-L1,42,3,171,100423,configs/sim/sample/RWA_LEO550_B30_H2_L1_S171.yaml,data/raw/sim/rwa/RWA_LEO550_B30_H2_L1_S171.mat,sim/gmat/out/env_LEO550_B30.mat,36650,0.1947,long,none,,167
RWA_LEO550_B30_H2_L1_S172,rwa,SIM_rwa,LEO550,30,stare,H2,L1,LEO550-B30-H2-L1,42,4,172,100424,configs/sim/sample/RWA_LEO550_B30_H2_L1_S172.yaml,data/raw/sim/rwa/RWA_LEO550_B30_H2_L1_S172.mat,sim/gmat/out/env_LEO550_B30.mat,27990,0.1446,mid,none,,271
RWA_LEO550_B30_H2_L2_S173,rwa,SIM_rwa,LEO550,30,scan,H2,L2,LEO550-B30-H2-L2,43,1,173,100431,configs/sim/sample/RWA_LEO550_B30_H2_L2_S173.yaml,data/raw/sim/rwa/RWA_LEO550_B30_H2_L2_S173.mat,sim/gmat/out/env_LEO550_B30.mat,24690,0.1255,mid,rw_lube_loss,0.636,38
RWA_LEO550_B30_H2_L2_S174,rwa,SIM_rwa,LEO550,30,scan,H2,L2,LEO550-B30-H2-L2,43,2,174,100432,configs/sim/sample/RWA_LEO550_B30_H2_L2_S174.yaml,data/raw/sim/rwa/RWA_LEO550_B30_H2_L2_S174.mat,sim/gmat/out/env_LEO550_B30.mat,19120,0.0933,short,none,,133
RWA_LEO550_B30_H2_L2_S175,rwa,SIM_rwa,LEO550,30,scan,H2,L2,LEO550-B30-H2-L2,43,3,175,100433,configs/sim/sample/RWA_LEO550_B30_H2_L2_S175.yaml,data/raw/sim/rwa/RWA_LEO550_B30_H2_L2_S175.mat,sim/gmat/out/env_LEO550_B30.mat,21540,0.1072,mid,none,,210
RWA_LEO550_B30_H2_L2_S176,rwa,SIM_rwa,LEO550,30,scan,H2,L2,LEO550-B30-H2-L2,43,4,176,100434,configs/sim/sample/RWA_LEO550_B30_H2_L2_S176.yaml,data/raw/sim/rwa/RWA_LEO550_B30_H2_L2_S176.mat,sim/gmat/out/env_LEO550_B30.mat,16890,0.0804,short,none,,308
RWA_LEO550_B30_H2_L3_S177,rwa,SIM_rwa,LEO550,30,dense,H2,L3,LEO550-B30-H2-L3,44,1,177,100441,configs/sim/sample/RWA_LEO550_B30_H2_L3_S177.yaml,data/raw/sim/rwa/RWA_LEO550_B30_H2_L3_S177.mat,sim/gmat/out/env_LEO550_B30.mat,13980,0.0635,short,none,,78
RWA_LEO550_B30_H2_L3_S178,rwa,SIM_rwa,LEO550,30,dense,H2,L3,LEO550-B30-H2-L3,44,2,178,100442,configs/sim/sample/RWA_LEO550_B30_H2_L3_S178.yaml,data/raw/sim/rwa/RWA_LEO550_B30_H2_L3_S178.mat,sim/gmat/out/env_LEO550_B30.mat,13270,0.0594,short,none,,160
RWA_LEO550_B30_H2_L3_S179,rwa,SIM_rwa,LEO550,30,dense,H2,L3,LEO550-B30-H2-L3,44,3,179,100443,configs/sim/sample/RWA_LEO550_B30_H2_L3_S179.yaml,data/raw/sim/rwa/RWA_LEO550_B30_H2_L3_S179.mat,sim/gmat/out/env_LEO550_B30.mat,18660,0.0906,short,none,,220
RWA_LEO550_B30_H2_L3_S180,rwa,SIM_rwa,LEO550,30,dense,H2,L3,LEO550-B30-H2-L3,44,4,180,100444,configs/sim/sample/RWA_LEO550_B30_H2_L3_S180.yaml,data/raw/sim/rwa/RWA_LEO550_B30_H2_L3_S180.mat,sim/gmat/out/env_LEO550_B30.mat,16050,0.0755,short,none,,311
RWA_LEO550_B60_H0_L1_S181,rwa,SIM_rwa,LEO550,60,stare,H0,L1,LEO550-B60-H0-L1,45,1,181,100451,configs/sim/sample/RWA_LEO550_B60_H0_L1_S181.yaml,data/raw/sim/rwa/RWA_LEO550_B60_H0_L1_S181.mat,sim/gmat/out/env_LEO550_B60.mat,43910,0.2367,long,rw_lube_loss,0.313,3
RWA_LEO550_B60_H0_L1_S182,rwa,SIM_rwa,LEO550,60,stare,H0,L1,LEO550-B60-H0-L1,45,2,182,100452,configs/sim/sample/RWA_LEO550_B60_H0_L1_S182.yaml,data/raw/sim/rwa/RWA_LEO550_B60_H0_L1_S182.mat,sim/gmat/out/env_LEO550_B60.mat,34710,0.1835,long,none,,93
RWA_LEO550_B60_H0_L1_S183,rwa,SIM_rwa,LEO550,60,stare,H0,L1,LEO550-B60-H0-L1,45,3,183,100453,configs/sim/sample/RWA_LEO550_B60_H0_L1_S183.yaml,data/raw/sim/rwa/RWA_LEO550_B60_H0_L1_S183.mat,sim/gmat/out/env_LEO550_B60.mat,40470,0.2168,long,none,,164
RWA_LEO550_B60_H0_L1_S184,rwa,SIM_rwa,LEO550,60,stare,H0,L1,LEO550-B60-H0-L1,45,4,184,100454,configs/sim/sample/RWA_LEO550_B60_H0_L1_S184.yaml,data/raw/sim/rwa/RWA_LEO550_B60_H0_L1_S184.mat,sim/gmat/out/env_LEO550_B60.mat,30920,0.1616,long,none,,262
RWA_LEO550_B60_H0_L2_S185,rwa,SIM_rwa,LEO550,60,scan,H0,L2,LEO550-B60-H0-L2,46,1,185,100461,configs/sim/sample/RWA_LEO550_B60_H0_L2_S185.yaml,data/raw/sim/rwa/RWA_LEO550_B60_H0_L2_S185.mat,sim/gmat/out/env_LEO550_B60.mat,28340,0.1466,long,none,,24
RWA_LEO550_B60_H0_L2_S186,rwa,SIM_rwa,LEO550,60,scan,H0,L2,LEO550-B60-H0-L2,46,2,186,100462,configs/sim/sample/RWA_LEO550_B60_H0_L2_S186.yaml,data/raw/sim/rwa/RWA_LEO550_B60_H0_L2_S186.mat,sim/gmat/out/env_LEO550_B60.mat,24030,0.1217,mid,none,,123
RWA_LEO550_B60_H0_L2_S187,rwa,SIM_rwa,LEO550,60,scan,H0,L2,LEO550-B60-H0-L2,46,3,187,100463,configs/sim/sample/RWA_LEO550_B60_H0_L2_S187.yaml,data/raw/sim/rwa/RWA_LEO550_B60_H0_L2_S187.mat,sim/gmat/out/env_LEO550_B60.mat,32430,0.1703,long,none,,178
RWA_LEO550_B60_H0_L2_S188,rwa,SIM_rwa,LEO550,60,scan,H0,L2,LEO550-B60-H0-L2,46,4,188,100464,configs/sim/sample/RWA_LEO550_B60_H0_L2_S188.yaml,data/raw/sim/rwa/RWA_LEO550_B60_H0_L2_S188.mat,sim/gmat/out/env_LEO550_B60.mat,22170,0.1109,mid,none,,287
RWA_LEO550_B60_H0_L3_S189,rwa,SIM_rwa,LEO550,60,dense,H0,L3,LEO550-B60-H0-L3,47,1,189,100471,configs/sim/sample/RWA_LEO550_B60_H0_L3_S189.yaml,data/raw/sim/rwa/RWA_LEO550_B60_H0_L3_S189.mat,sim/gmat/out/env_LEO550_B60.mat,22270,0.1115,mid,none,,46
RWA_LEO550_B60_H0_L3_S190,rwa,SIM_rwa,LEO550,60,dense,H0,L3,LEO550-B60-H0-L3,47,2,190,100472,configs/sim/sample/RWA_LEO550_B60_H0_L3_S190.yaml,data/raw/sim/rwa/RWA_LEO550_B60_H0_L3_S190.mat,sim/gmat/out/env_LEO550_B60.mat,15120,0.0701,short,none,,157
RWA_LEO550_B60_H0_L3_S191,rwa,SIM_rwa,LEO550,60,dense,H0,L3,LEO550-B60-H0-L3,47,3,191,100473,configs/sim/sample/RWA_LEO550_B60_H0_L3_S191.yaml,data/raw/sim/rwa/RWA_LEO550_B60_H0_L3_S191.mat,sim/gmat/out/env_LEO550_B60.mat,19430,0.0950,short,none,,216
RWA_LEO550_B60_H0_L3_S192,rwa,SIM_rwa,LEO550,60,dense,H0,L3,LEO550-B60-H0-L3,47,4,192,100474,configs/sim/sample/RWA_LEO550_B60_H0_L3_S192.yaml,data/raw/sim/rwa/RWA_LEO550_B60_H0_L3_S192.mat,sim/gmat/out/env_LEO550_B60.mat,18400,0.0891,short,none,,304
RWA_LEO550_B60_H1_L1_S193,rwa,SIM_rwa,LEO550,60,stare,H1,L1,LEO550-B60-H1-L1,48,1,193,100481,configs/sim/sample/RWA_LEO550_B60_H1_L1_S193.yaml,data/raw/sim/rwa/RWA_LEO550_B60_H1_L1_S193.mat,sim/gmat/out/env_LEO550_B60.mat,39530,0.2114,long,none,,8
RWA_LEO550_B60_H1_L1_S194,rwa,SIM_rwa,LEO550,60,stare,H1,L1,LEO550-B60-H1-L1,48,2,194,100482,configs/sim/sample/RWA_LEO550_B60_H1_L1_S194.yaml,data/raw/sim/rwa/RWA_LEO550_B60_H1_L1_S194.mat,sim/gmat/out/env_LEO550_B60.mat,30370,0.1584,long,none,,106
RWA_LEO550_B60_H1_L1_S195,rwa,SIM_rwa,LEO550,60,stare,H1,L1,LEO550-B60-H1-L1,48,3,195,100483,configs/sim/sample/RWA_LEO550_B60_H1_L1_S195.yaml,data/raw/sim/rwa/RWA_LEO550_B60_H1_L1_S195.mat,sim/gmat/out/env_LEO550_B60.mat,27420,0.1413,mid,none,,190
RWA_LEO550_B60_H1_L1_S196,rwa,SIM_rwa,LEO550,60,stare,H1,L1,LEO550-B60-H1-L1,48,4,196,100484,configs/sim/sample/RWA_LEO550_B60_H1_L1_S196.yaml,data/raw/sim/rwa/RWA_LEO550_B60_H1_L1_S196.mat,sim/gmat/out/env_LEO550_B60.mat,35870,0.1902,long,none,,255
RWA_LEO550_B60_H1_L2_S197,rwa,SIM_rwa,LEO550,60,scan,H1,L2,LEO550-B60-H1-L2,49,1,197,100491,configs/sim/sample/RWA_LEO550_B60_H1_L2_S197.yaml,data/raw/sim/rwa/RWA_LEO550_B60_H1_L2_S197.mat,sim/gmat/out/env_LEO550_B60.mat,21850,0.1091,mid,none,,48
RWA_LEO550_B60_H1_L2_S198,rwa,SIM_rwa,LEO550,60,scan,H1,L2,LEO550-B60-H1-L2,49,2,198,100492,configs/sim/sample/RWA_LEO550_B60_H1_L2_S198.yaml,data/raw/sim/rwa/RWA_LEO550_B60_H1_L2_S198.mat,sim/gmat/out/env_LEO550_B60.mat,27350,0.1409,mid,none,,114
RWA_LEO550_B60_H1_L2_S199,rwa,SIM_rwa,LEO550,60,scan,H1,L2,LEO550-B60-H1-L2,49,3,199,100493,configs/sim/sample/RWA_LEO550_B60_H1_L2_S199.yaml,data/raw/sim/rwa/RWA_LEO550_B60_H1_L2_S199.mat,sim/gmat/out/env_LEO550_B60.mat,23260,0.1172,mid,none,,202
RWA_LEO550_B60_H1_L2_S200,rwa,SIM_rwa,LEO550,60,scan,H1,L2,LEO550-B60-H1-L2,49,4,200,100494,configs/sim/sample/RWA_LEO550_B60_H1_L2_S200.yaml,data/raw/sim/rwa/RWA_LEO550_B60_H1_L2_S200.mat,sim/gmat/out/env_LEO550_B60.mat,20240,0.0998,mid,none,,293
RWA_LEO550_B60_H1_L3_S201,rwa,SIM_rwa,LEO550,60,dense,H1,L3,LEO550-B60-H1-L3,50,1,201,100501,configs/sim/sample/RWA_LEO550_B60_H1_L3_S201.yaml,data/raw/sim/rwa/RWA_LEO550_B60_H1_L3_S201.mat,sim/gmat/out/env_LEO550_B60.mat,20010,0.0984,mid,none,,57
RWA_LEO550_B60_H1_L3_S202,rwa,SIM_rwa,LEO550,60,dense,H1,L3,LEO550-B60-H1-L3,50,2,202,100502,configs/sim/sample/RWA_LEO550_B60_H1_L3_S202.yaml,data/raw/sim/rwa/RWA_LEO550_B60_H1_L3_S202.mat,sim/gmat/out/env_LEO550_B60.mat,15330,0.0713,short,none,,155
RWA_LEO550_B60_H1_L3_S203,rwa,SIM_rwa,LEO550,60,dense,H1,L3,LEO550-B60-H1-L3,50,3,203,100503,configs/sim/sample/RWA_LEO550_B60_H1_L3_S203.yaml,data/raw/sim/rwa/RWA_LEO550_B60_H1_L3_S203.mat,sim/gmat/out/env_LEO550_B60.mat,16710,0.0793,short,none,,228
RWA_LEO550_B60_H1_L3_S204,rwa,SIM_rwa,LEO550,60,dense,H1,L3,LEO550-B60-H1-L3,50,4,204,100504,configs/sim/sample/RWA_LEO550_B60_H1_L3_S204.yaml,data/raw/sim/rwa/RWA_LEO550_B60_H1_L3_S204.mat,sim/gmat/out/env_LEO550_B60.mat,13580,0.0612,short,none,,319
RWA_LEO550_B60_H2_L1_S205,rwa,SIM_rwa,LEO550,60,stare,H2,L1,LEO550-B60-H2-L1,51,1,205,100511,configs/sim/sample/RWA_LEO550_B60_H2_L1_S205.yaml,data/raw/sim/rwa/RWA_LEO550_B60_H2_L1_S205.mat,sim/gmat/out/env_LEO550_B60.mat,26610,0.1366,mid,none,,31
RWA_LEO550_B60_H2_L1_S206,rwa,SIM_rwa,LEO550,60,stare,H2,L1,LEO550-B60-H2-L1,51,2,206,100512,configs/sim/sample/RWA_LEO550_B60_H2_L1_S206.yaml,data/raw/sim/rwa/RWA_LEO550_B60_H2_L1_S206.mat,sim/gmat/out/env_LEO550_B60.mat,31360,0.1641,long,none,,103
RWA_LEO550_B60_H2_L1_S207,rwa,SIM_rwa,LEO550,60,stare,H2,L1,LEO550-B60-H2-L1,51,3,207,100513,configs/sim/sample/RWA_LEO550_B60_H2_L1_S207.yaml,data/raw/sim/rwa/RWA_LEO550_B60_H2_L1_S207.mat,sim/gmat/out/env_LEO550_B60.mat,38620,0.2061,long,none,,166
RWA_LEO550_B60_H2_L1_S208,rwa,SIM_rwa,LEO550,60,stare,H2,L1,LEO550-B60-H2-L1,51,4,208,100514,configs/sim/sample/RWA_LEO550_B60_H2_L1_S208.yaml,data/raw/sim/rwa/RWA_LEO550_B60_H2_L1_S208.mat,sim/gmat/out/env_LEO550_B60.mat,29650,0.1542,long,none,,265
RWA_LEO550_B60_H2_L2_S209,rwa,SIM_rwa,LEO550,60,scan,H2,L2,LEO550-B60-H2-L2,52,1,209,100521,configs/sim/sample/RWA_LEO550_B60_H2_L2_S209.yaml,data/raw/sim/rwa/RWA_LEO550_B60_H2_L2_S209.mat,sim/gmat/out/env_LEO550_B60.mat,24520,0.1245,mid,none,,40
RWA_LEO550_B60_H2_L2_S210,rwa,SIM_rwa,LEO550,60,scan,H2,L2,LEO550-B60-H2-L2,52,2,210,100522,configs/sim/sample/RWA_LEO550_B60_H2_L2_S210.yaml,data/raw/sim/rwa/RWA_LEO550_B60_H2_L2_S210.mat,sim/gmat/out/env_LEO550_B60.mat,22710,0.1140,mid,none,,125
RWA_LEO550_B60_H2_L2_S211,rwa,SIM_rwa,LEO550,60,scan,H2,L2,LEO550-B60-H2-L2,52,3,211,100523,configs/sim/sample/RWA_LEO550_B60_H2_L2_S211.yaml,data/raw/sim/rwa/RWA_LEO550_B60_H2_L2_S211.mat,sim/gmat/out/env_LEO550_B60.mat,17350,0.0830,short,none,,223
RWA_LEO550_B60_H2_L2_S212,rwa,SIM_rwa,LEO550,60,scan,H2,L2,LEO550-B60-H2-L2,52,4,212,100524,configs/sim/sample/RWA_LEO550_B60_H2_L2_S212.yaml,data/raw/sim/rwa/RWA_LEO550_B60_H2_L2_S212.mat,sim/gmat/out/env_LEO550_B60.mat,20070,0.0988,mid,none,,294
RWA_LEO550_B60_H2_L3_S213,rwa,SIM_rwa,LEO550,60,dense,H2,L3,LEO550-B60-H2-L3,53,1,213,100531,configs/sim/sample/RWA_LEO550_B60_H2_L3_S213.yaml,data/raw/sim/rwa/RWA_LEO550_B60_H2_L3_S213.mat,sim/gmat/out/env_LEO550_B60.mat,14710,0.0677,short,none,,75
RWA_LEO550_B60_H2_L3_S214,rwa,SIM_rwa,LEO550,60,dense,H2,L3,LEO550-B60-H2-L3,53,2,214,100532,configs/sim/sample/RWA_LEO550_B60_H2_L3_S214.yaml,data/raw/sim/rwa/RWA_LEO550_B60_H2_L3_S214.mat,sim/gmat/out/env_LEO550_B60.mat,18550,0.0899,short,none,,138
RWA_LEO550_B60_H2_L3_S215,rwa,SIM_rwa,LEO550,60,dense,H2,L3,LEO550-B60-H2-L3,53,3,215,100533,configs/sim/sample/RWA_LEO550_B60_H2_L3_S215.yaml,data/raw/sim/rwa/RWA_LEO550_B60_H2_L3_S215.mat,sim/gmat/out/env_LEO550_B60.mat,15140,0.0702,short,none,,234
RWA_LEO550_B60_H2_L3_S216,rwa,SIM_rwa,LEO550,60,dense,H2,L3,LEO550-B60-H2-L3,53,4,216,100534,configs/sim/sample/RWA_LEO550_B60_H2_L3_S216.yaml,data/raw/sim/rwa/RWA_LEO550_B60_H2_L3_S216.mat,sim/gmat/out/env_LEO550_B60.mat,13310,0.0596,short,none,,321
RWA_LEO700_B00_H0_L1_S217,rwa,SIM_rwa,LEO700,0,stare,H0,L1,LEO700-B00-H0-L1,54,1,217,100541,configs/sim/sample/RWA_LEO700_B00_H0_L1_S217.yaml,data/raw/sim/rwa/RWA_LEO700_B00_H0_L1_S217.mat,sim/gmat/out/env_LEO700_B00.mat,48240,0.2618,long,none,,1
RWA_LEO700_B00_H0_L1_S218,rwa,SIM_rwa,LEO700,0,stare,H0,L1,LEO700-B00-H0-L1,54,2,218,100542,configs/sim/sample/RWA_LEO700_B00_H0_L1_S218.yaml,data/raw/sim/rwa/RWA_LEO700_B00_H0_L1_S218.mat,sim/gmat/out/env_LEO700_B00.mat,39730,0.2125,long,none,,87
RWA_LEO700_B00_H0_L1_S219,rwa,SIM_rwa,LEO700,0,stare,H0,L1,LEO700-B00-H0-L1,54,3,219,100543,configs/sim/sample/RWA_LEO700_B00_H0_L1_S219.yaml,data/raw/sim/rwa/RWA_LEO700_B00_H0_L1_S219.mat,sim/gmat/out/env_LEO700_B00.mat,33400,0.1759,long,none,,176
RWA_LEO700_B00_H0_L1_S220,rwa,SIM_rwa,LEO700,0,stare,H0,L1,LEO700-B00-H0-L1,54,4,220,100544,configs/sim/sample/RWA_LEO700_B00_H0_L1_S220.yaml,data/raw/sim/rwa/RWA_LEO700_B00_H0_L1_S220.mat,sim/gmat/out/env_LEO700_B00.mat,34800,0.1840,long,none,,257
RWA_LEO700_B00_H0_L2_S221,rwa,SIM_rwa,LEO700,0,scan,H0,L2,LEO700-B00-H0-L2,55,1,221,100551,configs/sim/sample/RWA_LEO700_B00_H0_L2_S221.yaml,data/raw/sim/rwa/RWA_LEO700_B00_H0_L2_S221.mat,sim/gmat/out/env_LEO700_B00.mat,22260,0.1114,mid,none,,47
RWA_LEO700_B00_H0_L2_S222,rwa,SIM_rwa,LEO700,0,scan,H0,L2,LEO700-B00-H0-L2,55,2,222,100552,configs/sim/sample/RWA_LEO700_B00_H0_L2_S222.yaml,data/raw/sim/rwa/RWA_LEO700_B00_H0_L2_S222.mat,sim/gmat/out/env_LEO700_B00.mat,32980,0.1735,long,none,,99
RWA_LEO700_B00_H0_L2_S223,rwa,SIM_rwa,LEO700,0,scan,H0,L2,LEO700-B00-H0-L2,55,3,223,100553,configs/sim/sample/RWA_LEO700_B00_H0_L2_S223.yaml,data/raw/sim/rwa/RWA_LEO700_B00_H0_L2_S223.mat,sim/gmat/out/env_LEO700_B00.mat,23860,0.1207,mid,none,,199
RWA_LEO700_B00_H0_L2_S224,rwa,SIM_rwa,LEO700,0,scan,H0,L2,LEO700-B00-H0-L2,55,4,224,100554,configs/sim/sample/RWA_LEO700_B00_H0_L2_S224.yaml,data/raw/sim/rwa/RWA_LEO700_B00_H0_L2_S224.mat,sim/gmat/out/env_LEO700_B00.mat,28970,0.1503,long,none,,267
RWA_LEO700_B00_H0_L3_S225,rwa,SIM_rwa,LEO700,0,dense,H0,L3,LEO700-B00-H0-L3,56,1,225,100561,configs/sim/sample/RWA_LEO700_B00_H0_L3_S225.yaml,data/raw/sim/rwa/RWA_LEO700_B00_H0_L3_S225.mat,sim/gmat/out/env_LEO700_B00.mat,17710,0.0851,short,none,,65
RWA_LEO700_B00_H0_L3_S226,rwa,SIM_rwa,LEO700,0,dense,H0,L3,LEO700-B00-H0-L3,56,2,226,100562,configs/sim/sample/RWA_LEO700_B00_H0_L3_S226.yaml,data/raw/sim/rwa/RWA_LEO700_B00_H0_L3_S226.mat,sim/gmat/out/env_LEO700_B00.mat,15340,0.0714,short,none,,154
RWA_LEO700_B00_H0_L3_S227,rwa,SIM_rwa,LEO700,0,dense,H0,L3,LEO700-B00-H0-L3,56,3,227,100563,configs/sim/sample/RWA_LEO700_B00_H0_L3_S227.yaml,data/raw/sim/rwa/RWA_LEO700_B00_H0_L3_S227.mat,sim/gmat/out/env_LEO700_B00.mat,19050,0.0929,short,none,,219
RWA_LEO700_B00_H0_L3_S228,rwa,SIM_rwa,LEO700,0,dense,H0,L3,LEO700-B00-H0-L3,56,4,228,100564,configs/sim/sample/RWA_LEO700_B00_H0_L3_S228.yaml,data/raw/sim/rwa/RWA_LEO700_B00_H0_L3_S228.mat,sim/gmat/out/env_LEO700_B00.mat,23190,0.1168,mid,none,,282
RWA_LEO700_B00_H1_L1_S229,rwa,SIM_rwa,LEO700,0,stare,H1,L1,LEO700-B00-H1-L1,57,1,229,100571,configs/sim/sample/RWA_LEO700_B00_H1_L1_S229.yaml,data/raw/sim/rwa/RWA_LEO700_B00_H1_L1_S229.mat,sim/gmat/out/env_LEO700_B00.mat,41320,0.2217,long,none,,4
RWA_LEO700_B00_H1_L1_S230,rwa,SIM_rwa,LEO700,0,stare,H1,L1,LEO700-B00-H1-L1,57,2,230,100572,configs/sim/sample/RWA_LEO700_B00_H1_L1_S230.yaml,data/raw/sim/rwa/RWA_LEO700_B00_H1_L1_S230.mat,sim/gmat/out/env_LEO700_B00.mat,32930,0.1732,long,none,,100
RWA_LEO700_B00_H1_L1_S231,rwa,SIM_rwa,LEO700,0,stare,H1,L1,LEO700-B00-H1-L1,57,3,231,100573,configs/sim/sample/RWA_LEO700_B00_H1_L1_S231.yaml,data/raw/sim/rwa/RWA_LEO700_B00_H1_L1_S231.mat,sim/gmat/out/env_LEO700_B00.mat,26360,0.1352,mid,none,,194
RWA_LEO700_B00_H1_L1_S232,rwa,SIM_rwa,LEO700,0,stare,H1,L1,LEO700-B00-H1-L1,57,4,232,100574,configs/sim/sample/RWA_LEO700_B00_H1_L1_S232.yaml,data/raw/sim/rwa/RWA_LEO700_B00_H1_L1_S232.mat,sim/gmat/out/env_LEO700_B00.mat,36490,0.1938,long,none,,254
RWA_LEO700_B00_H1_L2_S233,rwa,SIM_rwa,LEO700,0,scan,H1,L2,LEO700-B00-H1-L2,58,1,233,100581,configs/sim/sample/RWA_LEO700_B00_H1_L2_S233.yaml,data/raw/sim/rwa/RWA_LEO700_B00_H1_L2_S233.mat,sim/gmat/out/env_LEO700_B00.mat,19150,0.0934,short,rw_lube_loss,0.624,59
RWA_LEO700_B00_H1_L2_S234,rwa,SIM_rwa,LEO700,0,scan,H1,L2,LEO700-B00-H1-L2,58,2,234,100582,configs/sim/sample/RWA_LEO700_B00_H1_L2_S234.yaml,data/raw/sim/rwa/RWA_LEO700_B00_H1_L2_S234.mat,sim/gmat/out/env_LEO700_B00.mat,21640,0.1078,mid,none,,129
RWA_LEO700_B00_H1_L2_S235,rwa,SIM_rwa,LEO700,0,scan,H1,L2,LEO700-B00-H1-L2,58,3,235,100583,configs/sim/sample/RWA_LEO700_B00_H1_L2_S235.yaml,data/raw/sim/rwa/RWA_LEO700_B00_H1_L2_S235.mat,sim/gmat/out/env_LEO700_B00.mat,24760,0.1259,mid,none,,197
RWA_LEO700_B00_H1_L2_S236,rwa,SIM_rwa,LEO700,0,scan,H1,L2,LEO700-B00-H1-L2,58,4,236,100584,configs/sim/sample/RWA_LEO700_B00_H1_L2_S236.yaml,data/raw/sim/rwa/RWA_LEO700_B00_H1_L2_S236.mat,sim/gmat/out/env_LEO700_B00.mat,25700,0.1313,mid,none,,276
RWA_LEO700_B00_H1_L3_S237,rwa,SIM_rwa,LEO700,0,dense,H1,L3,LEO700-B00-H1-L3,59,1,237,100591,configs/sim/sample/RWA_LEO700_B00_H1_L3_S237.yaml,data/raw/sim/rwa/RWA_LEO700_B00_H1_L3_S237.mat,sim/gmat/out/env_LEO700_B00.mat,16600,0.0787,short,none,,68
RWA_LEO700_B00_H1_L3_S238,rwa,SIM_rwa,LEO700,0,dense,H1,L3,LEO700-B00-H1-L3,59,2,238,100592,configs/sim/sample/RWA_LEO700_B00_H1_L3_S238.yaml,data/raw/sim/rwa/RWA_LEO700_B00_H1_L3_S238.mat,sim/gmat/out/env_LEO700_B00.mat,19220,0.0938,short,none,,132
RWA_LEO700_B00_H1_L3_S239,rwa,SIM_rwa,LEO700,0,dense,H1,L3,LEO700-B00-H1-L3,59,3,239,100593,configs/sim/sample/RWA_LEO700_B00_H1_L3_S239.yaml,data/raw/sim/rwa/RWA_LEO700_B00_H1_L3_S239.mat,sim/gmat/out/env_LEO700_B00.mat,13310,0.0597,short,none,,243
RWA_LEO700_B00_H1_L3_S240,rwa,SIM_rwa,LEO700,0,dense,H1,L3,LEO700-B00-H1-L3,59,4,240,100594,configs/sim/sample/RWA_LEO700_B00_H1_L3_S240.yaml,data/raw/sim/rwa/RWA_LEO700_B00_H1_L3_S240.mat,sim/gmat/out/env_LEO700_B00.mat,16250,0.0767,short,none,,310
RWA_LEO700_B00_H2_L1_S241,rwa,SIM_rwa,LEO700,0,stare,H2,L1,LEO700-B00-H2-L1,60,1,241,100601,configs/sim/sample/RWA_LEO700_B00_H2_L1_S241.yaml,data/raw/sim/rwa/RWA_LEO700_B00_H2_L1_S241.mat,sim/gmat/out/env_LEO700_B00.mat,26720,0.1372,mid,none,,29
RWA_LEO700_B00_H2_L1_S242,rwa,SIM_rwa,LEO700,0,stare,H2,L1,LEO700-B00-H2-L1,60,2,242,100602,configs/sim/sample/RWA_LEO700_B00_H2_L1_S242.yaml,data/raw/sim/rwa/RWA_LEO700_B00_H2_L1_S242.mat,sim/gmat/out/env_LEO700_B00.mat,28880,0.1497,long,none,,109
RWA_LEO700_B00_H2_L1_S243,rwa,SIM_rwa,LEO700,0,stare,H2,L1,LEO700-B00-H2-L1,60,3,243,100603,configs/sim/sample/RWA_LEO700_B00_H2_L1_S243.yaml,data/raw/sim/rwa/RWA_LEO700_B00_H2_L1_S243.mat,sim/gmat/out/env_LEO700_B00.mat,33430,0.1760,long,none,,174
RWA_LEO700_B00_H2_L1_S244,rwa,SIM_rwa,LEO700,0,stare,H2,L1,LEO700-B00-H2-L1,60,4,244,100604,configs/sim/sample/RWA_LEO700_B00_H2_L1_S244.yaml,data/raw/sim/rwa/RWA_LEO700_B00_H2_L1_S244.mat,sim/gmat/out/env_LEO700_B00.mat,38010,0.2026,long,none,,251
RWA_LEO700_B00_H2_L2_S245,rwa,SIM_rwa,LEO700,0,scan,H2,L2,LEO700-B00-H2-L2,61,1,245,100611,configs/sim/sample/RWA_LEO700_B00_H2_L2_S245.yaml,data/raw/sim/rwa/RWA_LEO700_B00_H2_L2_S245.mat,sim/gmat/out/env_LEO700_B00.mat,20560,0.1016,mid,none,,54
RWA_LEO700_B00_H2_L2_S246,rwa,SIM_rwa,LEO700,0,scan,H2,L2,LEO700-B00-H2-L2,61,2,246,100612,configs/sim/sample/RWA_LEO700_B00_H2_L2_S246.yaml,data/raw/sim/rwa/RWA_LEO700_B00_H2_L2_S246.mat,sim/gmat/out/env_LEO700_B00.mat,17140,0.0818,short,none,,145
RWA_LEO700_B00_H2_L2_S247,rwa,SIM_rwa,LEO700,0,scan,H2,L2,LEO700-B00-H2-L2,61,3,247,100613,configs/sim/sample/RWA_LEO700_B00_H2_L2_S247.yaml,data/raw/sim/rwa/RWA_LEO700_B00_H2_L2_S247.mat,sim/gmat/out/env_LEO700_B00.mat,22050,0.1102,mid,rw_lube_loss,0.550,207
RWA_LEO700_B00_H2_L2_S248,rwa,SIM_rwa,LEO700,0,scan,H2,L2,LEO700-B00-H2-L2,61,4,248,100614,configs/sim/sample/RWA_LEO700_B00_H2_L2_S248.yaml,data/raw/sim/rwa/RWA_LEO700_B00_H2_L2_S248.mat,sim/gmat/out/env_LEO700_B00.mat,26190,0.1342,mid,none,,275
RWA_LEO700_B00_H2_L3_S249,rwa,SIM_rwa,LEO700,0,dense,H2,L3,LEO700-B00-H2-L3,62,1,249,100621,configs/sim/sample/RWA_LEO700_B00_H2_L3_S249.yaml,data/raw/sim/rwa/RWA_LEO700_B00_H2_L3_S249.mat,sim/gmat/out/env_LEO700_B00.mat,15130,0.0702,short,rw_lube_loss,0.328,74
RWA_LEO700_B00_H2_L3_S250,rwa,SIM_rwa,LEO700,0,dense,H2,L3,LEO700-B00-H2-L3,62,2,250,100622,configs/sim/sample/RWA_LEO700_B00_H2_L3_S250.yaml,data/raw/sim/rwa/RWA_LEO700_B00_H2_L3_S250.mat,sim/gmat/out/env_LEO700_B00.mat,17170,0.0820,short,none,,144
RWA_LEO700_B00_H2_L3_S251,rwa,SIM_rwa,LEO700,0,dense,H2,L3,LEO700-B00-H2-L3,62,3,251,100623,configs/sim/sample/RWA_LEO700_B00_H2_L3_S251.yaml,data/raw/sim/rwa/RWA_LEO700_B00_H2_L3_S251.mat,sim/gmat/out/env_LEO700_B00.mat,14460,0.0663,short,none,,237
RWA_LEO700_B00_H2_L3_S252,rwa,SIM_rwa,LEO700,0,dense,H2,L3,LEO700-B00-H2-L3,62,4,252,100624,configs/sim/sample/RWA_LEO700_B00_H2_L3_S252.yaml,data/raw/sim/rwa/RWA_LEO700_B00_H2_L3_S252.mat,sim/gmat/out/env_LEO700_B00.mat,12800,0.0567,short,none,,323
RWA_LEO700_B30_H0_L1_S253,rwa,SIM_rwa,LEO700,30,stare,H0,L1,LEO700-B30-H0-L1,63,1,253,100631,configs/sim/sample/RWA_LEO700_B30_H0_L1_S253.yaml,data/raw/sim/rwa/RWA_LEO700_B30_H0_L1_S253.mat,sim/gmat/out/env_LEO700_B30.mat,47140,0.2554,long,none,,2
RWA_LEO700_B30_H0_L1_S254,rwa,SIM_rwa,LEO700,30,stare,H0,L1,LEO700-B30-H0-L1,63,2,254,100632,configs/sim/sample/RWA_LEO700_B30_H0_L1_S254.yaml,data/raw/sim/rwa/RWA_LEO700_B30_H0_L1_S254.mat,sim/gmat/out/env_LEO700_B30.mat,34250,0.1808,long,none,,95
RWA_LEO700_B30_H0_L1_S255,rwa,SIM_rwa,LEO700,30,stare,H0,L1,LEO700-B30-H0-L1,63,3,255,100633,configs/sim/sample/RWA_LEO700_B30_H0_L1_S255.yaml,data/raw/sim/rwa/RWA_LEO700_B30_H0_L1_S255.mat,sim/gmat/out/env_LEO700_B30.mat,41740,0.2242,long,none,,163
RWA_LEO700_B30_H0_L1_S256,rwa,SIM_rwa,LEO700,30,stare,H0,L1,LEO700-B30-H0-L1,63,4,256,100634,configs/sim/sample/RWA_LEO700_B30_H0_L1_S256.yaml,data/raw/sim/rwa/RWA_LEO700_B30_H0_L1_S256.mat,sim/gmat/out/env_LEO700_B30.mat,34690,0.1833,long,none,,258
RWA_LEO700_B30_H0_L2_S257,rwa,SIM_rwa,LEO700,30,scan,H0,L2,LEO700-B30-H0-L2,64,1,257,100641,configs/sim/sample/RWA_LEO700_B30_H0_L2_S257.yaml,data/raw/sim/rwa/RWA_LEO700_B30_H0_L2_S257.mat,sim/gmat/out/env_LEO700_B30.mat,21380,0.1063,mid,none,,51
RWA_LEO700_B30_H0_L2_S258,rwa,SIM_rwa,LEO700,30,scan,H0,L2,LEO700-B30-H0-L2,64,2,258,100642,configs/sim/sample/RWA_LEO700_B30_H0_L2_S258.yaml,data/raw/sim/rwa/RWA_LEO700_B30_H0_L2_S258.mat,sim/gmat/out/env_LEO700_B30.mat,25910,0.1326,mid,none,,121
RWA_LEO700_B30_H0_L2_S259,rwa,SIM_rwa,LEO700,30,scan,H0,L2,LEO700-B30-H0-L2,64,3,259,100643,configs/sim/sample/RWA_LEO700_B30_H0_L2_S259.yaml,data/raw/sim/rwa/RWA_LEO700_B30_H0_L2_S259.mat,sim/gmat/out/env_LEO700_B30.mat,29640,0.1541,long,none,,185
RWA_LEO700_B30_H0_L2_S260,rwa,SIM_rwa,LEO700,30,scan,H0,L2,LEO700-B30-H0-L2,64,4,260,100644,configs/sim/sample/RWA_LEO700_B30_H0_L2_S260.yaml,data/raw/sim/rwa/RWA_LEO700_B30_H0_L2_S260.mat,sim/gmat/out/env_LEO700_B30.mat,30530,0.1593,long,none,,263
RWA_LEO700_B30_H0_L3_S261,rwa,SIM_rwa,LEO700,30,dense,H0,L3,LEO700-B30-H0-L3,65,1,261,100651,configs/sim/sample/RWA_LEO700_B30_H0_L3_S261.yaml,data/raw/sim/rwa/RWA_LEO700_B30_H0_L3_S261.mat,sim/gmat/out/env_LEO700_B30.mat,21360,0.1062,mid,none,,52
RWA_LEO700_B30_H0_L3_S262,rwa,SIM_rwa,LEO700,30,dense,H0,L3,LEO700-B30-H0-L3,65,2,262,100652,configs/sim/sample/RWA_LEO700_B30_H0_L3_S262.yaml,data/raw/sim/rwa/RWA_LEO700_B30_H0_L3_S262.mat,sim/gmat/out/env_LEO700_B30.mat,17090,0.0815,short,none,,148
RWA_LEO700_B30_H0_L3_S263,rwa,SIM_rwa,LEO700,30,dense,H0,L3,LEO700-B30-H0-L3,65,3,263,100653,configs/sim/sample/RWA_LEO700_B30_H0_L3_S263.yaml,data/raw/sim/rwa/RWA_LEO700_B30_H0_L3_S263.mat,sim/gmat/out/env_LEO700_B30.mat,15140,0.0702,short,none,,235
RWA_LEO700_B30_H0_L3_S264,rwa,SIM_rwa,LEO700,30,dense,H0,L3,LEO700-B30-H0-L3,65,4,264,100654,configs/sim/sample/RWA_LEO700_B30_H0_L3_S264.yaml,data/raw/sim/rwa/RWA_LEO700_B30_H0_L3_S264.mat,sim/gmat/out/env_LEO700_B30.mat,19470,0.0953,short,none,,300
RWA_LEO700_B30_H1_L1_S265,rwa,SIM_rwa,LEO700,30,stare,H1,L1,LEO700-B30-H1-L1,66,1,265,100661,configs/sim/sample/RWA_LEO700_B30_H1_L1_S265.yaml,data/raw/sim/rwa/RWA_LEO700_B30_H1_L1_S265.mat,sim/gmat/out/env_LEO700_B30.mat,27990,0.1446,mid,none,,25
RWA_LEO700_B30_H1_L1_S266,rwa,SIM_rwa,LEO700,30,stare,H1,L1,LEO700-B30-H1-L1,66,2,266,100662,configs/sim/sample/RWA_LEO700_B30_H1_L1_S266.yaml,data/raw/sim/rwa/RWA_LEO700_B30_H1_L1_S266.mat,sim/gmat/out/env_LEO700_B30.mat,30230,0.1576,long,none,,107
RWA_LEO700_B30_H1_L1_S267,rwa,SIM_rwa,LEO700,30,stare,H1,L1,LEO700-B30-H1-L1,66,3,267,100663,configs/sim/sample/RWA_LEO700_B30_H1_L1_S267.yaml,data/raw/sim/rwa/RWA_LEO700_B30_H1_L1_S267.mat,sim/gmat/out/env_LEO700_B30.mat,33420,0.1760,long,none,,175
RWA_LEO700_B30_H1_L1_S268,rwa,SIM_rwa,LEO700,30,stare,H1,L1,LEO700-B30-H1-L1,66,4,268,100664,configs/sim/sample/RWA_LEO700_B30_H1_L1_S268.yaml,data/raw/sim/rwa/RWA_LEO700_B30_H1_L1_S268.mat,sim/gmat/out/env_LEO700_B30.mat,39330,0.2102,long,none,,250
RWA_LEO700_B30_H1_L2_S269,rwa,SIM_rwa,LEO700,30,scan,H1,L2,LEO700-B30-H1-L2,67,1,269,100671,configs/sim/sample/RWA_LEO700_B30_H1_L2_S269.yaml,data/raw/sim/rwa/RWA_LEO700_B30_H1_L2_S269.mat,sim/gmat/out/env_LEO700_B30.mat,24670,0.1254,mid,none,,39
RWA_LEO700_B30_H1_L2_S270,rwa,SIM_rwa,LEO700,30,scan,H1,L2,LEO700-B30-H1-L2,67,2,270,100672,configs/sim/sample/RWA_LEO700_B30_H1_L2_S270.yaml,data/raw/sim/rwa/RWA_LEO700_B30_H1_L2_S270.mat,sim/gmat/out/env_LEO700_B30.mat,25940,0.1327,mid,none,,120
RWA_LEO700_B30_H1_L2_S271,rwa,SIM_rwa,LEO700,30,scan,H1,L2,LEO700-B30-H1-L2,67,3,271,100673,configs/sim/sample/RWA_LEO700_B30_H1_L2_S271.yaml,data/raw/sim/rwa/RWA_LEO700_B30_H1_L2_S271.mat,sim/gmat/out/env_LEO700_B30.mat,20180,0.0994,mid,none,,213
RWA_LEO700_B30_H1_L2_S272,rwa,SIM_rwa,LEO700,30,scan,H1,L2,LEO700-B30-H1-L2,67,4,272,100674,configs/sim/sample/RWA_LEO700_B30_H1_L2_S272.yaml,data/raw/sim/rwa/RWA_LEO700_B30_H1_L2_S272.mat,sim/gmat/out/env_LEO700_B30.mat,20450,0.1009,mid,none,,291
RWA_LEO700_B30_H1_L3_S273,rwa,SIM_rwa,LEO700,30,dense,H1,L3,LEO700-B30-H1-L3,68,1,273,100681,configs/sim/sample/RWA_LEO700_B30_H1_L3_S273.yaml,data/raw/sim/rwa/RWA_LEO700_B30_H1_L3_S273.mat,sim/gmat/out/env_LEO700_B30.mat,15990,0.0751,short,none,,72
RWA_LEO700_B30_H1_L3_S274,rwa,SIM_rwa,LEO700,30,dense,H1,L3,LEO700-B30-H1-L3,68,2,274,100682,configs/sim/sample/RWA_LEO700_B30_H1_L3_S274.yaml,data/raw/sim/rwa/RWA_LEO700_B30_H1_L3_S274.mat,sim/gmat/out/env_LEO700_B30.mat,17500,0.0839,short,none,,143
RWA_LEO700_B30_H1_L3_S275,rwa,SIM_rwa,LEO700,30,dense,H1,L3,LEO700-B30-H1-L3,68,3,275,100683,configs/sim/sample/RWA_LEO700_B30_H1_L3_S275.yaml,data/raw/sim/rwa/RWA_LEO700_B30_H1_L3_S275.mat,sim/gmat/out/env_LEO700_B30.mat,14160,0.0646,short,none,,242
RWA_LEO700_B30_H1_L3_S276,rwa,SIM_rwa,LEO700,30,dense,H1,L3,LEO700-B30-H1-L3,68,4,276,100684,configs/sim/sample/RWA_LEO700_B30_H1_L3_S276.yaml,data/raw/sim/rwa/RWA_LEO700_B30_H1_L3_S276.mat,sim/gmat/out/env_LEO700_B30.mat,20010,0.0984,mid,none,,295
RWA_LEO700_B30_H2_L1_S277,rwa,SIM_rwa,LEO700,30,stare,H2,L1,LEO700-B30-H2-L1,69,1,277,100691,configs/sim/sample/RWA_LEO700_B30_H2_L1_S277.yaml,data/raw/sim/rwa/RWA_LEO700_B30_H2_L1_S277.mat,sim/gmat/out/env_LEO700_B30.mat,38140,0.2033,long,none,,12
RWA_LEO700_B30_H2_L1_S278,rwa,SIM_rwa,LEO700,30,stare,H2,L1,LEO700-B30-H2-L1,69,2,278,100692,configs/sim/sample/RWA_LEO700_B30_H2_L1_S278.yaml,data/raw/sim/rwa/RWA_LEO700_B30_H2_L1_S278.mat,sim/gmat/out/env_LEO700_B30.mat,33680,0.1775,long,none,,97
RWA_LEO700_B30_H2_L1_S279,rwa,SIM_rwa,LEO700,30,stare,H2,L1,LEO700-B30-H2-L1,69,3,279,100693,configs/sim/sample/RWA_LEO700_B30_H2_L1_S279.yaml,data/raw/sim/rwa/RWA_LEO700_B30_H2_L1_S279.mat,sim/gmat/out/env_LEO700_B30.mat,24580,0.1249,mid,none,,198
RWA_LEO700_B30_H2_L1_S280,rwa,SIM_rwa,LEO700,30,stare,H2,L1,LEO700-B30-H2-L1,69,4,280,100694,configs/sim/sample/RWA_LEO700_B30_H2_L1_S280.yaml,data/raw/sim/rwa/RWA_LEO700_B30_H2_L1_S280.mat,sim/gmat/out/env_LEO700_B30.mat,29050,0.1507,long,none,,266
RWA_LEO700_B30_H2_L2_S281,rwa,SIM_rwa,LEO700,30,scan,H2,L2,LEO700-B30-H2-L2,70,1,281,100701,configs/sim/sample/RWA_LEO700_B30_H2_L2_S281.yaml,data/raw/sim/rwa/RWA_LEO700_B30_H2_L2_S281.mat,sim/gmat/out/env_LEO700_B30.mat,21620,0.1077,mid,none,,49
RWA_LEO700_B30_H2_L2_S282,rwa,SIM_rwa,LEO700,30,scan,H2,L2,LEO700-B30-H2-L2,70,2,282,100702,configs/sim/sample/RWA_LEO700_B30_H2_L2_S282.yaml,data/raw/sim/rwa/RWA_LEO700_B30_H2_L2_S282.mat,sim/gmat/out/env_LEO700_B30.mat,17110,0.0816,short,none,,147
RWA_LEO700_B30_H2_L2_S283,rwa,SIM_rwa,LEO700,30,scan,H2,L2,LEO700-B30-H2-L2,70,3,283,100703,configs/sim/sample/RWA_LEO700_B30_H2_L2_S283.yaml,data/raw/sim/rwa/RWA_LEO700_B30_H2_L2_S283.mat,sim/gmat/out/env_LEO700_B30.mat,20240,0.0997,mid,none,,212
RWA_LEO700_B30_H2_L2_S284,rwa,SIM_rwa,LEO700,30,scan,H2,L2,LEO700-B30-H2-L2,70,4,284,100704,configs/sim/sample/RWA_LEO700_B30_H2_L2_S284.yaml,data/raw/sim/rwa/RWA_LEO700_B30_H2_L2_S284.mat,sim/gmat/out/env_LEO700_B30.mat,24730,0.1257,mid,none,,278
RWA_LEO700_B30_H2_L3_S285,rwa,SIM_rwa,LEO700,30,dense,H2,L3,LEO700-B30-H2-L3,71,1,285,100711,configs/sim/sample/RWA_LEO700_B30_H2_L3_S285.yaml,data/raw/sim/rwa/RWA_LEO700_B30_H2_L3_S285.mat,sim/gmat/out/env_LEO700_B30.mat,13970,0.0635,short,none,,79
RWA_LEO700_B30_H2_L3_S286,rwa,SIM_rwa,LEO700,30,dense,H2,L3,LEO700-B30-H2-L3,71,2,286,100712,configs/sim/sample/RWA_LEO700_B30_H2_L3_S286.yaml,data/raw/sim/rwa/RWA_LEO700_B30_H2_L3_S286.mat,sim/gmat/out/env_LEO700_B30.mat,16810,0.0799,short,none,,149
RWA_LEO700_B30_H2_L3_S287,rwa,SIM_rwa,LEO700,30,dense,H2,L3,LEO700-B30-H2-L3,71,3,287,100713,configs/sim/sample/RWA_LEO700_B30_H2_L3_S287.yaml,data/raw/sim/rwa/RWA_LEO700_B30_H2_L3_S287.mat,sim/gmat/out/env_LEO700_B30.mat,16260,0.0767,short,none,,231
RWA_LEO700_B30_H2_L3_S288,rwa,SIM_rwa,LEO700,30,dense,H2,L3,LEO700-B30-H2-L3,71,4,288,100714,configs/sim/sample/RWA_LEO700_B30_H2_L3_S288.yaml,data/raw/sim/rwa/RWA_LEO700_B30_H2_L3_S288.mat,sim/gmat/out/env_LEO700_B30.mat,12620,0.0556,short,none,,324
RWA_LEO700_B60_H0_L1_S289,rwa,SIM_rwa,LEO700,60,stare,H0,L1,LEO700-B60-H0-L1,72,1,289,100721,configs/sim/sample/RWA_LEO700_B60_H0_L1_S289.yaml,data/raw/sim/rwa/RWA_LEO700_B60_H0_L1_S289.mat,sim/gmat/out/env_LEO700_B60.mat,40940,0.2195,long,none,,5
RWA_LEO700_B60_H0_L1_S290,rwa,SIM_rwa,LEO700,60,stare,H0,L1,LEO700-B60-H0-L1,72,2,290,100722,configs/sim/sample/RWA_LEO700_B60_H0_L1_S290.yaml,data/raw/sim/rwa/RWA_LEO700_B60_H0_L1_S290.mat,sim/gmat/out/env_LEO700_B60.mat,33870,0.1786,long,none,,96
RWA_LEO700_B60_H0_L1_S291,rwa,SIM_rwa,LEO700,60,stare,H0,L1,LEO700-B60-H0-L1,72,3,291,100723,configs/sim/sample/RWA_LEO700_B60_H0_L1_S291.yaml,data/raw/sim/rwa/RWA_LEO700_B60_H0_L1_S291.mat,sim/gmat/out/env_LEO700_B60.mat,35670,0.1891,long,none,,169
RWA_LEO700_B60_H0_L1_S292,rwa,SIM_rwa,LEO700,60,stare,H0,L1,LEO700-B60-H0-L1,72,4,292,100724,configs/sim/sample/RWA_LEO700_B60_H0_L1_S292.yaml,data/raw/sim/rwa/RWA_LEO700_B60_H0_L1_S292.mat,sim/gmat/out/env_LEO700_B60.mat,49180,0.2672,long,none,,244
RWA_LEO700_B60_H0_L2_S293,rwa,SIM_rwa,LEO700,60,scan,H0,L2,LEO700-B60-H0-L2,73,1,293,100731,configs/sim/sample/RWA_LEO700_B60_H0_L2_S293.yaml,data/raw/sim/rwa/RWA_LEO700_B60_H0_L2_S293.mat,sim/gmat/out/env_LEO700_B60.mat,31770,0.1664,long,none,,19
RWA_LEO700_B60_H0_L2_S294,rwa,SIM_rwa,LEO700,60,scan,H0,L2,LEO700-B60-H0-L2,73,2,294,100732,configs/sim/sample/RWA_LEO700_B60_H0_L2_S294.yaml,data/raw/sim/rwa/RWA_LEO700_B60_H0_L2_S294.mat,sim/gmat/out/env_LEO700_B60.mat,28380,0.1468,long,none,,111
RWA_LEO700_B60_H0_L2_S295,rwa,SIM_rwa,LEO700,60,scan,H0,L2,LEO700-B60-H0-L2,73,3,295,100733,configs/sim/sample/RWA_LEO700_B60_H0_L2_S295.yaml,data/raw/sim/rwa/RWA_LEO700_B60_H0_L2_S295.mat,sim/gmat/out/env_LEO700_B60.mat,25340,0.1292,mid,none,,195
RWA_LEO700_B60_H0_L2_S296,rwa,SIM_rwa,LEO700,60,scan,H0,L2,LEO700-B60-H0-L2,73,4,296,100734,configs/sim/sample/RWA_LEO700_B60_H0_L2_S296.yaml,data/raw/sim/rwa/RWA_LEO700_B60_H0_L2_S296.mat,sim/gmat/out/env_LEO700_B60.mat,22570,0.1132,mid,none,,284
RWA_LEO700_B60_H0_L3_S297,rwa,SIM_rwa,LEO700,60,dense,H0,L3,LEO700-B60-H0-L3,74,1,297,100741,configs/sim/sample/RWA_LEO700_B60_H0_L3_S297.yaml,data/raw/sim/rwa/RWA_LEO700_B60_H0_L3_S297.mat,sim/gmat/out/env_LEO700_B60.mat,19190,0.0936,short,none,,58
RWA_LEO700_B60_H0_L3_S298,rwa,SIM_rwa,LEO700,60,dense,H0,L3,LEO700-B60-H0-L3,74,2,298,100742,configs/sim/sample/RWA_LEO700_B60_H0_L3_S298.yaml,data/raw/sim/rwa/RWA_LEO700_B60_H0_L3_S298.mat,sim/gmat/out/env_LEO700_B60.mat,22450,0.1125,mid,none,,126
RWA_LEO700_B60_H0_L3_S299,rwa,SIM_rwa,LEO700,60,dense,H0,L3,LEO700-B60-H0-L3,74,3,299,100743,configs/sim/sample/RWA_LEO700_B60_H0_L3_S299.yaml,data/raw/sim/rwa/RWA_LEO700_B60_H0_L3_S299.mat,sim/gmat/out/env_LEO700_B60.mat,18080,0.0873,short,none,,222
RWA_LEO700_B60_H0_L3_S300,rwa,SIM_rwa,LEO700,60,dense,H0,L3,LEO700-B60-H0-L3,74,4,300,100744,configs/sim/sample/RWA_LEO700_B60_H0_L3_S300.yaml,data/raw/sim/rwa/RWA_LEO700_B60_H0_L3_S300.mat,sim/gmat/out/env_LEO700_B60.mat,15740,0.0737,short,none,,312
RWA_LEO700_B60_H1_L1_S301,rwa,SIM_rwa,LEO700,60,stare,H1,L1,LEO700-B60-H1-L1,75,1,301,100751,configs/sim/sample/RWA_LEO700_B60_H1_L1_S301.yaml,data/raw/sim/rwa/RWA_LEO700_B60_H1_L1_S301.mat,sim/gmat/out/env_LEO700_B60.mat,40240,0.2155,long,none,,6
RWA_LEO700_B60_H1_L1_S302,rwa,SIM_rwa,LEO700,60,stare,H1,L1,LEO700-B60-H1-L1,75,2,302,100752,configs/sim/sample/RWA_LEO700_B60_H1_L1_S302.yaml,data/raw/sim/rwa/RWA_LEO700_B60_H1_L1_S302.mat,sim/gmat/out/env_LEO700_B60.mat,30040,0.1565,long,none,,108
RWA_LEO700_B60_H1_L1_S303,rwa,SIM_rwa,LEO700,60,stare,H1,L1,LEO700-B60-H1-L1,75,3,303,100753,configs/sim/sample/RWA_LEO700_B60_H1_L1_S303.yaml,data/raw/sim/rwa/RWA_LEO700_B60_H1_L1_S303.mat,sim/gmat/out/env_LEO700_B60.mat,34430,0.1819,long,none,,171
RWA_LEO700_B60_H1_L1_S304,rwa,SIM_rwa,LEO700,60,stare,H1,L1,LEO700-B60-H1-L1,75,4,304,100754,configs/sim/sample/RWA_LEO700_B60_H1_L1_S304.yaml,data/raw/sim/rwa/RWA_LEO700_B60_H1_L1_S304.mat,sim/gmat/out/env_LEO700_B60.mat,28560,0.1479,long,none,,269
RWA_LEO700_B60_H1_L2_S305,rwa,SIM_rwa,LEO700,60,scan,H1,L2,LEO700-B60-H1-L2,76,1,305,100761,configs/sim/sample/RWA_LEO700_B60_H1_L2_S305.yaml,data/raw/sim/rwa/RWA_LEO700_B60_H1_L2_S305.mat,sim/gmat/out/env_LEO700_B60.mat,20170,0.0993,mid,none,,55
RWA_LEO700_B60_H1_L2_S306,rwa,SIM_rwa,LEO700,60,scan,H1,L2,LEO700-B60-H1-L2,76,2,306,100762,configs/sim/sample/RWA_LEO700_B60_H1_L2_S306.yaml,data/raw/sim/rwa/RWA_LEO700_B60_H1_L2_S306.mat,sim/gmat/out/env_LEO700_B60.mat,26170,0.1341,mid,none,,118
RWA_LEO700_B60_H1_L2_S307,rwa,SIM_rwa,LEO700,60,scan,H1,L2,LEO700-B60-H1-L2,76,3,307,100763,configs/sim/sample/RWA_LEO700_B60_H1_L2_S307.yaml,data/raw/sim/rwa/RWA_LEO700_B60_H1_L2_S307.mat,sim/gmat/out/env_LEO700_B60.mat,21550,0.1073,mid,none,,209
RWA_LEO700_B60_H1_L2_S308,rwa,SIM_rwa,LEO700,60,scan,H1,L2,LEO700-B60-H1-L2,76,4,308,100764,configs/sim/sample/RWA_LEO700_B60_H1_L2_S308.yaml,data/raw/sim/rwa/RWA_LEO700_B60_H1_L2_S308.mat,sim/gmat/out/env_LEO700_B60.mat,23890,0.1209,mid,none,,280
RWA_LEO700_B60_H1_L3_S309,rwa,SIM_rwa,LEO700,60,dense,H1,L3,LEO700-B60-H1-L3,77,1,309,100771,configs/sim/sample/RWA_LEO700_B60_H1_L3_S309.yaml,data/raw/sim/rwa/RWA_LEO700_B60_H1_L3_S309.mat,sim/gmat/out/env_LEO700_B60.mat,14550,0.0668,short,none,,76
RWA_LEO700_B60_H1_L3_S310,rwa,SIM_rwa,LEO700,60,dense,H1,L3,LEO700-B60-H1-L3,77,2,310,100772,configs/sim/sample/RWA_LEO700_B60_H1_L3_S310.yaml,data/raw/sim/rwa/RWA_LEO700_B60_H1_L3_S310.mat,sim/gmat/out/env_LEO700_B60.mat,18740,0.0911,short,none,,137
RWA_LEO700_B60_H1_L3_S311,rwa,SIM_rwa,LEO700,60,dense,H1,L3,LEO700-B60-H1-L3,77,3,311,100773,configs/sim/sample/RWA_LEO700_B60_H1_L3_S311.yaml,data/raw/sim/rwa/RWA_LEO700_B60_H1_L3_S311.mat,sim/gmat/out/env_LEO700_B60.mat,17230,0.0823,short,none,,224
RWA_LEO700_B60_H1_L3_S312,rwa,SIM_rwa,LEO700,60,dense,H1,L3,LEO700-B60-H1-L3,77,4,312,100774,configs/sim/sample/RWA_LEO700_B60_H1_L3_S312.yaml,data/raw/sim/rwa/RWA_LEO700_B60_H1_L3_S312.mat,sim/gmat/out/env_LEO700_B60.mat,15720,0.0736,short,none,,313
RWA_LEO700_B60_H2_L1_S313,rwa,SIM_rwa,LEO700,60,stare,H2,L1,LEO700-B60-H2-L1,78,1,313,100781,configs/sim/sample/RWA_LEO700_B60_H2_L1_S313.yaml,data/raw/sim/rwa/RWA_LEO700_B60_H2_L1_S313.mat,sim/gmat/out/env_LEO700_B60.mat,27980,0.1445,mid,none,,26
RWA_LEO700_B60_H2_L1_S314,rwa,SIM_rwa,LEO700,60,stare,H2,L1,LEO700-B60-H2-L1,78,2,314,100782,configs/sim/sample/RWA_LEO700_B60_H2_L1_S314.yaml,data/raw/sim/rwa/RWA_LEO700_B60_H2_L1_S314.mat,sim/gmat/out/env_LEO700_B60.mat,35700,0.1892,long,none,,90
RWA_LEO700_B60_H2_L1_S315,rwa,SIM_rwa,LEO700,60,stare,H2,L1,LEO700-B60-H2-L1,78,3,315,100783,configs/sim/sample/RWA_LEO700_B60_H2_L1_S315.yaml,data/raw/sim/rwa/RWA_LEO700_B60_H2_L1_S315.mat,sim/gmat/out/env_LEO700_B60.mat,24890,0.1266,mid,none,,196
RWA_LEO700_B60_H2_L1_S316,rwa,SIM_rwa,LEO700,60,stare,H2,L1,LEO700-B60-H2-L1,78,4,316,100784,configs/sim/sample/RWA_LEO700_B60_H2_L1_S316.yaml,data/raw/sim/rwa/RWA_LEO700_B60_H2_L1_S316.mat,sim/gmat/out/env_LEO700_B60.mat,31370,0.1641,long,none,,260
RWA_LEO700_B60_H2_L2_S317,rwa,SIM_rwa,LEO700,60,scan,H2,L2,LEO700-B60-H2-L2,79,1,317,100791,configs/sim/sample/RWA_LEO700_B60_H2_L2_S317.yaml,data/raw/sim/rwa/RWA_LEO700_B60_H2_L2_S317.mat,sim/gmat/out/env_LEO700_B60.mat,18110,0.0874,short,none,,63
RWA_LEO700_B60_H2_L2_S318,rwa,SIM_rwa,LEO700,60,scan,H2,L2,LEO700-B60-H2-L2,79,2,318,100792,configs/sim/sample/RWA_LEO700_B60_H2_L2_S318.yaml,data/raw/sim/rwa/RWA_LEO700_B60_H2_L2_S318.mat,sim/gmat/out/env_LEO700_B60.mat,25510,0.1302,mid,none,,122
RWA_LEO700_B60_H2_L2_S319,rwa,SIM_rwa,LEO700,60,scan,H2,L2,LEO700-B60-H2-L2,79,3,319,100793,configs/sim/sample/RWA_LEO700_B60_H2_L2_S319.yaml,data/raw/sim/rwa/RWA_LEO700_B60_H2_L2_S319.mat,sim/gmat/out/env_LEO700_B60.mat,22050,0.1102,mid,none,,208
RWA_LEO700_B60_H2_L2_S320,rwa,SIM_rwa,LEO700,60,scan,H2,L2,LEO700-B60-H2-L2,79,4,320,100794,configs/sim/sample/RWA_LEO700_B60_H2_L2_S320.yaml,data/raw/sim/rwa/RWA_LEO700_B60_H2_L2_S320.mat,sim/gmat/out/env_LEO700_B60.mat,18770,0.0913,short,none,,303
RWA_LEO700_B60_H2_L3_S321,rwa,SIM_rwa,LEO700,60,dense,H2,L3,LEO700-B60-H2-L3,80,1,321,100801,configs/sim/sample/RWA_LEO700_B60_H2_L3_S321.yaml,data/raw/sim/rwa/RWA_LEO700_B60_H2_L3_S321.mat,sim/gmat/out/env_LEO700_B60.mat,17630,0.0847,short,none,,66
RWA_LEO700_B60_H2_L3_S322,rwa,SIM_rwa,LEO700,60,dense,H2,L3,LEO700-B60-H2-L3,80,2,322,100802,configs/sim/sample/RWA_LEO700_B60_H2_L3_S322.yaml,data/raw/sim/rwa/RWA_LEO700_B60_H2_L3_S322.mat,sim/gmat/out/env_LEO700_B60.mat,13940,0.0633,short,none,,159
RWA_LEO700_B60_H2_L3_S323,rwa,SIM_rwa,LEO700,60,dense,H2,L3,LEO700-B60-H2-L3,80,3,323,100803,configs/sim/sample/RWA_LEO700_B60_H2_L3_S323.yaml,data/raw/sim/rwa/RWA_LEO700_B60_H2_L3_S323.mat,sim/gmat/out/env_LEO700_B60.mat,16650,0.0789,short,rw_lube_loss,0.433,229
RWA_LEO700_B60_H2_L3_S324,rwa,SIM_rwa,LEO700,60,dense,H2,L3,LEO700-B60-H2-L3,80,4,324,100804,configs/sim/sample/RWA_LEO700_B60_H2_L3_S324.yaml,data/raw/sim/rwa/RWA_LEO700_B60_H2_L3_S324.mat,sim/gmat/out/env_LEO700_B60.mat,13470,0.0606,short,none,,320
BAT_LEO500_B00_H0_L1_S001,bat,SIM_bat,LEO500,0,stare,H0,L1,LEO500-B00-H0-L1,0,1,1,200001,configs/sim/sample/BAT_LEO500_B00_H0_L1_S001.yaml,data/raw/sim/bat/BAT_LEO500_B00_H0_L1_S001.mat,sim/gmat/out/env_LEO500_B00.mat,803600,5.4637,short,none,,52
BAT_LEO500_B00_H0_L1_S002,bat,SIM_bat,LEO500,0,stare,H0,L1,LEO500-B00-H0-L1,0,2,2,200002,configs/sim/sample/BAT_LEO500_B00_H0_L1_S002.yaml,data/raw/sim/bat/BAT_LEO500_B00_H0_L1_S002.mat,sim/gmat/out/env_LEO500_B00.mat,2760940,19.6142,long,none,,82
BAT_LEO500_B00_H0_L1_S003,bat,SIM_bat,LEO500,0,stare,H0,L1,LEO500-B00-H0-L1,0,3,3,200003,configs/sim/sample/BAT_LEO500_B00_H0_L1_S003.yaml,data/raw/sim/bat/BAT_LEO500_B00_H0_L1_S003.mat,sim/gmat/out/env_LEO500_B00.mat,2674840,18.9823,long,none,,164
BAT_LEO500_B00_H0_L1_S004,bat,SIM_bat,LEO500,0,stare,H0,L1,LEO500-B00-H0-L1,0,4,4,200004,configs/sim/sample/BAT_LEO500_B00_H0_L1_S004.yaml,data/raw/sim/bat/BAT_LEO500_B00_H0_L1_S004.mat,sim/gmat/out/env_LEO500_B00.mat,947100,6.5019,mid,none,,289
BAT_LEO500_B00_H0_L2_S005,bat,SIM_bat,LEO500,0,scan,H0,L2,LEO500-B00-H0-L2,1,1,5,200011,configs/sim/sample/BAT_LEO500_B00_H0_L2_S005.yaml,data/raw/sim/bat/BAT_LEO500_B00_H0_L2_S005.mat,sim/gmat/out/env_LEO500_B00.mat,1480920,10.3802,long,none,,21
BAT_LEO500_B00_H0_L2_S006,bat,SIM_bat,LEO500,0,scan,H0,L2,LEO500-B00-H0-L2,1,2,6,200012,configs/sim/sample/BAT_LEO500_B00_H0_L2_S006.yaml,data/raw/sim/bat/BAT_LEO500_B00_H0_L2_S006.mat,sim/gmat/out/env_LEO500_B00.mat,2083620,14.7337,long,none,,87
BAT_LEO500_B00_H0_L2_S007,bat,SIM_bat,LEO500,0,scan,H0,L2,LEO500-B00-H0-L2,1,3,7,200013,configs/sim/sample/BAT_LEO500_B00_H0_L2_S007.yaml,data/raw/sim/bat/BAT_LEO500_B00_H0_L2_S007.mat,sim/gmat/out/env_LEO500_B00.mat,774900,5.2580,short,none,,221
BAT_LEO500_B00_H0_L2_S008,bat,SIM_bat,LEO500,0,scan,H0,L2,LEO500-B00-H0-L2,1,4,8,200014,configs/sim/sample/BAT_LEO500_B00_H0_L2_S008.yaml,data/raw/sim/bat/BAT_LEO500_B00_H0_L2_S008.mat,sim/gmat/out/env_LEO500_B00.mat,2353400,16.6634,long,none,,247
BAT_LEO500_B00_H0_L3_S009,bat,SIM_bat,LEO500,0,dense,H0,L3,LEO500-B00-H0-L3,2,1,9,200021,configs/sim/sample/BAT_LEO500_B00_H0_L3_S009.yaml,data/raw/sim/bat/BAT_LEO500_B00_H0_L3_S009.mat,sim/gmat/out/env_LEO500_B00.mat,1607200,11.2782,long,none,,17
BAT_LEO500_B00_H0_L3_S010,bat,SIM_bat,LEO500,0,dense,H0,L3,LEO500-B00-H0-L3,2,2,10,200022,configs/sim/sample/BAT_LEO500_B00_H0_L3_S010.yaml,data/raw/sim/bat/BAT_LEO500_B00_H0_L3_S010.mat,sim/gmat/out/env_LEO500_B00.mat,637140,4.2731,short,none,,146
BAT_LEO500_B00_H0_L3_S011,bat,SIM_bat,LEO500,0,dense,H0,L3,LEO500-B00-H0-L3,2,3,11,200023,configs/sim/sample/BAT_LEO500_B00_H0_L3_S011.yaml,data/raw/sim/bat/BAT_LEO500_B00_H0_L3_S011.mat,sim/gmat/out/env_LEO500_B00.mat,1193920,8.2652,mid,none,,200
BAT_LEO500_B00_H0_L3_S012,bat,SIM_bat,LEO500,0,dense,H0,L3,LEO500-B00-H0-L3,2,4,12,200024,configs/sim/sample/BAT_LEO500_B00_H0_L3_S012.yaml,data/raw/sim/bat/BAT_LEO500_B00_H0_L3_S012.mat,sim/gmat/out/env_LEO500_B00.mat,889700,6.0834,mid,none,,293
BAT_LEO500_B00_H1_L1_S013,bat,SIM_bat,LEO500,0,stare,H1,L1,LEO500-B00-H1-L1,3,1,13,200031,configs/sim/sample/BAT_LEO500_B00_H1_L1_S013.yaml,data/raw/sim/bat/BAT_LEO500_B00_H1_L1_S013.mat,sim/gmat/out/env_LEO500_B00.mat,1876980,13.2169,long,none,,11
BAT_LEO500_B00_H1_L1_S014,bat,SIM_bat,LEO500,0,stare,H1,L1,LEO500-B00-H1-L1,3,2,14,200032,configs/sim/sample/BAT_LEO500_B00_H1_L1_S014.yaml,data/raw/sim/bat/BAT_LEO500_B00_H1_L1_S014.mat,sim/gmat/out/env_LEO500_B00.mat,1406300,9.8222,long,none,,99
BAT_LEO500_B00_H1_L1_S015,bat,SIM_bat,LEO500,0,stare,H1,L1,LEO500-B00-H1-L1,3,3,15,200033,configs/sim/sample/BAT_LEO500_B00_H1_L1_S015.yaml,data/raw/sim/bat/BAT_LEO500_B00_H1_L1_S015.mat,sim/gmat/out/env_LEO500_B00.mat,1285760,8.9645,long,none,,191
BAT_LEO500_B00_H1_L1_S016,bat,SIM_bat,LEO500,0,stare,H1,L1,LEO500-B00-H1-L1,3,4,16,200034,configs/sim/sample/BAT_LEO500_B00_H1_L1_S016.yaml,data/raw/sim/bat/BAT_LEO500_B00_H1_L1_S016.mat,sim/gmat/out/env_LEO500_B00.mat,826560,5.6071,short,none,,297
BAT_LEO500_B00_H1_L2_S017,bat,SIM_bat,LEO500,0,scan,H1,L2,LEO500-B00-H1-L2,4,1,17,200041,configs/sim/sample/BAT_LEO500_B00_H1_L2_S017.yaml,data/raw/sim/bat/BAT_LEO500_B00_H1_L2_S017.mat,sim/gmat/out/env_LEO500_B00.mat,740460,5.0057,short,none,,57
BAT_LEO500_B00_H1_L2_S018,bat,SIM_bat,LEO500,0,scan,H1,L2,LEO500-B00-H1-L2,4,2,18,200042,configs/sim/sample/BAT_LEO500_B00_H1_L2_S018.yaml,data/raw/sim/bat/BAT_LEO500_B00_H1_L2_S018.mat,sim/gmat/out/env_LEO500_B00.mat,1050420,7.2408,mid,none,,117
BAT_LEO500_B00_H1_L2_S019,bat,SIM_bat,LEO500,0,scan,H1,L2,LEO500-B00-H1-L2,4,3,19,200043,configs/sim/sample/BAT_LEO500_B00_H1_L2_S019.yaml,data/raw/sim/bat/BAT_LEO500_B00_H1_L2_S019.mat,sim/gmat/out/env_LEO500_B00.mat,2054920,14.5020,long,none,,170
BAT_LEO500_B00_H1_L2_S020,bat,SIM_bat,LEO500,0,scan,H1,L2,LEO500-B00-H1-L2,4,4,20,200044,configs/sim/sample/BAT_LEO500_B00_H1_L2_S020.yaml,data/raw/sim/bat/BAT_LEO500_B00_H1_L2_S020.mat,sim/gmat/out/env_LEO500_B00.mat,1457960,10.1920,long,none,,264
BAT_LEO500_B00_H1_L3_S021,bat,SIM_bat,LEO500,0,dense,H1,L3,LEO500-B00-H1-L3,5,1,21,200051,configs/sim/sample/BAT_LEO500_B00_H1_L3_S021.yaml,data/raw/sim/bat/BAT_LEO500_B00_H1_L3_S021.mat,sim/gmat/out/env_LEO500_B00.mat,585480,3.8915,short,none,,68
BAT_LEO500_B00_H1_L3_S022,bat,SIM_bat,LEO500,0,dense,H1,L3,LEO500-B00-H1-L3,5,2,22,200052,configs/sim/sample/BAT_LEO500_B00_H1_L3_S022.yaml,data/raw/sim/bat/BAT_LEO500_B00_H1_L3_S022.mat,sim/gmat/out/env_LEO500_B00.mat,487900,3.1570,short,none,,156
BAT_LEO500_B00_H1_L3_S023,bat,SIM_bat,LEO500,0,dense,H1,L3,LEO500-B00-H1-L3,5,3,23,200053,configs/sim/sample/BAT_LEO500_B00_H1_L3_S023.yaml,data/raw/sim/bat/BAT_LEO500_B00_H1_L3_S023.mat,sim/gmat/out/env_LEO500_B00.mat,1492400,10.4277,long,none,,178
BAT_LEO500_B00_H1_L3_S024,bat,SIM_bat,LEO500,0,dense,H1,L3,LEO500-B00-H1-L3,5,4,24,200054,configs/sim/sample/BAT_LEO500_B00_H1_L3_S024.yaml,data/raw/sim/bat/BAT_LEO500_B00_H1_L3_S024.mat,sim/gmat/out/env_LEO500_B00.mat,642880,4.3131,short,none,,312
BAT_LEO500_B00_H2_L1_S025,bat,SIM_bat,LEO500,0,stare,H2,L1,LEO500-B00-H2-L1,6,1,25,200061,configs/sim/sample/BAT_LEO500_B00_H2_L1_S025.yaml,data/raw/sim/bat/BAT_LEO500_B00_H2_L1_S025.mat,sim/gmat/out/env_LEO500_B00.mat,430500,2.7751,short,none,,77
BAT_LEO500_B00_H2_L1_S026,bat,SIM_bat,LEO500,0,stare,H2,L1,LEO500-B00-H2-L1,6,2,26,200062,configs/sim/sample/BAT_LEO500_B00_H2_L1_S026.yaml,data/raw/sim/bat/BAT_LEO500_B00_H2_L1_S026.mat,sim/gmat/out/env_LEO500_B00.mat,723240,4.8726,short,none,,140
BAT_LEO500_B00_H2_L1_S027,bat,SIM_bat,LEO500,0,stare,H2,L1,LEO500-B00-H2-L1,6,3,27,200063,configs/sim/sample/BAT_LEO500_B00_H2_L1_S027.yaml,data/raw/sim/bat/BAT_LEO500_B00_H2_L1_S027.mat,sim/gmat/out/env_LEO500_B00.mat,1010240,6.9721,mid,none,,206
BAT_LEO500_B00_H2_L1_S028,bat,SIM_bat,LEO500,0,stare,H2,L1,LEO500-B00-H2-L1,6,4,28,200064,configs/sim/sample/BAT_LEO500_B00_H2_L1_S028.yaml,data/raw/sim/bat/BAT_LEO500_B00_H2_L1_S028.mat,sim/gmat/out/env_LEO500_B00.mat,861000,5.8923,mid,none,,296
BAT_LEO500_B00_H2_L2_S029,bat,SIM_bat,LEO500,0,scan,H2,L2,LEO500-B00-H2-L2,7,1,29,200071,configs/sim/sample/BAT_LEO500_B00_H2_L2_S029.yaml,data/raw/sim/bat/BAT_LEO500_B00_H2_L2_S029.mat,sim/gmat/out/env_LEO500_B00.mat,1360380,9.5035,long,none,,24
BAT_LEO500_B00_H2_L2_S030,bat,SIM_bat,LEO500,0,scan,H2,L2,LEO500-B00-H2-L2,7,2,30,200072,configs/sim/sample/BAT_LEO500_B00_H2_L2_S030.yaml,data/raw/sim/bat/BAT_LEO500_B00_H2_L2_S030.mat,sim/gmat/out/env_LEO500_B00.mat,792120,5.3828,short,none,,134
BAT_LEO500_B00_H2_L2_S031,bat,SIM_bat,LEO500,0,scan,H2,L2,LEO500-B00-H2-L2,7,3,31,200073,configs/sim/sample/BAT_LEO500_B00_H2_L2_S031.yaml,data/raw/sim/bat/BAT_LEO500_B00_H2_L2_S031.mat,sim/gmat/out/env_LEO500_B00.mat,419020,2.6789,short,none,,242
BAT_LEO500_B00_H2_L2_S032,bat,SIM_bat,LEO500,0,scan,H2,L2,LEO500-B00-H2-L2,7,4,32,200074,configs/sim/sample/BAT_LEO500_B00_H2_L2_S032.yaml,data/raw/sim/bat/BAT_LEO500_B00_H2_L2_S032.mat,sim/gmat/out/env_LEO500_B00.mat,482160,3.1386,short,none,,317
BAT_LEO500_B00_H2_L3_S033,bat,SIM_bat,LEO500,0,dense,H2,L3,LEO500-B00-H2-L3,8,1,33,200081,configs/sim/sample/BAT_LEO500_B00_H2_L3_S033.yaml,data/raw/sim/bat/BAT_LEO500_B00_H2_L3_S033.mat,sim/gmat/out/env_LEO500_B00.mat,751940,5.0936,short,bat_micro_short,0.648,53
BAT_LEO500_B00_H2_L3_S034,bat,SIM_bat,LEO500,0,dense,H2,L3,LEO500-B00-H2-L3,8,2,34,200082,configs/sim/sample/BAT_LEO500_B00_H2_L3_S034.yaml,data/raw/sim/bat/BAT_LEO500_B00_H2_L3_S034.mat,sim/gmat/out/env_LEO500_B00.mat,355880,2.2109,short,none,,160
BAT_LEO500_B00_H2_L3_S035,bat,SIM_bat,LEO500,0,dense,H2,L3,LEO500-B00-H2-L3,8,3,35,200083,configs/sim/sample/BAT_LEO500_B00_H2_L3_S035.yaml,data/raw/sim/bat/BAT_LEO500_B00_H2_L3_S035.mat,sim/gmat/out/env_LEO500_B00.mat,809340,5.5000,short,none,,219
BAT_LEO500_B00_H2_L3_S036,bat,SIM_bat,LEO500,0,dense,H2,L3,LEO500-B00-H2-L3,8,4,36,200084,configs/sim/sample/BAT_LEO500_B00_H2_L3_S036.yaml,data/raw/sim/bat/BAT_LEO500_B00_H2_L3_S036.mat,sim/gmat/out/env_LEO500_B00.mat,1033200,7.1098,mid,none,,281
BAT_LEO500_B30_H0_L1_S037,bat,SIM_bat,LEO500,30,stare,H0,L1,LEO500-B30-H0-L1,9,1,37,200091,configs/sim/sample/BAT_LEO500_B30_H0_L1_S037.yaml,data/raw/sim/bat/BAT_LEO500_B30_H0_L1_S037.mat,sim/gmat/out/env_LEO500_B30.mat,2273040,16.0910,long,none,,7
BAT_LEO500_B30_H0_L1_S038,bat,SIM_bat,LEO500,30,stare,H0,L1,LEO500-B30-H0-L1,9,2,38,200092,configs/sim/sample/BAT_LEO500_B30_H0_L1_S038.yaml,data/raw/sim/bat/BAT_LEO500_B30_H0_L1_S038.mat,sim/gmat/out/env_LEO500_B30.mat,1452220,10.1505,long,none,,97
BAT_LEO500_B30_H0_L1_S039,bat,SIM_bat,LEO500,30,stare,H0,L1,LEO500-B30-H0-L1,9,3,39,200093,configs/sim/sample/BAT_LEO500_B30_H0_L1_S039.yaml,data/raw/sim/bat/BAT_LEO500_B30_H0_L1_S039.mat,sim/gmat/out/env_LEO500_B30.mat,1234100,8.5605,mid,none,,195
BAT_LEO500_B30_H0_L1_S040,bat,SIM_bat,LEO500,30,stare,H0,L1,LEO500-B30-H0-L1,9,4,40,200094,configs/sim/sample/BAT_LEO500_B30_H0_L1_S040.yaml,data/raw/sim/bat/BAT_LEO500_B30_H0_L1_S040.mat,sim/gmat/out/env_LEO500_B30.mat,1234100,8.5853,mid,none,,269
BAT_LEO500_B30_H0_L2_S041,bat,SIM_bat,LEO500,30,scan,H0,L2,LEO500-B30-H0-L2,10,1,41,200101,configs/sim/sample/BAT_LEO500_B30_H0_L2_S041.yaml,data/raw/sim/bat/BAT_LEO500_B30_H0_L2_S041.mat,sim/gmat/out/env_LEO500_B30.mat,964320,6.6045,mid,none,,43
BAT_LEO500_B30_H0_L2_S042,bat,SIM_bat,LEO500,30,scan,H0,L2,LEO500-B30-H0-L2,10,2,42,200102,configs/sim/sample/BAT_LEO500_B30_H0_L2_S042.yaml,data/raw/sim/bat/BAT_LEO500_B30_H0_L2_S042.mat,sim/gmat/out/env_LEO500_B30.mat,2118060,14.9861,long,none,,86
BAT_LEO500_B30_H0_L2_S043,bat,SIM_bat,LEO500,30,scan,H0,L2,LEO500-B30-H0-L2,10,3,43,200103,configs/sim/sample/BAT_LEO500_B30_H0_L2_S043.yaml,data/raw/sim/bat/BAT_LEO500_B30_H0_L2_S043.mat,sim/gmat/out/env_LEO500_B30.mat,1417780,9.8885,long,none,,184
BAT_LEO500_B30_H0_L2_S044,bat,SIM_bat,LEO500,30,scan,H0,L2,LEO500-B30-H0-L2,10,4,44,200104,configs/sim/sample/BAT_LEO500_B30_H0_L2_S044.yaml,data/raw/sim/bat/BAT_LEO500_B30_H0_L2_S044.mat,sim/gmat/out/env_LEO500_B30.mat,2072140,14.6355,long,none,,251
BAT_LEO500_B30_H0_L3_S045,bat,SIM_bat,LEO500,30,dense,H0,L3,LEO500-B30-H0-L3,11,1,45,200111,configs/sim/sample/BAT_LEO500_B30_H0_L3_S045.yaml,data/raw/sim/bat/BAT_LEO500_B30_H0_L3_S045.mat,sim/gmat/out/env_LEO500_B30.mat,2181200,15.4247,long,none,,8
BAT_LEO500_B30_H0_L3_S046,bat,SIM_bat,LEO500,30,dense,H0,L3,LEO500-B30-H0-L3,11,2,46,200112,configs/sim/sample/BAT_LEO500_B30_H0_L3_S046.yaml,data/raw/sim/bat/BAT_LEO500_B30_H0_L3_S046.mat,sim/gmat/out/env_LEO500_B30.mat,1859760,13.0998,long,none,,89
BAT_LEO500_B30_H0_L3_S047,bat,SIM_bat,LEO500,30,dense,H0,L3,LEO500-B30-H0-L3,11,3,47,200113,configs/sim/sample/BAT_LEO500_B30_H0_L3_S047.yaml,data/raw/sim/bat/BAT_LEO500_B30_H0_L3_S047.mat,sim/gmat/out/env_LEO500_B30.mat,947100,6.5062,mid,bat_micro_short,0.311,213
BAT_LEO500_B30_H0_L3_S048,bat,SIM_bat,LEO500,30,dense,H0,L3,LEO500-B30-H0-L3,11,4,48,200114,configs/sim/sample/BAT_LEO500_B30_H0_L3_S048.yaml,data/raw/sim/bat/BAT_LEO500_B30_H0_L3_S048.mat,sim/gmat/out/env_LEO500_B30.mat,1968820,13.8799,long,none,,254
BAT_LEO500_B30_H1_L1_S049,bat,SIM_bat,LEO500,30,stare,H1,L1,LEO500-B30-H1-L1,12,1,49,200121,configs/sim/sample/BAT_LEO500_B30_H1_L1_S049.yaml,data/raw/sim/bat/BAT_LEO500_B30_H1_L1_S049.mat,sim/gmat/out/env_LEO500_B30.mat,1389080,9.7059,long,none,,23
BAT_LEO500_B30_H1_L1_S050,bat,SIM_bat,LEO500,30,stare,H1,L1,LEO500-B30-H1-L1,12,2,50,200122,configs/sim/sample/BAT_LEO500_B30_H1_L1_S050.yaml,data/raw/sim/bat/BAT_LEO500_B30_H1_L1_S050.mat,sim/gmat/out/env_LEO500_B30.mat,1015980,7.0158,mid,none,,120
BAT_LEO500_B30_H1_L1_S051,bat,SIM_bat,LEO500,30,stare,H1,L1,LEO500-B30-H1-L1,12,3,51,200123,configs/sim/sample/BAT_LEO500_B30_H1_L1_S051.yaml,data/raw/sim/bat/BAT_LEO500_B30_H1_L1_S051.mat,sim/gmat/out/env_LEO500_B30.mat,2118060,14.9755,long,none,,167
BAT_LEO500_B30_H1_L1_S052,bat,SIM_bat,LEO500,30,stare,H1,L1,LEO500-B30-H1-L1,12,4,52,200124,configs/sim/sample/BAT_LEO500_B30_H1_L1_S052.yaml,data/raw/sim/bat/BAT_LEO500_B30_H1_L1_S052.mat,sim/gmat/out/env_LEO500_B30.mat,1693300,11.9017,long,none,,256
BAT_LEO500_B30_H1_L2_S053,bat,SIM_bat,LEO500,30,scan,H1,L2,LEO500-B30-H1-L2,13,1,53,200131,configs/sim/sample/BAT_LEO500_B30_H1_L2_S053.yaml,data/raw/sim/bat/BAT_LEO500_B30_H1_L2_S053.mat,sim/gmat/out/env_LEO500_B30.mat,935620,6.3946,mid,none,,46
BAT_LEO500_B30_H1_L2_S054,bat,SIM_bat,LEO500,30,scan,H1,L2,LEO500-B30-H1-L2,13,2,54,200132,configs/sim/sample/BAT_LEO500_B30_H1_L2_S054.yaml,data/raw/sim/bat/BAT_LEO500_B30_H1_L2_S054.mat,sim/gmat/out/env_LEO500_B30.mat,751940,5.0874,short,none,,138
BAT_LEO500_B30_H1_L2_S055,bat,SIM_bat,LEO500,30,scan,H1,L2,LEO500-B30-H1-L2,13,3,55,200133,configs/sim/sample/BAT_LEO500_B30_H1_L2_S055.yaml,data/raw/sim/bat/BAT_LEO500_B30_H1_L2_S055.mat,sim/gmat/out/env_LEO500_B30.mat,1302980,9.0882,long,none,,189
BAT_LEO500_B30_H1_L2_S056,bat,SIM_bat,LEO500,30,scan,H1,L2,LEO500-B30-H1-L2,13,4,56,200134,configs/sim/sample/BAT_LEO500_B30_H1_L2_S056.yaml,data/raw/sim/bat/BAT_LEO500_B30_H1_L2_S056.mat,sim/gmat/out/env_LEO500_B30.mat,1159480,8.0370,mid,none,,271
BAT_LEO500_B30_H1_L3_S057,bat,SIM_bat,LEO500,30,dense,H1,L3,LEO500-B30-H1-L3,14,1,57,200141,configs/sim/sample/BAT_LEO500_B30_H1_L3_S057.yaml,data/raw/sim/bat/BAT_LEO500_B30_H1_L3_S057.mat,sim/gmat/out/env_LEO500_B30.mat,660100,4.4281,short,none,,64
BAT_LEO500_B30_H1_L3_S058,bat,SIM_bat,LEO500,30,dense,H1,L3,LEO500-B30-H1-L3,14,2,58,200142,configs/sim/sample/BAT_LEO500_B30_H1_L3_S058.yaml,data/raw/sim/bat/BAT_LEO500_B30_H1_L3_S058.mat,sim/gmat/out/env_LEO500_B30.mat,528080,3.4553,short,none,,152
BAT_LEO500_B30_H1_L3_S059,bat,SIM_bat,LEO500,30,dense,H1,L3,LEO500-B30-H1-L3,14,3,59,200143,configs/sim/sample/BAT_LEO500_B30_H1_L3_S059.yaml,data/raw/sim/bat/BAT_LEO500_B30_H1_L3_S059.mat,sim/gmat/out/env_LEO500_B30.mat,952840,6.5240,mid,bat_micro_short,0.649,212
BAT_LEO500_B30_H1_L3_S060,bat,SIM_bat,LEO500,30,dense,H1,L3,LEO500-B30-H1-L3,14,4,60,200144,configs/sim/sample/BAT_LEO500_B30_H1_L3_S060.yaml,data/raw/sim/bat/BAT_LEO500_B30_H1_L3_S060.mat,sim/gmat/out/env_LEO500_B30.mat,952840,6.5534,mid,none,,288
BAT_LEO500_B30_H2_L1_S061,bat,SIM_bat,LEO500,30,stare,H2,L1,LEO500-B30-H2-L1,15,1,61,200151,configs/sim/sample/BAT_LEO500_B30_H2_L1_S061.yaml,data/raw/sim/bat/BAT_LEO500_B30_H2_L1_S061.mat,sim/gmat/out/env_LEO500_B30.mat,1216880,8.4320,mid,none,,28
BAT_LEO500_B30_H2_L1_S062,bat,SIM_bat,LEO500,30,stare,H2,L1,LEO500-B30-H2-L1,15,2,62,200152,configs/sim/sample/BAT_LEO500_B30_H2_L1_S062.yaml,data/raw/sim/bat/BAT_LEO500_B30_H2_L1_S062.mat,sim/gmat/out/env_LEO500_B30.mat,528080,3.4709,short,none,,153
BAT_LEO500_B30_H2_L1_S063,bat,SIM_bat,LEO500,30,stare,H2,L1,LEO500-B30-H2-L1,15,3,63,200153,configs/sim/sample/BAT_LEO500_B30_H2_L1_S063.yaml,data/raw/sim/bat/BAT_LEO500_B30_H2_L1_S063.mat,sim/gmat/out/env_LEO500_B30.mat,929880,6.3880,mid,none,,214
BAT_LEO500_B30_H2_L1_S064,bat,SIM_bat,LEO500,30,stare,H2,L1,LEO500-B30-H2-L1,15,4,64,200154,configs/sim/sample/BAT_LEO500_B30_H2_L1_S064.yaml,data/raw/sim/bat/BAT_LEO500_B30_H2_L1_S064.mat,sim/gmat/out/env_LEO500_B30.mat,574000,3.7933,short,none,,313
BAT_LEO500_B30_H2_L2_S065,bat,SIM_bat,LEO500,30,scan,H2,L2,LEO500-B30-H2-L2,16,1,65,200161,configs/sim/sample/BAT_LEO500_B30_H2_L2_S065.yaml,data/raw/sim/bat/BAT_LEO500_B30_H2_L2_S065.mat,sim/gmat/out/env_LEO500_B30.mat,424760,2.7246,short,none,,79
BAT_LEO500_B30_H2_L2_S066,bat,SIM_bat,LEO500,30,scan,H2,L2,LEO500-B30-H2-L2,16,2,66,200162,configs/sim/sample/BAT_LEO500_B30_H2_L2_S066.yaml,data/raw/sim/bat/BAT_LEO500_B30_H2_L2_S066.mat,sim/gmat/out/env_LEO500_B30.mat,419020,2.6938,short,none,,157
BAT_LEO500_B30_H2_L2_S067,bat,SIM_bat,LEO500,30,scan,H2,L2,LEO500-B30-H2-L2,16,3,67,200163,configs/sim/sample/BAT_LEO500_B30_H2_L2_S067.yaml,data/raw/sim/bat/BAT_LEO500_B30_H2_L2_S067.mat,sim/gmat/out/env_LEO500_B30.mat,1079120,7.4417,mid,none,,205
BAT_LEO500_B30_H2_L2_S068,bat,SIM_bat,LEO500,30,scan,H2,L2,LEO500-B30-H2-L2,16,4,68,200164,configs/sim/sample/BAT_LEO500_B30_H2_L2_S068.yaml,data/raw/sim/bat/BAT_LEO500_B30_H2_L2_S068.mat,sim/gmat/out/env_LEO500_B30.mat,441980,2.8480,short,none,,323
BAT_LEO500_B30_H2_L3_S069,bat,SIM_bat,LEO500,30,dense,H2,L3,LEO500-B30-H2-L3,17,1,69,200171,configs/sim/sample/BAT_LEO500_B30_H2_L3_S069.yaml,data/raw/sim/bat/BAT_LEO500_B30_H2_L3_S069.mat,sim/gmat/out/env_LEO500_B30.mat,619920,4.1109,short,none,,67
BAT_LEO500_B30_H2_L3_S070,bat,SIM_bat,LEO500,30,dense,H2,L3,LEO500-B30-H2-L3,17,2,70,200172,configs/sim/sample/BAT_LEO500_B30_H2_L3_S070.yaml,data/raw/sim/bat/BAT_LEO500_B30_H2_L3_S070.mat,sim/gmat/out/env_LEO500_B30.mat,401800,2.5534,short,none,,158
BAT_LEO500_B30_H2_L3_S071,bat,SIM_bat,LEO500,30,dense,H2,L3,LEO500-B30-H2-L3,17,3,71,200173,configs/sim/sample/BAT_LEO500_B30_H2_L3_S071.yaml,data/raw/sim/bat/BAT_LEO500_B30_H2_L3_S071.mat,sim/gmat/out/env_LEO500_B30.mat,539560,3.5595,short,none,,236
BAT_LEO500_B30_H2_L3_S072,bat,SIM_bat,LEO500,30,dense,H2,L3,LEO500-B30-H2-L3,17,4,72,200174,configs/sim/sample/BAT_LEO500_B30_H2_L3_S072.yaml,data/raw/sim/bat/BAT_LEO500_B30_H2_L3_S072.mat,sim/gmat/out/env_LEO500_B30.mat,866740,5.9146,mid,none,,295
BAT_LEO500_B60_H0_L1_S073,bat,SIM_bat,LEO500,60,stare,H0,L1,LEO500-B60-H0-L1,18,1,73,200181,configs/sim/sample/BAT_LEO500_B60_H0_L1_S073.yaml,data/raw/sim/bat/BAT_LEO500_B60_H0_L1_S073.mat,sim/gmat/out/env_LEO500_B60.mat,975800,6.6860,mid,none,,42
BAT_LEO500_B60_H0_L1_S074,bat,SIM_bat,LEO500,60,stare,H0,L1,LEO500-B60-H0-L1,18,2,74,200182,configs/sim/sample/BAT_LEO500_B60_H0_L1_S074.yaml,data/raw/sim/bat/BAT_LEO500_B60_H0_L1_S074.mat,sim/gmat/out/env_LEO500_B60.mat,952840,6.5412,mid,none,,126
BAT_LEO500_B60_H0_L1_S075,bat,SIM_bat,LEO500,60,stare,H0,L1,LEO500-B60-H0-L1,18,3,75,200183,configs/sim/sample/BAT_LEO500_B60_H0_L1_S075.yaml,data/raw/sim/bat/BAT_LEO500_B60_H0_L1_S075.mat,sim/gmat/out/env_LEO500_B60.mat,2410800,17.0986,long,none,,165
BAT_LEO500_B60_H0_L1_S076,bat,SIM_bat,LEO500,60,stare,H0,L1,LEO500-B60-H0-L1,18,4,76,200184,configs/sim/sample/BAT_LEO500_B60_H0_L1_S076.yaml,data/raw/sim/bat/BAT_LEO500_B60_H0_L1_S076.mat,sim/gmat/out/env_LEO500_B60.mat,1991780,14.0731,long,none,,252
BAT_LEO500_B60_H0_L2_S077,bat,SIM_bat,LEO500,60,scan,H0,L2,LEO500-B60-H0-L2,19,1,77,200191,configs/sim/sample/BAT_LEO500_B60_H0_L2_S077.yaml,data/raw/sim/bat/BAT_LEO500_B60_H0_L2_S077.mat,sim/gmat/out/env_LEO500_B60.mat,1710520,12.0007,long,none,,13
BAT_LEO500_B60_H0_L2_S078,bat,SIM_bat,LEO500,60,scan,H0,L2,LEO500-B60-H0-L2,19,2,78,200192,configs/sim/sample/BAT_LEO500_B60_H0_L2_S078.yaml,data/raw/sim/bat/BAT_LEO500_B60_H0_L2_S078.mat,sim/gmat/out/env_LEO500_B60.mat,2192680,15.5043,long,none,,85
BAT_LEO500_B60_H0_L2_S079,bat,SIM_bat,LEO500,60,scan,H0,L2,LEO500-B60-H0-L2,19,3,79,200193,configs/sim/sample/BAT_LEO500_B60_H0_L2_S079.yaml,data/raw/sim/bat/BAT_LEO500_B60_H0_L2_S079.mat,sim/gmat/out/env_LEO500_B60.mat,2341920,16.5865,long,none,,166
BAT_LEO500_B60_H0_L2_S080,bat,SIM_bat,LEO500,60,scan,H0,L2,LEO500-B60-H0-L2,19,4,80,200194,configs/sim/sample/BAT_LEO500_B60_H0_L2_S080.yaml,data/raw/sim/bat/BAT_LEO500_B60_H0_L2_S080.mat,sim/gmat/out/env_LEO500_B60.mat,826560,5.6285,short,none,,298
BAT_LEO500_B60_H0_L3_S081,bat,SIM_bat,LEO500,60,dense,H0,L3,LEO500-B60-H0-L3,20,1,81,200201,configs/sim/sample/BAT_LEO500_B60_H0_L3_S081.yaml,data/raw/sim/bat/BAT_LEO500_B60_H0_L3_S081.mat,sim/gmat/out/env_LEO500_B60.mat,1561280,10.9209,long,bat_micro_short,0.522,18
BAT_LEO500_B60_H0_L3_S082,bat,SIM_bat,LEO500,60,dense,H0,L3,LEO500-B60-H0-L3,20,2,82,200202,configs/sim/sample/BAT_LEO500_B60_H0_L3_S082.yaml,data/raw/sim/bat/BAT_LEO500_B60_H0_L3_S082.mat,sim/gmat/out/env_LEO500_B60.mat,1113560,7.6887,mid,none,,114
BAT_LEO500_B60_H0_L3_S083,bat,SIM_bat,LEO500,60,dense,H0,L3,LEO500-B60-H0-L3,20,3,83,200203,configs/sim/sample/BAT_LEO500_B60_H0_L3_S083.yaml,data/raw/sim/bat/BAT_LEO500_B60_H0_L3_S083.mat,sim/gmat/out/env_LEO500_B60.mat,1653120,11.5883,long,none,,173
BAT_LEO500_B60_H0_L3_S084,bat,SIM_bat,LEO500,60,dense,H0,L3,LEO500-B60-H0-L3,20,4,84,200204,configs/sim/sample/BAT_LEO500_B60_H0_L3_S084.yaml,data/raw/sim/bat/BAT_LEO500_B60_H0_L3_S084.mat,sim/gmat/out/env_LEO500_B60.mat,958580,6.5615,mid,none,,286
BAT_LEO500_B60_H1_L1_S085,bat,SIM_bat,LEO500,60,stare,H1,L1,LEO500-B60-H1-L1,21,1,85,200211,configs/sim/sample/BAT_LEO500_B60_H1_L1_S085.yaml,data/raw/sim/bat/BAT_LEO500_B60_H1_L1_S085.mat,sim/gmat/out/env_LEO500_B60.mat,1876980,13.2051,long,none,,12
BAT_LEO500_B60_H1_L1_S086,bat,SIM_bat,LEO500,60,stare,H1,L1,LEO500-B60-H1-L1,21,2,86,200212,configs/sim/sample/BAT_LEO500_B60_H1_L1_S086.yaml,data/raw/sim/bat/BAT_LEO500_B60_H1_L1_S086.mat,sim/gmat/out/env_LEO500_B60.mat,774900,5.2671,short,none,,136
BAT_LEO500_B60_H1_L1_S087,bat,SIM_bat,LEO500,60,stare,H1,L1,LEO500-B60-H1-L1,21,3,87,200213,configs/sim/sample/BAT_LEO500_B60_H1_L1_S087.yaml,data/raw/sim/bat/BAT_LEO500_B60_H1_L1_S087.mat,sim/gmat/out/env_LEO500_B60.mat,1354640,9.4629,long,none,,187
BAT_LEO500_B60_H1_L1_S088,bat,SIM_bat,LEO500,60,stare,H1,L1,LEO500-B60-H1-L1,21,4,88,200214,configs/sim/sample/BAT_LEO500_B60_H1_L1_S088.yaml,data/raw/sim/bat/BAT_LEO500_B60_H1_L1_S088.mat,sim/gmat/out/env_LEO500_B60.mat,1498140,10.4974,long,none,,261
BAT_LEO500_B60_H1_L2_S089,bat,SIM_bat,LEO500,60,scan,H1,L2,LEO500-B60-H1-L2,22,1,89,200221,configs/sim/sample/BAT_LEO500_B60_H1_L2_S089.yaml,data/raw/sim/bat/BAT_LEO500_B60_H1_L2_S089.mat,sim/gmat/out/env_LEO500_B60.mat,746200,5.0648,short,none,,56
BAT_LEO500_B60_H1_L2_S090,bat,SIM_bat,LEO500,60,scan,H1,L2,LEO500-B60-H1-L2,22,2,90,200222,configs/sim/sample/BAT_LEO500_B60_H1_L2_S090.yaml,data/raw/sim/bat/BAT_LEO500_B60_H1_L2_S090.mat,sim/gmat/out/env_LEO500_B60.mat,1429260,10.0009,long,none,,98
BAT_LEO500_B60_H1_L2_S091,bat,SIM_bat,LEO500,60,scan,H1,L2,LEO500-B60-H1-L2,22,3,91,200223,configs/sim/sample/BAT_LEO500_B60_H1_L2_S091.yaml,data/raw/sim/bat/BAT_LEO500_B60_H1_L2_S091.mat,sim/gmat/out/env_LEO500_B60.mat,1750700,12.3292,long,none,,171
BAT_LEO500_B60_H1_L2_S092,bat,SIM_bat,LEO500,60,scan,H1,L2,LEO500-B60-H1-L2,22,4,92,200224,configs/sim/sample/BAT_LEO500_B60_H1_L2_S092.yaml,data/raw/sim/bat/BAT_LEO500_B60_H1_L2_S092.mat,sim/gmat/out/env_LEO500_B60.mat,872480,5.9552,mid,none,,294
BAT_LEO500_B60_H1_L3_S093,bat,SIM_bat,LEO500,60,dense,H1,L3,LEO500-B60-H1-L3,23,1,93,200231,configs/sim/sample/BAT_LEO500_B60_H1_L3_S093.yaml,data/raw/sim/bat/BAT_LEO500_B60_H1_L3_S093.mat,sim/gmat/out/env_LEO500_B60.mat,1004500,6.9026,mid,none,,40
BAT_LEO500_B60_H1_L3_S094,bat,SIM_bat,LEO500,60,dense,H1,L3,LEO500-B60-H1-L3,23,2,94,200232,configs/sim/sample/BAT_LEO500_B60_H1_L3_S094.yaml,data/raw/sim/bat/BAT_LEO500_B60_H1_L3_S094.mat,sim/gmat/out/env_LEO500_B60.mat,889700,6.0818,mid,none,,130
BAT_LEO500_B60_H1_L3_S095,bat,SIM_bat,LEO500,60,dense,H1,L3,LEO500-B60-H1-L3,23,3,95,200233,configs/sim/sample/BAT_LEO500_B60_H1_L3_S095.yaml,data/raw/sim/bat/BAT_LEO500_B60_H1_L3_S095.mat,sim/gmat/out/env_LEO500_B60.mat,1383340,9.6356,long,none,,186
BAT_LEO500_B60_H1_L3_S096,bat,SIM_bat,LEO500,60,dense,H1,L3,LEO500-B60-H1-L3,23,4,96,200234,configs/sim/sample/BAT_LEO500_B60_H1_L3_S096.yaml,data/raw/sim/bat/BAT_LEO500_B60_H1_L3_S096.mat,sim/gmat/out/env_LEO500_B60.mat,711760,4.7904,short,none,,306
BAT_LEO500_B60_H2_L1_S097,bat,SIM_bat,LEO500,60,stare,H2,L1,LEO500-B60-H2-L1,24,1,97,200241,configs/sim/sample/BAT_LEO500_B60_H2_L1_S097.yaml,data/raw/sim/bat/BAT_LEO500_B60_H2_L1_S097.mat,sim/gmat/out/env_LEO500_B60.mat,740460,5.0176,short,none,,58
BAT_LEO500_B60_H2_L1_S098,bat,SIM_bat,LEO500,60,stare,H2,L1,LEO500-B60-H2-L1,24,2,98,200242,configs/sim/sample/BAT_LEO500_B60_H2_L1_S098.yaml,data/raw/sim/bat/BAT_LEO500_B60_H2_L1_S098.mat,sim/gmat/out/env_LEO500_B60.mat,677320,4.5610,short,none,,144
BAT_LEO500_B60_H2_L1_S099,bat,SIM_bat,LEO500,60,stare,H2,L1,LEO500-B60-H2-L1,24,3,99,200243,configs/sim/sample/BAT_LEO500_B60_H2_L1_S099.yaml,data/raw/sim/bat/BAT_LEO500_B60_H2_L1_S099.mat,sim/gmat/out/env_LEO500_B60.mat,516600,3.3646,short,none,,238
BAT_LEO500_B60_H2_L1_S100,bat,SIM_bat,LEO500,60,stare,H2,L1,LEO500-B60-H2-L1,24,4,100,200244,configs/sim/sample/BAT_LEO500_B60_H2_L1_S100.yaml,data/raw/sim/bat/BAT_LEO500_B60_H2_L1_S100.mat,sim/gmat/out/env_LEO500_B60.mat,1205400,8.3551,mid,none,,270
BAT_LEO500_B60_H2_L2_S101,bat,SIM_bat,LEO500,60,scan,H2,L2,LEO500-B60-H2-L2,25,1,101,200251,configs/sim/sample/BAT_LEO500_B60_H2_L2_S101.yaml,data/raw/sim/bat/BAT_LEO500_B60_H2_L2_S101.mat,sim/gmat/out/env_LEO500_B60.mat,505120,3.2842,short,bat_micro_short,0.366,73
BAT_LEO500_B60_H2_L2_S102,bat,SIM_bat,LEO500,60,scan,H2,L2,LEO500-B60-H2-L2,25,2,102,200252,configs/sim/sample/BAT_LEO500_B60_H2_L2_S102.yaml,data/raw/sim/bat/BAT_LEO500_B60_H2_L2_S102.mat,sim/gmat/out/env_LEO500_B60.mat,1400560,9.7693,long,none,,101
BAT_LEO500_B60_H2_L2_S103,bat,SIM_bat,LEO500,60,scan,H2,L2,LEO500-B60-H2-L2,25,3,103,200253,configs/sim/sample/BAT_LEO500_B60_H2_L2_S103.yaml,data/raw/sim/bat/BAT_LEO500_B60_H2_L2_S103.mat,sim/gmat/out/env_LEO500_B60.mat,539560,3.5688,short,none,,237
BAT_LEO500_B60_H2_L2_S104,bat,SIM_bat,LEO500,60,scan,H2,L2,LEO500-B60-H2-L2,25,4,104,200254,configs/sim/sample/BAT_LEO500_B60_H2_L2_S104.yaml,data/raw/sim/bat/BAT_LEO500_B60_H2_L2_S104.mat,sim/gmat/out/env_LEO500_B60.mat,528080,3.4588,short,none,,314
BAT_LEO500_B60_H2_L3_S105,bat,SIM_bat,LEO500,60,dense,H2,L3,LEO500-B60-H2-L3,26,1,105,200261,configs/sim/sample/BAT_LEO500_B60_H2_L3_S105.yaml,data/raw/sim/bat/BAT_LEO500_B60_H2_L3_S105.mat,sim/gmat/out/env_LEO500_B60.mat,510860,3.3581,short,none,,72
BAT_LEO500_B60_H2_L3_S106,bat,SIM_bat,LEO500,60,dense,H2,L3,LEO500-B60-H2-L3,26,2,106,200262,configs/sim/sample/BAT_LEO500_B60_H2_L3_S106.yaml,data/raw/sim/bat/BAT_LEO500_B60_H2_L3_S106.mat,sim/gmat/out/env_LEO500_B60.mat,723240,4.8721,short,bat_micro_short,0.426,141
BAT_LEO500_B60_H2_L3_S107,bat,SIM_bat,LEO500,60,dense,H2,L3,LEO500-B60-H2-L3,26,3,107,200263,configs/sim/sample/BAT_LEO500_B60_H2_L3_S107.yaml,data/raw/sim/bat/BAT_LEO500_B60_H2_L3_S107.mat,sim/gmat/out/env_LEO500_B60.mat,924140,6.3199,mid,none,,215
BAT_LEO500_B60_H2_L3_S108,bat,SIM_bat,LEO500,60,dense,H2,L3,LEO500-B60-H2-L3,26,4,108,200264,configs/sim/sample/BAT_LEO500_B60_H2_L3_S108.yaml,data/raw/sim/bat/BAT_LEO500_B60_H2_L3_S108.mat,sim/gmat/out/env_LEO500_B60.mat,797860,5.4259,short,none,,303
BAT_LEO550_B00_H0_L1_S109,bat,SIM_bat,LEO550,0,stare,H0,L1,LEO550-B00-H0-L1,27,1,109,200271,configs/sim/sample/BAT_LEO550_B00_H0_L1_S109.yaml,data/raw/sim/bat/BAT_LEO550_B00_H0_L1_S109.mat,sim/gmat/out/env_LEO550_B00.mat,906920,6.2145,mid,none,,47
BAT_LEO550_B00_H0_L1_S110,bat,SIM_bat,LEO550,0,stare,H0,L1,LEO550-B00-H0-L1,27,2,110,200272,configs/sim/sample/BAT_LEO550_B00_H0_L1_S110.yaml,data/raw/sim/bat/BAT_LEO550_B00_H0_L1_S110.mat,sim/gmat/out/env_LEO550_B00.mat,1193920,8.2631,mid,bat_micro_short,0.605,108
BAT_LEO550_B00_H0_L1_S111,bat,SIM_bat,LEO550,0,stare,H0,L1,LEO550-B00-H0-L1,27,3,111,200273,configs/sim/sample/BAT_LEO550_B00_H0_L1_S111.yaml,data/raw/sim/bat/BAT_LEO550_B00_H0_L1_S111.mat,sim/gmat/out/env_LEO550_B00.mat,2089360,14.7468,long,none,,168
BAT_LEO550_B00_H0_L1_S112,bat,SIM_bat,LEO550,0,stare,H0,L1,LEO550-B00-H0-L1,27,4,112,200274,configs/sim/sample/BAT_LEO550_B00_H0_L1_S112.yaml,data/raw/sim/bat/BAT_LEO550_B00_H0_L1_S112.mat,sim/gmat/out/env_LEO550_B00.mat,1532580,10.7329,long,none,,260
BAT_LEO550_B00_H0_L2_S113,bat,SIM_bat,LEO550,0,scan,H0,L2,LEO550-B00-H0-L2,28,1,113,200281,configs/sim/sample/BAT_LEO550_B00_H0_L2_S113.yaml,data/raw/sim/bat/BAT_LEO550_B00_H0_L2_S113.mat,sim/gmat/out/env_LEO550_B00.mat,1618680,11.3686,long,none,,15
BAT_LEO550_B00_H0_L2_S114,bat,SIM_bat,LEO550,0,scan,H0,L2,LEO550-B00-H0-L2,28,2,114,200282,configs/sim/sample/BAT_LEO550_B00_H0_L2_S114.yaml,data/raw/sim/bat/BAT_LEO550_B00_H0_L2_S114.mat,sim/gmat/out/env_LEO550_B00.mat,1790880,12.5883,long,none,,90
BAT_LEO550_B00_H0_L2_S115,bat,SIM_bat,LEO550,0,scan,H0,L2,LEO550-B00-H0-L2,28,3,115,200283,configs/sim/sample/BAT_LEO550_B00_H0_L2_S115.yaml,data/raw/sim/bat/BAT_LEO550_B00_H0_L2_S115.mat,sim/gmat/out/env_LEO550_B00.mat,1733480,12.1811,long,none,,172
BAT_LEO550_B00_H0_L2_S116,bat,SIM_bat,LEO550,0,scan,H0,L2,LEO550-B00-H0-L2,28,4,116,200284,configs/sim/sample/BAT_LEO550_B00_H0_L2_S116.yaml,data/raw/sim/bat/BAT_LEO550_B00_H0_L2_S116.mat,sim/gmat/out/env_LEO550_B00.mat,2703540,19.1971,long,none,,244
BAT_LEO550_B00_H0_L3_S117,bat,SIM_bat,LEO550,0,dense,H0,L3,LEO550-B00-H0-L3,29,1,117,200291,configs/sim/sample/BAT_LEO550_B00_H0_L3_S117.yaml,data/raw/sim/bat/BAT_LEO550_B00_H0_L3_S117.mat,sim/gmat/out/env_LEO550_B00.mat,1119300,7.7244,mid,none,,33
BAT_LEO550_B00_H0_L3_S118,bat,SIM_bat,LEO550,0,dense,H0,L3,LEO550-B00-H0-L3,29,2,118,200292,configs/sim/sample/BAT_LEO550_B00_H0_L3_S118.yaml,data/raw/sim/bat/BAT_LEO550_B00_H0_L3_S118.mat,sim/gmat/out/env_LEO550_B00.mat,1676080,11.7770,long,none,,93
BAT_LEO550_B00_H0_L3_S119,bat,SIM_bat,LEO550,0,dense,H0,L3,LEO550-B00-H0-L3,29,3,119,200293,configs/sim/sample/BAT_LEO550_B00_H0_L3_S119.yaml,data/raw/sim/bat/BAT_LEO550_B00_H0_L3_S119.mat,sim/gmat/out/env_LEO550_B00.mat,1486660,10.3942,long,none,,180
BAT_LEO550_B00_H0_L3_S120,bat,SIM_bat,LEO550,0,dense,H0,L3,LEO550-B00-H0-L3,29,4,120,200294,configs/sim/sample/BAT_LEO550_B00_H0_L3_S120.yaml,data/raw/sim/bat/BAT_LEO550_B00_H0_L3_S120.mat,sim/gmat/out/env_LEO550_B00.mat,1704780,11.9994,long,none,,255
BAT_LEO550_B00_H1_L1_S121,bat,SIM_bat,LEO550,0,stare,H1,L1,LEO550-B00-H1-L1,30,1,121,200301,configs/sim/sample/BAT_LEO550_B00_H1_L1_S121.yaml,data/raw/sim/bat/BAT_LEO550_B00_H1_L1_S121.mat,sim/gmat/out/env_LEO550_B00.mat,1193920,8.2747,mid,none,,29
BAT_LEO550_B00_H1_L1_S122,bat,SIM_bat,LEO550,0,stare,H1,L1,LEO550-B00-H1-L1,30,2,122,200302,configs/sim/sample/BAT_LEO550_B00_H1_L1_S122.yaml,data/raw/sim/bat/BAT_LEO550_B00_H1_L1_S122.mat,sim/gmat/out/env_LEO550_B00.mat,792120,5.3777,short,none,,135
BAT_LEO550_B00_H1_L1_S123,bat,SIM_bat,LEO550,0,stare,H1,L1,LEO550-B00-H1-L1,30,3,123,200303,configs/sim/sample/BAT_LEO550_B00_H1_L1_S123.yaml,data/raw/sim/bat/BAT_LEO550_B00_H1_L1_S123.mat,sim/gmat/out/env_LEO550_B00.mat,734720,4.9718,short,none,,223
BAT_LEO550_B00_H1_L1_S124,bat,SIM_bat,LEO550,0,stare,H1,L1,LEO550-B00-H1-L1,30,4,124,200304,configs/sim/sample/BAT_LEO550_B00_H1_L1_S124.yaml,data/raw/sim/bat/BAT_LEO550_B00_H1_L1_S124.mat,sim/gmat/out/env_LEO550_B00.mat,1435000,10.0207,long,none,,265
BAT_LEO550_B00_H1_L2_S125,bat,SIM_bat,LEO550,0,scan,H1,L2,LEO550-B00-H1-L2,31,1,125,200311,configs/sim/sample/BAT_LEO550_B00_H1_L2_S125.yaml,data/raw/sim/bat/BAT_LEO550_B00_H1_L2_S125.mat,sim/gmat/out/env_LEO550_B00.mat,723240,4.8784,short,none,,59
BAT_LEO550_B00_H1_L2_S126,bat,SIM_bat,LEO550,0,scan,H1,L2,LEO550-B00-H1-L2,31,2,126,200312,configs/sim/sample/BAT_LEO550_B00_H1_L2_S126.yaml,data/raw/sim/bat/BAT_LEO550_B00_H1_L2_S126.mat,sim/gmat/out/env_LEO550_B00.mat,746200,5.0325,short,none,,139
BAT_LEO550_B00_H1_L2_S127,bat,SIM_bat,LEO550,0,scan,H1,L2,LEO550-B00-H1-L2,31,3,127,200313,configs/sim/sample/BAT_LEO550_B00_H1_L2_S127.yaml,data/raw/sim/bat/BAT_LEO550_B00_H1_L2_S127.mat,sim/gmat/out/env_LEO550_B00.mat,1205400,8.3559,mid,none,,198
BAT_LEO550_B00_H1_L2_S128,bat,SIM_bat,LEO550,0,scan,H1,L2,LEO550-B00-H1-L2,31,4,128,200314,configs/sim/sample/BAT_LEO550_B00_H1_L2_S128.yaml,data/raw/sim/bat/BAT_LEO550_B00_H1_L2_S128.mat,sim/gmat/out/env_LEO550_B00.mat,1130780,7.8180,mid,none,,274
BAT_LEO550_B00_H1_L3_S129,bat,SIM_bat,LEO550,0,dense,H1,L3,LEO550-B00-H1-L3,32,1,129,200321,configs/sim/sample/BAT_LEO550_B00_H1_L3_S129.yaml,data/raw/sim/bat/BAT_LEO550_B00_H1_L3_S129.mat,sim/gmat/out/env_LEO550_B00.mat,987280,6.8052,mid,none,,41
BAT_LEO550_B00_H1_L3_S130,bat,SIM_bat,LEO550,0,dense,H1,L3,LEO550-B00-H1-L3,32,2,130,200322,configs/sim/sample/BAT_LEO550_B00_H1_L3_S130.yaml,data/raw/sim/bat/BAT_LEO550_B00_H1_L3_S130.mat,sim/gmat/out/env_LEO550_B00.mat,1314460,9.1500,long,none,,104
BAT_LEO550_B00_H1_L3_S131,bat,SIM_bat,LEO550,0,dense,H1,L3,LEO550-B00-H1-L3,32,3,131,200323,configs/sim/sample/BAT_LEO550_B00_H1_L3_S131.yaml,data/raw/sim/bat/BAT_LEO550_B00_H1_L3_S131.mat,sim/gmat/out/env_LEO550_B00.mat,574000,3.7862,short,none,,233
BAT_LEO550_B00_H1_L3_S132,bat,SIM_bat,LEO550,0,dense,H1,L3,LEO550-B00-H1-L3,32,4,132,200324,configs/sim/sample/BAT_LEO550_B00_H1_L3_S132.yaml,data/raw/sim/bat/BAT_LEO550_B00_H1_L3_S132.mat,sim/gmat/out/env_LEO550_B00.mat,683060,4.5886,short,none,,308
BAT_LEO550_B00_H2_L1_S133,bat,SIM_bat,LEO550,0,stare,H2,L1,LEO550-B00-H2-L1,33,1,133,200331,configs/sim/sample/BAT_LEO550_B00_H2_L1_S133.yaml,data/raw/sim/bat/BAT_LEO550_B00_H2_L1_S133.mat,sim/gmat/out/env_LEO550_B00.mat,447720,2.8681,short,none,,76
BAT_LEO550_B00_H2_L1_S134,bat,SIM_bat,LEO550,0,stare,H2,L1,LEO550-B00-H2-L1,33,2,134,200332,configs/sim/sample/BAT_LEO550_B00_H2_L1_S134.yaml,data/raw/sim/bat/BAT_LEO550_B00_H2_L1_S134.mat,sim/gmat/out/env_LEO550_B00.mat,901180,6.1788,mid,none,,129
BAT_LEO550_B00_H2_L1_S135,bat,SIM_bat,LEO550,0,stare,H2,L1,LEO550-B00-H2-L1,33,3,135,200333,configs/sim/sample/BAT_LEO550_B00_H2_L1_S135.yaml,data/raw/sim/bat/BAT_LEO550_B00_H2_L1_S135.mat,sim/gmat/out/env_LEO550_B00.mat,912660,6.2557,mid,none,,216
BAT_LEO550_B00_H2_L1_S136,bat,SIM_bat,LEO550,0,stare,H2,L1,LEO550-B00-H2-L1,33,4,136,200334,configs/sim/sample/BAT_LEO550_B00_H2_L1_S136.yaml,data/raw/sim/bat/BAT_LEO550_B00_H2_L1_S136.mat,sim/gmat/out/env_LEO550_B00.mat,763420,5.1773,short,bat_micro_short,0.432,304
BAT_LEO550_B00_H2_L2_S137,bat,SIM_bat,LEO550,0,scan,H2,L2,LEO550-B00-H2-L2,34,1,137,200341,configs/sim/sample/BAT_LEO550_B00_H2_L2_S137.yaml,data/raw/sim/bat/BAT_LEO550_B00_H2_L2_S137.mat,sim/gmat/out/env_LEO550_B00.mat,901180,6.1592,mid,none,,49
BAT_LEO550_B00_H2_L2_S138,bat,SIM_bat,LEO550,0,scan,H2,L2,LEO550-B00-H2-L2,34,2,138,200342,configs/sim/sample/BAT_LEO550_B00_H2_L2_S138.yaml,data/raw/sim/bat/BAT_LEO550_B00_H2_L2_S138.mat,sim/gmat/out/env_LEO550_B00.mat,843780,5.7488,mid,none,,132
BAT_LEO550_B00_H2_L2_S139,bat,SIM_bat,LEO550,0,scan,H2,L2,LEO550-B00-H2-L2,34,3,139,200343,configs/sim/sample/BAT_LEO550_B00_H2_L2_S139.yaml,data/raw/sim/bat/BAT_LEO550_B00_H2_L2_S139.mat,sim/gmat/out/env_LEO550_B00.mat,1308720,9.1027,long,none,,188
BAT_LEO550_B00_H2_L2_S140,bat,SIM_bat,LEO550,0,scan,H2,L2,LEO550-B00-H2-L2,34,4,140,200344,configs/sim/sample/BAT_LEO550_B00_H2_L2_S140.yaml,data/raw/sim/bat/BAT_LEO550_B00_H2_L2_S140.mat,sim/gmat/out/env_LEO550_B00.mat,1027460,7.0611,mid,none,,282
BAT_LEO550_B00_H2_L3_S141,bat,SIM_bat,LEO550,0,dense,H2,L3,LEO550-B00-H2-L3,35,1,141,200351,configs/sim/sample/BAT_LEO550_B00_H2_L3_S141.yaml,data/raw/sim/bat/BAT_LEO550_B00_H2_L3_S141.mat,sim/gmat/out/env_LEO550_B00.mat,545300,3.5899,short,none,,70
BAT_LEO550_B00_H2_L3_S142,bat,SIM_bat,LEO550,0,dense,H2,L3,LEO550-B00-H2-L3,35,2,142,200352,configs/sim/sample/BAT_LEO550_B00_H2_L3_S142.yaml,data/raw/sim/bat/BAT_LEO550_B00_H2_L3_S142.mat,sim/gmat/out/env_LEO550_B00.mat,338660,2.0992,short,none,,162
BAT_LEO550_B00_H2_L3_S143,bat,SIM_bat,LEO550,0,dense,H2,L3,LEO550-B00-H2-L3,35,3,143,200353,configs/sim/sample/BAT_LEO550_B00_H2_L3_S143.yaml,data/raw/sim/bat/BAT_LEO550_B00_H2_L3_S143.mat,sim/gmat/out/env_LEO550_B00.mat,631400,4.2150,short,none,,229
BAT_LEO550_B00_H2_L3_S144,bat,SIM_bat,LEO550,0,dense,H2,L3,LEO550-B00-H2-L3,35,4,144,200354,configs/sim/sample/BAT_LEO550_B00_H2_L3_S144.yaml,data/raw/sim/bat/BAT_LEO550_B00_H2_L3_S144.mat,sim/gmat/out/env_LEO550_B00.mat,459200,2.9872,short,none,,320
BAT_LEO550_B30_H0_L1_S145,bat,SIM_bat,LEO550,30,stare,H0,L1,LEO550-B30-H0-L1,36,1,145,200361,configs/sim/sample/BAT_LEO550_B30_H0_L1_S145.yaml,data/raw/sim/bat/BAT_LEO550_B30_H0_L1_S145.mat,sim/gmat/out/env_LEO550_B30.mat,1153740,7.9731,mid,none,,30
BAT_LEO550_B30_H0_L1_S146,bat,SIM_bat,LEO550,30,stare,H0,L1,LEO550-B30-H0-L1,36,2,146,200362,configs/sim/sample/BAT_LEO550_B30_H0_L1_S146.yaml,data/raw/sim/bat/BAT_LEO550_B30_H0_L1_S146.mat,sim/gmat/out/env_LEO550_B30.mat,1205400,8.3868,mid,bat_micro_short,0.476,107
BAT_LEO550_B30_H0_L1_S147,bat,SIM_bat,LEO550,30,stare,H0,L1,LEO550-B30-H0-L1,36,3,147,200363,configs/sim/sample/BAT_LEO550_B30_H0_L1_S147.yaml,data/raw/sim/bat/BAT_LEO550_B30_H0_L1_S147.mat,sim/gmat/out/env_LEO550_B30.mat,1480920,10.3646,long,none,,181
BAT_LEO550_B30_H0_L1_S148,bat,SIM_bat,LEO550,30,stare,H0,L1,LEO550-B30-H0-L1,36,4,148,200364,configs/sim/sample/BAT_LEO550_B30_H0_L1_S148.yaml,data/raw/sim/bat/BAT_LEO550_B30_H0_L1_S148.mat,sim/gmat/out/env_LEO550_B30.mat,2158240,15.2555,long,none,,249
BAT_LEO550_B30_H0_L2_S149,bat,SIM_bat,LEO550,30,scan,H0,L2,LEO550-B30-H0-L2,37,1,149,200371,configs/sim/sample/BAT_LEO550_B30_H0_L2_S149.yaml,data/raw/sim/bat/BAT_LEO550_B30_H0_L2_S149.mat,sim/gmat/out/env_LEO550_B30.mat,1268540,8.8422,long,none,,27
BAT_LEO550_B30_H0_L2_S150,bat,SIM_bat,LEO550,30,scan,H0,L2,LEO550-B30-H0-L2,37,2,150,200372,configs/sim/sample/BAT_LEO550_B30_H0_L2_S150.yaml,data/raw/sim/bat/BAT_LEO550_B30_H0_L2_S150.mat,sim/gmat/out/env_LEO550_B30.mat,987280,6.7993,mid,none,,123
BAT_LEO550_B30_H0_L2_S151,bat,SIM_bat,LEO550,30,scan,H0,L2,LEO550-B30-H0-L2,37,3,151,200373,configs/sim/sample/BAT_LEO550_B30_H0_L2_S151.yaml,data/raw/sim/bat/BAT_LEO550_B30_H0_L2_S151.mat,sim/gmat/out/env_LEO550_B30.mat,1549800,10.8436,long,none,,176
BAT_LEO550_B30_H0_L2_S152,bat,SIM_bat,LEO550,30,scan,H0,L2,LEO550-B30-H0-L2,37,4,152,200374,configs/sim/sample/BAT_LEO550_B30_H0_L2_S152.yaml,data/raw/sim/bat/BAT_LEO550_B30_H0_L2_S152.mat,sim/gmat/out/env_LEO550_B30.mat,734720,4.9497,short,none,,305
BAT_LEO550_B30_H0_L3_S153,bat,SIM_bat,LEO550,30,dense,H0,L3,LEO550-B30-H0-L3,38,1,153,200381,configs/sim/sample/BAT_LEO550_B30_H0_L3_S153.yaml,data/raw/sim/bat/BAT_LEO550_B30_H0_L3_S153.mat,sim/gmat/out/env_LEO550_B30.mat,2296000,16.2553,long,none,,5
BAT_LEO550_B30_H0_L3_S154,bat,SIM_bat,LEO550,30,dense,H0,L3,LEO550-B30-H0-L3,38,2,154,200382,configs/sim/sample/BAT_LEO550_B30_H0_L3_S154.yaml,data/raw/sim/bat/BAT_LEO550_B30_H0_L3_S154.mat,sim/gmat/out/env_LEO550_B30.mat,2198420,15.5634,long,none,,84
BAT_LEO550_B30_H0_L3_S155,bat,SIM_bat,LEO550,30,dense,H0,L3,LEO550-B30-H0-L3,38,3,155,200383,configs/sim/sample/BAT_LEO550_B30_H0_L3_S155.yaml,data/raw/sim/bat/BAT_LEO550_B30_H0_L3_S155.mat,sim/gmat/out/env_LEO550_B30.mat,1285760,8.9386,long,none,,192
BAT_LEO550_B30_H0_L3_S156,bat,SIM_bat,LEO550,30,dense,H0,L3,LEO550-B30-H0-L3,38,4,156,200384,configs/sim/sample/BAT_LEO550_B30_H0_L3_S156.yaml,data/raw/sim/bat/BAT_LEO550_B30_H0_L3_S156.mat,sim/gmat/out/env_LEO550_B30.mat,1038940,7.1463,mid,none,,280
BAT_LEO550_B30_H1_L1_S157,bat,SIM_bat,LEO550,30,stare,H1,L1,LEO550-B30-H1-L1,39,1,157,200391,configs/sim/sample/BAT_LEO550_B30_H1_L1_S157.yaml,data/raw/sim/bat/BAT_LEO550_B30_H1_L1_S157.mat,sim/gmat/out/env_LEO550_B30.mat,665840,4.4512,short,none,,63
BAT_LEO550_B30_H1_L1_S158,bat,SIM_bat,LEO550,30,stare,H1,L1,LEO550-B30-H1-L1,39,2,158,200392,configs/sim/sample/BAT_LEO550_B30_H1_L1_S158.yaml,data/raw/sim/bat/BAT_LEO550_B30_H1_L1_S158.mat,sim/gmat/out/env_LEO550_B30.mat,912660,6.2357,mid,none,,127
BAT_LEO550_B30_H1_L1_S159,bat,SIM_bat,LEO550,30,stare,H1,L1,LEO550-B30-H1-L1,39,3,159,200393,configs/sim/sample/BAT_LEO550_B30_H1_L1_S159.yaml,data/raw/sim/bat/BAT_LEO550_B30_H1_L1_S159.mat,sim/gmat/out/env_LEO550_B30.mat,1216880,8.4432,mid,none,,197
BAT_LEO550_B30_H1_L1_S160,bat,SIM_bat,LEO550,30,stare,H1,L1,LEO550-B30-H1-L1,39,4,160,200394,configs/sim/sample/BAT_LEO550_B30_H1_L1_S160.yaml,data/raw/sim/bat/BAT_LEO550_B30_H1_L1_S160.mat,sim/gmat/out/env_LEO550_B30.mat,924140,6.3183,mid,none,,292
BAT_LEO550_B30_H1_L2_S161,bat,SIM_bat,LEO550,30,scan,H1,L2,LEO550-B30-H1-L2,40,1,161,200401,configs/sim/sample/BAT_LEO550_B30_H1_L2_S161.yaml,data/raw/sim/bat/BAT_LEO550_B30_H1_L2_S161.mat,sim/gmat/out/env_LEO550_B30.mat,889700,6.0904,mid,none,,50
BAT_LEO550_B30_H1_L2_S162,bat,SIM_bat,LEO550,30,scan,H1,L2,LEO550-B30-H1-L2,40,2,162,200402,configs/sim/sample/BAT_LEO550_B30_H1_L2_S162.yaml,data/raw/sim/bat/BAT_LEO550_B30_H1_L2_S162.mat,sim/gmat/out/env_LEO550_B30.mat,1027460,7.0648,mid,none,,119
BAT_LEO550_B30_H1_L2_S163,bat,SIM_bat,LEO550,30,scan,H1,L2,LEO550-B30-H1-L2,40,3,163,200403,configs/sim/sample/BAT_LEO550_B30_H1_L2_S163.yaml,data/raw/sim/bat/BAT_LEO550_B30_H1_L2_S163.mat,sim/gmat/out/env_LEO550_B30.mat,654360,4.3703,short,none,,227
BAT_LEO550_B30_H1_L2_S164,bat,SIM_bat,LEO550,30,scan,H1,L2,LEO550-B30-H1-L2,40,4,164,200404,configs/sim/sample/BAT_LEO550_B30_H1_L2_S164.yaml,data/raw/sim/bat/BAT_LEO550_B30_H1_L2_S164.mat,sim/gmat/out/env_LEO550_B30.mat,1061900,7.3281,mid,none,,278
BAT_LEO550_B30_H1_L3_S165,bat,SIM_bat,LEO550,30,dense,H1,L3,LEO550-B30-H1-L3,41,1,165,200411,configs/sim/sample/BAT_LEO550_B30_H1_L3_S165.yaml,data/raw/sim/bat/BAT_LEO550_B30_H1_L3_S165.mat,sim/gmat/out/env_LEO550_B30.mat,751940,5.0888,short,none,,54
BAT_LEO550_B30_H1_L3_S166,bat,SIM_bat,LEO550,30,dense,H1,L3,LEO550-B30-H1-L3,41,2,166,200412,configs/sim/sample/BAT_LEO550_B30_H1_L3_S166.yaml,data/raw/sim/bat/BAT_LEO550_B30_H1_L3_S166.mat,sim/gmat/out/env_LEO550_B30.mat,1538320,10.7710,long,none,,94
BAT_LEO550_B30_H1_L3_S167,bat,SIM_bat,LEO550,30,dense,H1,L3,LEO550-B30-H1-L3,41,3,167,200413,configs/sim/sample/BAT_LEO550_B30_H1_L3_S167.yaml,data/raw/sim/bat/BAT_LEO550_B30_H1_L3_S167.mat,sim/gmat/out/env_LEO550_B30.mat,1635900,11.4988,long,none,,174
BAT_LEO550_B30_H1_L3_S168,bat,SIM_bat,LEO550,30,dense,H1,L3,LEO550-B30-H1-L3,41,4,168,200414,configs/sim/sample/BAT_LEO550_B30_H1_L3_S168.yaml,data/raw/sim/bat/BAT_LEO550_B30_H1_L3_S168.mat,sim/gmat/out/env_LEO550_B30.mat,522340,3.4316,short,none,,315
BAT_LEO550_B30_H2_L1_S169,bat,SIM_bat,LEO550,30,stare,H2,L1,LEO550-B30-H2-L1,42,1,169,200421,configs/sim/sample/BAT_LEO550_B30_H2_L1_S169.yaml,data/raw/sim/bat/BAT_LEO550_B30_H2_L1_S169.mat,sim/gmat/out/env_LEO550_B30.mat,637140,4.2716,short,none,,66
BAT_LEO550_B30_H2_L1_S170,bat,SIM_bat,LEO550,30,stare,H2,L1,LEO550-B30-H2-L1,42,2,170,200422,configs/sim/sample/BAT_LEO550_B30_H2_L1_S170.yaml,data/raw/sim/bat/BAT_LEO550_B30_H2_L1_S170.mat,sim/gmat/out/env_LEO550_B30.mat,1262800,8.7620,long,none,,105
BAT_LEO550_B30_H2_L1_S171,bat,SIM_bat,LEO550,30,stare,H2,L1,LEO550-B30-H2-L1,42,3,171,200423,configs/sim/sample/BAT_LEO550_B30_H2_L1_S171.yaml,data/raw/sim/bat/BAT_LEO550_B30_H2_L1_S171.mat,sim/gmat/out/env_LEO550_B30.mat,631400,4.2234,short,none,,230
BAT_LEO550_B30_H2_L1_S172,bat,SIM_bat,LEO550,30,stare,H2,L1,LEO550-B30-H2-L1,42,4,172,200424,configs/sim/sample/BAT_LEO550_B30_H2_L1_S172.yaml,data/raw/sim/bat/BAT_LEO550_B30_H2_L1_S172.mat,sim/gmat/out/env_LEO550_B30.mat,671580,4.4870,short,none,,310
BAT_LEO550_B30_H2_L2_S173,bat,SIM_bat,LEO550,30,scan,H2,L2,LEO550-B30-H2-L2,43,1,173,200431,configs/sim/sample/BAT_LEO550_B30_H2_L2_S173.yaml,data/raw/sim/bat/BAT_LEO550_B30_H2_L2_S173.mat,sim/gmat/out/env_LEO550_B30.mat,906920,6.2275,mid,none,,48
BAT_LEO550_B30_H2_L2_S174,bat,SIM_bat,LEO550,30,scan,H2,L2,LEO550-B30-H2-L2,43,2,174,200432,configs/sim/sample/BAT_LEO550_B30_H2_L2_S174.yaml,data/raw/sim/bat/BAT_LEO550_B30_H2_L2_S174.mat,sim/gmat/out/env_LEO550_B30.mat,665840,4.4658,short,none,,145
BAT_LEO550_B30_H2_L2_S175,bat,SIM_bat,LEO550,30,scan,H2,L2,LEO550-B30-H2-L2,43,3,175,200433,configs/sim/sample/BAT_LEO550_B30_H2_L2_S175.yaml,data/raw/sim/bat/BAT_LEO550_B30_H2_L2_S175.mat,sim/gmat/out/env_LEO550_B30.mat,838040,5.7059,mid,none,,218
BAT_LEO550_B30_H2_L2_S176,bat,SIM_bat,LEO550,30,scan,H2,L2,LEO550-B30-H2-L2,43,4,176,200434,configs/sim/sample/BAT_LEO550_B30_H2_L2_S176.yaml,data/raw/sim/bat/BAT_LEO550_B30_H2_L2_S176.mat,sim/gmat/out/env_LEO550_B30.mat,1297240,9.0477,long,none,,267
BAT_LEO550_B30_H2_L3_S177,bat,SIM_bat,LEO550,30,dense,H2,L3,LEO550-B30-H2-L3,44,1,177,200441,configs/sim/sample/BAT_LEO550_B30_H2_L3_S177.yaml,data/raw/sim/bat/BAT_LEO550_B30_H2_L3_S177.mat,sim/gmat/out/env_LEO550_B30.mat,528080,3.4652,short,none,,71
BAT_LEO550_B30_H2_L3_S178,bat,SIM_bat,LEO550,30,dense,H2,L3,LEO550-B30-H2-L3,44,2,178,200442,configs/sim/sample/BAT_LEO550_B30_H2_L3_S178.yaml,data/raw/sim/bat/BAT_LEO550_B30_H2_L3_S178.mat,sim/gmat/out/env_LEO550_B30.mat,602700,4.0060,short,none,,148
BAT_LEO550_B30_H2_L3_S179,bat,SIM_bat,LEO550,30,dense,H2,L3,LEO550-B30-H2-L3,44,3,179,200443,configs/sim/sample/BAT_LEO550_B30_H2_L3_S179.yaml,data/raw/sim/bat/BAT_LEO550_B30_H2_L3_S179.mat,sim/gmat/out/env_LEO550_B30.mat,574000,3.8103,short,none,,234
BAT_LEO550_B30_H2_L3_S180,bat,SIM_bat,LEO550,30,dense,H2,L3,LEO550-B30-H2-L3,44,4,180,200444,configs/sim/sample/BAT_LEO550_B30_H2_L3_S180.yaml,data/raw/sim/bat/BAT_LEO550_B30_H2_L3_S180.mat,sim/gmat/out/env_LEO550_B30.mat,1096340,7.5936,mid,none,,275
BAT_LEO550_B60_H0_L1_S181,bat,SIM_bat,LEO550,60,stare,H0,L1,LEO550-B60-H0-L1,45,1,181,200451,configs/sim/sample/BAT_LEO550_B60_H0_L1_S181.yaml,data/raw/sim/bat/BAT_LEO550_B60_H0_L1_S181.mat,sim/gmat/out/env_LEO550_B60.mat,2020480,14.2784,long,none,,9
BAT_LEO550_B60_H0_L1_S182,bat,SIM_bat,LEO550,60,stare,H0,L1,LEO550-B60-H0-L1,45,2,182,200452,configs/sim/sample/BAT_LEO550_B60_H0_L1_S182.yaml,data/raw/sim/bat/BAT_LEO550_B60_H0_L1_S182.mat,sim/gmat/out/env_LEO550_B60.mat,1153740,8.0079,mid,none,,110
BAT_LEO550_B60_H0_L1_S183,bat,SIM_bat,LEO550,60,stare,H0,L1,LEO550-B60-H0-L1,45,3,183,200453,configs/sim/sample/BAT_LEO550_B60_H0_L1_S183.yaml,data/raw/sim/bat/BAT_LEO550_B60_H0_L1_S183.mat,sim/gmat/out/env_LEO550_B60.mat,1176700,8.1535,mid,none,,201
BAT_LEO550_B60_H0_L1_S184,bat,SIM_bat,LEO550,60,stare,H0,L1,LEO550-B60-H0-L1,45,4,184,200454,configs/sim/sample/BAT_LEO550_B60_H0_L1_S184.yaml,data/raw/sim/bat/BAT_LEO550_B60_H0_L1_S184.mat,sim/gmat/out/env_LEO550_B60.mat,826560,5.6416,short,none,,299
BAT_LEO550_B60_H0_L2_S185,bat,SIM_bat,LEO550,60,scan,H0,L2,LEO550-B60-H0-L2,46,1,185,200461,configs/sim/sample/BAT_LEO550_B60_H0_L2_S185.yaml,data/raw/sim/bat/BAT_LEO550_B60_H0_L2_S185.mat,sim/gmat/out/env_LEO550_B60.mat,2307480,16.3344,long,none,,4
BAT_LEO550_B60_H0_L2_S186,bat,SIM_bat,LEO550,60,scan,H0,L2,LEO550-B60-H0-L2,46,2,186,200462,configs/sim/sample/BAT_LEO550_B60_H0_L2_S186.yaml,data/raw/sim/bat/BAT_LEO550_B60_H0_L2_S186.mat,sim/gmat/out/env_LEO550_B60.mat,970060,6.6522,mid,none,,125
BAT_LEO550_B60_H0_L2_S187,bat,SIM_bat,LEO550,60,scan,H0,L2,LEO550-B60-H0-L2,46,3,187,200463,configs/sim/sample/BAT_LEO550_B60_H0_L2_S187.yaml,data/raw/sim/bat/BAT_LEO550_B60_H0_L2_S187.mat,sim/gmat/out/env_LEO550_B60.mat,803600,5.4675,short,bat_micro_short,0.410,220
BAT_LEO550_B60_H0_L2_S188,bat,SIM_bat,LEO550,60,scan,H0,L2,LEO550-B60-H0-L2,46,4,188,200464,configs/sim/sample/BAT_LEO550_B60_H0_L2_S188.yaml,data/raw/sim/bat/BAT_LEO550_B60_H0_L2_S188.mat,sim/gmat/out/env_LEO550_B60.mat,2186940,15.4667,long,none,,248
BAT_LEO550_B60_H0_L3_S189,bat,SIM_bat,LEO550,60,dense,H0,L3,LEO550-B60-H0-L3,47,1,189,200471,configs/sim/sample/BAT_LEO550_B60_H0_L3_S189.yaml,data/raw/sim/bat/BAT_LEO550_B60_H0_L3_S189.mat,sim/gmat/out/env_LEO550_B60.mat,1136520,7.8827,mid,none,,32
BAT_LEO550_B60_H0_L3_S190,bat,SIM_bat,LEO550,60,dense,H0,L3,LEO550-B60-H0-L3,47,2,190,200472,configs/sim/sample/BAT_LEO550_B60_H0_L3_S190.yaml,data/raw/sim/bat/BAT_LEO550_B60_H0_L3_S190.mat,sim/gmat/out/env_LEO550_B60.mat,711760,4.7766,short,none,,142
BAT_LEO550_B60_H0_L3_S191,bat,SIM_bat,LEO550,60,dense,H0,L3,LEO550-B60-H0-L3,47,3,191,200473,configs/sim/sample/BAT_LEO550_B60_H0_L3_S191.yaml,data/raw/sim/bat/BAT_LEO550_B60_H0_L3_S191.mat,sim/gmat/out/env_LEO550_B60.mat,1492400,10.4328,long,none,,179
BAT_LEO550_B60_H0_L3_S192,bat,SIM_bat,LEO550,60,dense,H0,L3,LEO550-B60-H0-L3,47,4,192,200474,configs/sim/sample/BAT_LEO550_B60_H0_L3_S192.yaml,data/raw/sim/bat/BAT_LEO550_B60_H0_L3_S192.mat,sim/gmat/out/env_LEO550_B60.mat,1986040,14.0246,long,none,,253
BAT_LEO550_B60_H1_L1_S193,bat,SIM_bat,LEO550,60,stare,H1,L1,LEO550-B60-H1-L1,48,1,193,200481,configs/sim/sample/BAT_LEO550_B60_H1_L1_S193.yaml,data/raw/sim/bat/BAT_LEO550_B60_H1_L1_S193.mat,sim/gmat/out/env_LEO550_B60.mat,1044680,7.1887,mid,none,,39
BAT_LEO550_B60_H1_L1_S194,bat,SIM_bat,LEO550,60,stare,H1,L1,LEO550-B60-H1-L1,48,2,194,200482,configs/sim/sample/BAT_LEO550_B60_H1_L1_S194.yaml,data/raw/sim/bat/BAT_LEO550_B60_H1_L1_S194.mat,sim/gmat/out/env_LEO550_B60.mat,1515360,10.6045,long,none,,95
BAT_LEO550_B60_H1_L1_S195,bat,SIM_bat,LEO550,60,stare,H1,L1,LEO550-B60-H1-L1,48,3,195,200483,configs/sim/sample/BAT_LEO550_B60_H1_L1_S195.yaml,data/raw/sim/bat/BAT_LEO550_B60_H1_L1_S195.mat,sim/gmat/out/env_LEO550_B60.mat,1297240,9.0118,long,none,,190
BAT_LEO550_B60_H1_L1_S196,bat,SIM_bat,LEO550,60,stare,H1,L1,LEO550-B60-H1-L1,48,4,196,200484,configs/sim/sample/BAT_LEO550_B60_H1_L1_S196.yaml,data/raw/sim/bat/BAT_LEO550_B60_H1_L1_S196.mat,sim/gmat/out/env_LEO550_B60.mat,1377600,9.6167,long,bat_micro_short,0.607,266
BAT_LEO550_B60_H1_L2_S197,bat,SIM_bat,LEO550,60,scan,H1,L2,LEO550-B60-H1-L2,49,1,197,200491,configs/sim/sample/BAT_LEO550_B60_H1_L2_S197.yaml,data/raw/sim/bat/BAT_LEO550_B60_H1_L2_S197.mat,sim/gmat/out/env_LEO550_B60.mat,648620,4.3428,short,none,,65
BAT_LEO550_B60_H1_L2_S198,bat,SIM_bat,LEO550,60,scan,H1,L2,LEO550-B60-H1-L2,49,2,198,200492,configs/sim/sample/BAT_LEO550_B60_H1_L2_S198.yaml,data/raw/sim/bat/BAT_LEO550_B60_H1_L2_S198.mat,sim/gmat/out/env_LEO550_B60.mat,1865500,13.1271,long,none,,88
BAT_LEO550_B60_H1_L2_S199,bat,SIM_bat,LEO550,60,scan,H1,L2,LEO550-B60-H1-L2,49,3,199,200493,configs/sim/sample/BAT_LEO550_B60_H1_L2_S199.yaml,data/raw/sim/bat/BAT_LEO550_B60_H1_L2_S199.mat,sim/gmat/out/env_LEO550_B60.mat,1107820,7.6482,mid,none,,204
BAT_LEO550_B60_H1_L2_S200,bat,SIM_bat,LEO550,60,scan,H1,L2,LEO550-B60-H1-L2,49,4,200,200494,configs/sim/sample/BAT_LEO550_B60_H1_L2_S200.yaml,data/raw/sim/bat/BAT_LEO550_B60_H1_L2_S200.mat,sim/gmat/out/env_LEO550_B60.mat,1681820,11.7994,long,none,,258
BAT_LEO550_B60_H1_L3_S201,bat,SIM_bat,LEO550,60,dense,H1,L3,LEO550-B60-H1-L3,50,1,201,200501,configs/sim/sample/BAT_LEO550_B60_H1_L3_S201.yaml,data/raw/sim/bat/BAT_LEO550_B60_H1_L3_S201.mat,sim/gmat/out/env_LEO550_B60.mat,1061900,7.3456,mid,none,,37
BAT_LEO550_B60_H1_L3_S202,bat,SIM_bat,LEO550,60,dense,H1,L3,LEO550-B60-H1-L3,50,2,202,200502,configs/sim/sample/BAT_LEO550_B60_H1_L3_S202.yaml,data/raw/sim/bat/BAT_LEO550_B60_H1_L3_S202.mat,sim/gmat/out/env_LEO550_B60.mat,1331680,9.2908,long,none,,103
BAT_LEO550_B60_H1_L3_S203,bat,SIM_bat,LEO550,60,dense,H1,L3,LEO550-B60-H1-L3,50,3,203,200503,configs/sim/sample/BAT_LEO550_B60_H1_L3_S203.yaml,data/raw/sim/bat/BAT_LEO550_B60_H1_L3_S203.mat,sim/gmat/out/env_LEO550_B60.mat,1170960,8.1188,mid,none,,202
BAT_LEO550_B60_H1_L3_S204,bat,SIM_bat,LEO550,60,dense,H1,L3,LEO550-B60-H1-L3,50,4,204,200504,configs/sim/sample/BAT_LEO550_B60_H1_L3_S204.yaml,data/raw/sim/bat/BAT_LEO550_B60_H1_L3_S204.mat,sim/gmat/out/env_LEO550_B60.mat,654360,4.3611,short,none,,311
BAT_LEO550_B60_H2_L1_S205,bat,SIM_bat,LEO550,60,stare,H2,L1,LEO550-B60-H2-L1,51,1,205,200511,configs/sim/sample/BAT_LEO550_B60_H2_L1_S205.yaml,data/raw/sim/bat/BAT_LEO550_B60_H2_L1_S205.mat,sim/gmat/out/env_LEO550_B60.mat,1067640,7.3558,mid,none,,36
BAT_LEO550_B60_H2_L1_S206,bat,SIM_bat,LEO550,60,stare,H2,L1,LEO550-B60-H2-L1,51,2,206,200512,configs/sim/sample/BAT_LEO550_B60_H2_L1_S206.yaml,data/raw/sim/bat/BAT_LEO550_B60_H2_L1_S206.mat,sim/gmat/out/env_LEO550_B60.mat,533820,3.5253,short,none,,151
BAT_LEO550_B60_H2_L1_S207,bat,SIM_bat,LEO550,60,stare,H2,L1,LEO550-B60-H2-L1,51,3,207,200513,configs/sim/sample/BAT_LEO550_B60_H2_L1_S207.yaml,data/raw/sim/bat/BAT_LEO550_B60_H2_L1_S207.mat,sim/gmat/out/env_LEO550_B60.mat,551040,3.6227,short,none,,235
BAT_LEO550_B60_H2_L1_S208,bat,SIM_bat,LEO550,60,stare,H2,L1,LEO550-B60-H2-L1,51,4,208,200514,configs/sim/sample/BAT_LEO550_B60_H2_L1_S208.yaml,data/raw/sim/bat/BAT_LEO550_B60_H2_L1_S208.mat,sim/gmat/out/env_LEO550_B60.mat,941360,6.4409,mid,none,,290
BAT_LEO550_B60_H2_L2_S209,bat,SIM_bat,LEO550,60,scan,H2,L2,LEO550-B60-H2-L2,52,1,209,200521,configs/sim/sample/BAT_LEO550_B60_H2_L2_S209.yaml,data/raw/sim/bat/BAT_LEO550_B60_H2_L2_S209.mat,sim/gmat/out/env_LEO550_B60.mat,671580,4.4912,short,none,,62
BAT_LEO550_B60_H2_L2_S210,bat,SIM_bat,LEO550,60,scan,H2,L2,LEO550-B60-H2-L2,52,2,210,200522,configs/sim/sample/BAT_LEO550_B60_H2_L2_S210.yaml,data/raw/sim/bat/BAT_LEO550_B60_H2_L2_S210.mat,sim/gmat/out/env_LEO550_B60.mat,1148000,7.9440,mid,none,,111
BAT_LEO550_B60_H2_L2_S211,bat,SIM_bat,LEO550,60,scan,H2,L2,LEO550-B60-H2-L2,52,3,211,200523,configs/sim/sample/BAT_LEO550_B60_H2_L2_S211.yaml,data/raw/sim/bat/BAT_LEO550_B60_H2_L2_S211.mat,sim/gmat/out/env_LEO550_B60.mat,441980,2.8236,short,none,,241
BAT_LEO550_B60_H2_L2_S212,bat,SIM_bat,LEO550,60,scan,H2,L2,LEO550-B60-H2-L2,52,4,212,200524,configs/sim/sample/BAT_LEO550_B60_H2_L2_S212.yaml,data/raw/sim/bat/BAT_LEO550_B60_H2_L2_S212.mat,sim/gmat/out/env_LEO550_B60.mat,447720,2.8683,short,none,,322
BAT_LEO550_B60_H2_L3_S213,bat,SIM_bat,LEO550,60,dense,H2,L3,LEO550-B60-H2-L3,53,1,213,200531,configs/sim/sample/BAT_LEO550_B60_H2_L3_S213.yaml,data/raw/sim/bat/BAT_LEO550_B60_H2_L3_S213.mat,sim/gmat/out/env_LEO550_B60.mat,344400,2.1418,short,none,,81
BAT_LEO550_B60_H2_L3_S214,bat,SIM_bat,LEO550,60,dense,H2,L3,LEO550-B60-H2-L3,53,2,214,200532,configs/sim/sample/BAT_LEO550_B60_H2_L3_S214.yaml,data/raw/sim/bat/BAT_LEO550_B60_H2_L3_S214.mat,sim/gmat/out/env_LEO550_B60.mat,378840,2.4034,short,none,,159
BAT_LEO550_B60_H2_L3_S215,bat,SIM_bat,LEO550,60,dense,H2,L3,LEO550-B60-H2-L3,53,3,215,200533,configs/sim/sample/BAT_LEO550_B60_H2_L3_S215.yaml,data/raw/sim/bat/BAT_LEO550_B60_H2_L3_S215.mat,sim/gmat/out/env_LEO550_B60.mat,464940,3.0249,short,none,,240
BAT_LEO550_B60_H2_L3_S216,bat,SIM_bat,LEO550,60,dense,H2,L3,LEO550-B60-H2-L3,53,4,216,200534,configs/sim/sample/BAT_LEO550_B60_H2_L3_S216.yaml,data/raw/sim/bat/BAT_LEO550_B60_H2_L3_S216.mat,sim/gmat/out/env_LEO550_B60.mat,470680,3.0348,short,bat_micro_short,0.675,318
BAT_LEO700_B00_H0_L1_S217,bat,SIM_bat,LEO700,0,stare,H0,L1,LEO700-B00-H0-L1,54,1,217,200541,configs/sim/sample/BAT_LEO700_B00_H0_L1_S217.yaml,data/raw/sim/bat/BAT_LEO700_B00_H0_L1_S217.mat,sim/gmat/out/env_LEO700_B00.mat,1423520,9.9602,long,none,,22
BAT_LEO700_B00_H0_L1_S218,bat,SIM_bat,LEO700,0,stare,H0,L1,LEO700-B00-H0-L1,54,2,218,200542,configs/sim/sample/BAT_LEO700_B00_H0_L1_S218.yaml,data/raw/sim/bat/BAT_LEO700_B00_H0_L1_S218.mat,sim/gmat/out/env_LEO700_B00.mat,1750700,12.3203,long,none,,92
BAT_LEO700_B00_H0_L1_S219,bat,SIM_bat,LEO700,0,stare,H0,L1,LEO700-B00-H0-L1,54,3,219,200543,configs/sim/sample/BAT_LEO700_B00_H0_L1_S219.yaml,data/raw/sim/bat/BAT_LEO700_B00_H0_L1_S219.mat,sim/gmat/out/env_LEO700_B00.mat,1125040,7.7672,mid,none,,203
BAT_LEO700_B00_H0_L1_S220,bat,SIM_bat,LEO700,0,stare,H0,L1,LEO700-B00-H0-L1,54,4,220,200544,configs/sim/sample/BAT_LEO700_B00_H0_L1_S220.yaml,data/raw/sim/bat/BAT_LEO700_B00_H0_L1_S220.mat,sim/gmat/out/env_LEO700_B00.mat,958580,6.5609,mid,none,,287
BAT_LEO700_B00_H0_L2_S221,bat,SIM_bat,LEO700,0,scan,H0,L2,LEO700-B00-H0-L2,55,1,221,200551,configs/sim/sample/BAT_LEO700_B00_H0_L2_S221.yaml,data/raw/sim/bat/BAT_LEO700_B00_H0_L2_S221.mat,sim/gmat/out/env_LEO700_B00.mat,2364880,16.7580,long,none,,2
BAT_LEO700_B00_H0_L2_S222,bat,SIM_bat,LEO700,0,scan,H0,L2,LEO700-B00-H0-L2,55,2,222,200552,configs/sim/sample/BAT_LEO700_B00_H0_L2_S222.yaml,data/raw/sim/bat/BAT_LEO700_B00_H0_L2_S222.mat,sim/gmat/out/env_LEO700_B00.mat,1090600,7.5471,mid,none,,115
BAT_LEO700_B00_H0_L2_S223,bat,SIM_bat,LEO700,0,scan,H0,L2,LEO700-B00-H0-L2,55,3,223,200553,configs/sim/sample/BAT_LEO700_B00_H0_L2_S223.yaml,data/raw/sim/bat/BAT_LEO700_B00_H0_L2_S223.mat,sim/gmat/out/env_LEO700_B00.mat,1004500,6.8937,mid,bat_micro_short,0.614,207
BAT_LEO700_B00_H0_L2_S224,bat,SIM_bat,LEO700,0,scan,H0,L2,LEO700-B00-H0-L2,55,4,224,200554,configs/sim/sample/BAT_LEO700_B00_H0_L2_S224.yaml,data/raw/sim/bat/BAT_LEO700_B00_H0_L2_S224.mat,sim/gmat/out/env_LEO700_B00.mat,1021720,7.0350,mid,none,,284
BAT_LEO700_B00_H0_L3_S225,bat,SIM_bat,LEO700,0,dense,H0,L3,LEO700-B00-H0-L3,56,1,225,200561,configs/sim/sample/BAT_LEO700_B00_H0_L3_S225.yaml,data/raw/sim/bat/BAT_LEO700_B00_H0_L3_S225.mat,sim/gmat/out/env_LEO700_B00.mat,2278780,16.1457,long,none,,6
BAT_LEO700_B00_H0_L3_S226,bat,SIM_bat,LEO700,0,dense,H0,L3,LEO700-B00-H0-L3,56,2,226,200562,configs/sim/sample/BAT_LEO700_B00_H0_L3_S226.yaml,data/raw/sim/bat/BAT_LEO700_B00_H0_L3_S226.mat,sim/gmat/out/env_LEO700_B00.mat,614180,4.0951,short,none,,147
BAT_LEO700_B00_H0_L3_S227,bat,SIM_bat,LEO700,0,dense,H0,L3,LEO700-B00-H0-L3,56,3,227,200563,configs/sim/sample/BAT_LEO700_B00_H0_L3_S227.yaml,data/raw/sim/bat/BAT_LEO700_B00_H0_L3_S227.mat,sim/gmat/out/env_LEO700_B00.mat,1618680,11.3435,long,none,,175
BAT_LEO700_B00_H0_L3_S228,bat,SIM_bat,LEO700,0,dense,H0,L3,LEO700-B00-H0-L3,56,4,228,200564,configs/sim/sample/BAT_LEO700_B00_H0_L3_S228.yaml,data/raw/sim/bat/BAT_LEO700_B00_H0_L3_S228.mat,sim/gmat/out/env_LEO700_B00.mat,1027460,7.0915,mid,none,,283
BAT_LEO700_B00_H1_L1_S229,bat,SIM_bat,LEO700,0,stare,H1,L1,LEO700-B00-H1-L1,57,1,229,200571,configs/sim/sample/BAT_LEO700_B00_H1_L1_S229.yaml,data/raw/sim/bat/BAT_LEO700_B00_H1_L1_S229.mat,sim/gmat/out/env_LEO700_B00.mat,751940,5.0792,short,none,,55
BAT_LEO700_B00_H1_L1_S230,bat,SIM_bat,LEO700,0,stare,H1,L1,LEO700-B00-H1-L1,57,2,230,200572,configs/sim/sample/BAT_LEO700_B00_H1_L1_S230.yaml,data/raw/sim/bat/BAT_LEO700_B00_H1_L1_S230.mat,sim/gmat/out/env_LEO700_B00.mat,1762180,12.3985,long,none,,91
BAT_LEO700_B00_H1_L1_S231,bat,SIM_bat,LEO700,0,stare,H1,L1,LEO700-B00-H1-L1,57,3,231,200573,configs/sim/sample/BAT_LEO700_B00_H1_L1_S231.yaml,data/raw/sim/bat/BAT_LEO700_B00_H1_L1_S231.mat,sim/gmat/out/env_LEO700_B00.mat,1515360,10.6281,long,none,,177
BAT_LEO700_B00_H1_L1_S232,bat,SIM_bat,LEO700,0,stare,H1,L1,LEO700-B00-H1-L1,57,4,232,200574,configs/sim/sample/BAT_LEO700_B00_H1_L1_S232.yaml,data/raw/sim/bat/BAT_LEO700_B00_H1_L1_S232.mat,sim/gmat/out/env_LEO700_B00.mat,1090600,7.5417,mid,none,,277
BAT_LEO700_B00_H1_L2_S233,bat,SIM_bat,LEO700,0,scan,H1,L2,LEO700-B00-H1-L2,58,1,233,200581,configs/sim/sample/BAT_LEO700_B00_H1_L2_S233.yaml,data/raw/sim/bat/BAT_LEO700_B00_H1_L2_S233.mat,sim/gmat/out/env_LEO700_B00.mat,958580,6.5962,mid,none,,44
BAT_LEO700_B00_H1_L2_S234,bat,SIM_bat,LEO700,0,scan,H1,L2,LEO700-B00-H1-L2,58,2,234,200582,configs/sim/sample/BAT_LEO700_B00_H1_L2_S234.yaml,data/raw/sim/bat/BAT_LEO700_B00_H1_L2_S234.mat,sim/gmat/out/env_LEO700_B00.mat,774900,5.2453,short,none,,137
BAT_LEO700_B00_H1_L2_S235,bat,SIM_bat,LEO700,0,scan,H1,L2,LEO700-B00-H1-L2,58,3,235,200583,configs/sim/sample/BAT_LEO700_B00_H1_L2_S235.yaml,data/raw/sim/bat/BAT_LEO700_B00_H1_L2_S235.mat,sim/gmat/out/env_LEO700_B00.mat,883960,6.0519,mid,none,,217
BAT_LEO700_B00_H1_L2_S236,bat,SIM_bat,LEO700,0,scan,H1,L2,LEO700-B00-H1-L2,58,4,236,200584,configs/sim/sample/BAT_LEO700_B00_H1_L2_S236.yaml,data/raw/sim/bat/BAT_LEO700_B00_H1_L2_S236.mat,sim/gmat/out/env_LEO700_B00.mat,1142260,7.9025,mid,none,,273
BAT_LEO700_B00_H1_L3_S237,bat,SIM_bat,LEO700,0,dense,H1,L3,LEO700-B00-H1-L3,59,1,237,200591,configs/sim/sample/BAT_LEO700_B00_H1_L3_S237.yaml,data/raw/sim/bat/BAT_LEO700_B00_H1_L3_S237.mat,sim/gmat/out/env_LEO700_B00.mat,568260,3.7602,short,none,,69
BAT_LEO700_B00_H1_L3_S238,bat,SIM_bat,LEO700,0,dense,H1,L3,LEO700-B00-H1-L3,59,2,238,200592,configs/sim/sample/BAT_LEO700_B00_H1_L3_S238.yaml,data/raw/sim/bat/BAT_LEO700_B00_H1_L3_S238.mat,sim/gmat/out/env_LEO700_B00.mat,912660,6.2474,mid,none,,128
BAT_LEO700_B00_H1_L3_S239,bat,SIM_bat,LEO700,0,dense,H1,L3,LEO700-B00-H1-L3,59,3,239,200593,configs/sim/sample/BAT_LEO700_B00_H1_L3_S239.yaml,data/raw/sim/bat/BAT_LEO700_B00_H1_L3_S239.mat,sim/gmat/out/env_LEO700_B00.mat,1394820,9.7417,long,none,,185
BAT_LEO700_B00_H1_L3_S240,bat,SIM_bat,LEO700,0,dense,H1,L3,LEO700-B00-H1-L3,59,4,240,200594,configs/sim/sample/BAT_LEO700_B00_H1_L3_S240.yaml,data/raw/sim/bat/BAT_LEO700_B00_H1_L3_S240.mat,sim/gmat/out/env_LEO700_B00.mat,826560,5.6321,short,none,,300
BAT_LEO700_B00_H2_L1_S241,bat,SIM_bat,LEO700,0,stare,H2,L1,LEO700-B00-H2-L1,60,1,241,200601,configs/sim/sample/BAT_LEO700_B00_H2_L1_S241.yaml,data/raw/sim/bat/BAT_LEO700_B00_H2_L1_S241.mat,sim/gmat/out/env_LEO700_B00.mat,1119300,7.7586,mid,none,,34
BAT_LEO700_B00_H2_L1_S242,bat,SIM_bat,LEO700,0,stare,H2,L1,LEO700-B00-H2-L1,60,2,242,200602,configs/sim/sample/BAT_LEO700_B00_H2_L1_S242.yaml,data/raw/sim/bat/BAT_LEO700_B00_H2_L1_S242.mat,sim/gmat/out/env_LEO700_B00.mat,1079120,7.4619,mid,none,,116
BAT_LEO700_B00_H2_L1_S243,bat,SIM_bat,LEO700,0,stare,H2,L1,LEO700-B00-H2-L1,60,3,243,200603,configs/sim/sample/BAT_LEO700_B00_H2_L1_S243.yaml,data/raw/sim/bat/BAT_LEO700_B00_H2_L1_S243.mat,sim/gmat/out/env_LEO700_B00.mat,660100,4.4262,short,none,,226
BAT_LEO700_B00_H2_L1_S244,bat,SIM_bat,LEO700,0,stare,H2,L1,LEO700-B00-H2-L1,60,4,244,200604,configs/sim/sample/BAT_LEO700_B00_H2_L1_S244.yaml,data/raw/sim/bat/BAT_LEO700_B00_H2_L1_S244.mat,sim/gmat/out/env_LEO700_B00.mat,464940,3.0024,short,none,,319
BAT_LEO700_B00_H2_L2_S245,bat,SIM_bat,LEO700,0,scan,H2,L2,LEO700-B00-H2-L2,61,1,245,200611,configs/sim/sample/BAT_LEO700_B00_H2_L2_S245.yaml,data/raw/sim/bat/BAT_LEO700_B00_H2_L2_S245.mat,sim/gmat/out/env_LEO700_B00.mat,459200,2.9500,short,bat_micro_short,0.403,75
BAT_LEO700_B00_H2_L2_S246,bat,SIM_bat,LEO700,0,scan,H2,L2,LEO700-B00-H2-L2,61,2,246,200612,configs/sim/sample/BAT_LEO700_B00_H2_L2_S246.yaml,data/raw/sim/bat/BAT_LEO700_B00_H2_L2_S246.mat,sim/gmat/out/env_LEO700_B00.mat,981540,6.7547,mid,none,,124
BAT_LEO700_B00_H2_L2_S247,bat,SIM_bat,LEO700,0,scan,H2,L2,LEO700-B00-H2-L2,61,3,247,200613,configs/sim/sample/BAT_LEO700_B00_H2_L2_S247.yaml,data/raw/sim/bat/BAT_LEO700_B00_H2_L2_S247.mat,sim/gmat/out/env_LEO700_B00.mat,602700,4.0001,short,none,,232
BAT_LEO700_B00_H2_L2_S248,bat,SIM_bat,LEO700,0,scan,H2,L2,LEO700-B00-H2-L2,61,4,248,200614,configs/sim/sample/BAT_LEO700_B00_H2_L2_S248.yaml,data/raw/sim/bat/BAT_LEO700_B00_H2_L2_S248.mat,sim/gmat/out/env_LEO700_B00.mat,1285760,8.9576,long,none,,268
BAT_LEO700_B00_H2_L3_S249,bat,SIM_bat,LEO700,0,dense,H2,L3,LEO700-B00-H2-L3,62,1,249,200621,configs/sim/sample/BAT_LEO700_B00_H2_L3_S249.yaml,data/raw/sim/bat/BAT_LEO700_B00_H2_L3_S249.mat,sim/gmat/out/env_LEO700_B00.mat,1061900,7.3334,mid,none,,38
BAT_LEO700_B00_H2_L3_S250,bat,SIM_bat,LEO700,0,dense,H2,L3,LEO700-B00-H2-L3,62,2,250,200622,configs/sim/sample/BAT_LEO700_B00_H2_L3_S250.yaml,data/raw/sim/bat/BAT_LEO700_B00_H2_L3_S250.mat,sim/gmat/out/env_LEO700_B00.mat,562520,3.7255,short,none,,150
BAT_LEO700_B00_H2_L3_S251,bat,SIM_bat,LEO700,0,dense,H2,L3,LEO700-B00-H2-L3,62,3,251,200623,configs/sim/sample/BAT_LEO700_B00_H2_L3_S251.yaml,data/raw/sim/bat/BAT_LEO700_B00_H2_L3_S251.mat,sim/gmat/out/env_LEO700_B00.mat,413280,2.6212,short,none,,243
BAT_LEO700_B00_H2_L3_S252,bat,SIM_bat,LEO700,0,dense,H2,L3,LEO700-B00-H2-L3,62,4,252,200624,configs/sim/sample/BAT_LEO700_B00_H2_L3_S252.yaml,data/raw/sim/bat/BAT_LEO700_B00_H2_L3_S252.mat,sim/gmat/out/env_LEO700_B00.mat,384580,2.4159,short,none,,324
BAT_LEO700_B30_H0_L1_S253,bat,SIM_bat,LEO700,30,stare,H0,L1,LEO700-B30-H0-L1,63,1,253,200631,configs/sim/sample/BAT_LEO700_B30_H0_L1_S253.yaml,data/raw/sim/bat/BAT_LEO700_B30_H0_L1_S253.mat,sim/gmat/out/env_LEO700_B30.mat,2990540,21.2946,long,none,,1
BAT_LEO700_B30_H0_L1_S254,bat,SIM_bat,LEO700,30,stare,H0,L1,LEO700-B30-H0-L1,63,2,254,200632,configs/sim/sample/BAT_LEO700_B30_H0_L1_S254.yaml,data/raw/sim/bat/BAT_LEO700_B30_H0_L1_S254.mat,sim/gmat/out/env_LEO700_B30.mat,832300,5.6576,mid,none,,133
BAT_LEO700_B30_H0_L1_S255,bat,SIM_bat,LEO700,30,stare,H0,L1,LEO700-B30-H0-L1,63,3,255,200633,configs/sim/sample/BAT_LEO700_B30_H0_L1_S255.yaml,data/raw/sim/bat/BAT_LEO700_B30_H0_L1_S255.mat,sim/gmat/out/env_LEO700_B30.mat,993020,6.8193,mid,none,,209
BAT_LEO700_B30_H0_L1_S256,bat,SIM_bat,LEO700,30,stare,H0,L1,LEO700-B30-H0-L1,63,4,256,200634,configs/sim/sample/BAT_LEO700_B30_H0_L1_S256.yaml,data/raw/sim/bat/BAT_LEO700_B30_H0_L1_S256.mat,sim/gmat/out/env_LEO700_B30.mat,941360,6.4762,mid,bat_micro_short,0.301,291
BAT_LEO700_B30_H0_L2_S257,bat,SIM_bat,LEO700,30,scan,H0,L2,LEO700-B30-H0-L2,64,1,257,200641,configs/sim/sample/BAT_LEO700_B30_H0_L2_S257.yaml,data/raw/sim/bat/BAT_LEO700_B30_H0_L2_S257.mat,sim/gmat/out/env_LEO700_B30.mat,2324700,16.4704,long,none,,3
BAT_LEO700_B30_H0_L2_S258,bat,SIM_bat,LEO700,30,scan,H0,L2,LEO700-B30-H0-L2,64,2,258,200642,configs/sim/sample/BAT_LEO700_B30_H0_L2_S258.yaml,data/raw/sim/bat/BAT_LEO700_B30_H0_L2_S258.mat,sim/gmat/out/env_LEO700_B30.mat,1389080,9.7089,long,none,,102
BAT_LEO700_B30_H0_L2_S259,bat,SIM_bat,LEO700,30,scan,H0,L2,LEO700-B30-H0-L2,64,3,259,200643,configs/sim/sample/BAT_LEO700_B30_H0_L2_S259.yaml,data/raw/sim/bat/BAT_LEO700_B30_H0_L2_S259.mat,sim/gmat/out/env_LEO700_B30.mat,1199660,8.3107,mid,none,,199
BAT_LEO700_B30_H0_L2_S260,bat,SIM_bat,LEO700,30,scan,H0,L2,LEO700-B30-H0-L2,64,4,260,200644,configs/sim/sample/BAT_LEO700_B30_H0_L2_S260.yaml,data/raw/sim/bat/BAT_LEO700_B30_H0_L2_S260.mat,sim/gmat/out/env_LEO700_B30.mat,1480920,10.3552,long,none,,263
BAT_LEO700_B30_H0_L3_S261,bat,SIM_bat,LEO700,30,dense,H0,L3,LEO700-B30-H0-L3,65,1,261,200651,configs/sim/sample/BAT_LEO700_B30_H0_L3_S261.yaml,data/raw/sim/bat/BAT_LEO700_B30_H0_L3_S261.mat,sim/gmat/out/env_LEO700_B30.mat,861000,5.8838,mid,none,,51
BAT_LEO700_B30_H0_L3_S262,bat,SIM_bat,LEO700,30,dense,H0,L3,LEO700-B30-H0-L3,65,2,262,200652,configs/sim/sample/BAT_LEO700_B30_H0_L3_S262.yaml,data/raw/sim/bat/BAT_LEO700_B30_H0_L3_S262.mat,sim/gmat/out/env_LEO700_B30.mat,706020,4.7372,short,none,,143
BAT_LEO700_B30_H0_L3_S263,bat,SIM_bat,LEO700,30,dense,H0,L3,LEO700-B30-H0-L3,65,3,263,200653,configs/sim/sample/BAT_LEO700_B30_H0_L3_S263.yaml,data/raw/sim/bat/BAT_LEO700_B30_H0_L3_S263.mat,sim/gmat/out/env_LEO700_B30.mat,1004500,6.9037,mid,none,,208
BAT_LEO700_B30_H0_L3_S264,bat,SIM_bat,LEO700,30,dense,H0,L3,LEO700-B30-H0-L3,65,4,264,200654,configs/sim/sample/BAT_LEO700_B30_H0_L3_S264.yaml,data/raw/sim/bat/BAT_LEO700_B30_H0_L3_S264.mat,sim/gmat/out/env_LEO700_B30.mat,1693300,11.8759,long,none,,257
BAT_LEO700_B30_H1_L1_S265,bat,SIM_bat,LEO700,30,stare,H1,L1,LEO700-B30-H1-L1,66,1,265,200661,configs/sim/sample/BAT_LEO700_B30_H1_L1_S265.yaml,data/raw/sim/bat/BAT_LEO700_B30_H1_L1_S265.mat,sim/gmat/out/env_LEO700_B30.mat,1320200,9.1869,long,none,,25
BAT_LEO700_B30_H1_L1_S266,bat,SIM_bat,LEO700,30,stare,H1,L1,LEO700-B30-H1-L1,66,2,266,200662,configs/sim/sample/BAT_LEO700_B30_H1_L1_S266.yaml,data/raw/sim/bat/BAT_LEO700_B30_H1_L1_S266.mat,sim/gmat/out/env_LEO700_B30.mat,1010240,6.9390,mid,none,,122
BAT_LEO700_B30_H1_L1_S267,bat,SIM_bat,LEO700,30,stare,H1,L1,LEO700-B30-H1-L1,66,3,267,200663,configs/sim/sample/BAT_LEO700_B30_H1_L1_S267.yaml,data/raw/sim/bat/BAT_LEO700_B30_H1_L1_S267.mat,sim/gmat/out/env_LEO700_B30.mat,2060660,14.5706,long,none,,169
BAT_LEO700_B30_H1_L1_S268,bat,SIM_bat,LEO700,30,stare,H1,L1,LEO700-B30-H1-L1,66,4,268,200664,configs/sim/sample/BAT_LEO700_B30_H1_L1_S268.yaml,data/raw/sim/bat/BAT_LEO700_B30_H1_L1_S268.mat,sim/gmat/out/env_LEO700_B30.mat,1056160,7.2771,mid,none,,279
BAT_LEO700_B30_H1_L2_S269,bat,SIM_bat,LEO700,30,scan,H1,L2,LEO700-B30-H1-L2,67,1,269,200671,configs/sim/sample/BAT_LEO700_B30_H1_L2_S269.yaml,data/raw/sim/bat/BAT_LEO700_B30_H1_L2_S269.mat,sim/gmat/out/env_LEO700_B30.mat,1486660,10.4037,long,none,,20
BAT_LEO700_B30_H1_L2_S270,bat,SIM_bat,LEO700,30,scan,H1,L2,LEO700-B30-H1-L2,67,2,270,200672,configs/sim/sample/BAT_LEO700_B30_H1_L2_S270.yaml,data/raw/sim/bat/BAT_LEO700_B30_H1_L2_S270.mat,sim/gmat/out/env_LEO700_B30.mat,1406300,9.8149,long,none,,100
BAT_LEO700_B30_H1_L2_S271,bat,SIM_bat,LEO700,30,scan,H1,L2,LEO700-B30-H1-L2,67,3,271,200673,configs/sim/sample/BAT_LEO700_B30_H1_L2_S271.yaml,data/raw/sim/bat/BAT_LEO700_B30_H1_L2_S271.mat,sim/gmat/out/env_LEO700_B30.mat,987280,6.7737,mid,none,,210
BAT_LEO700_B30_H1_L2_S272,bat,SIM_bat,LEO700,30,scan,H1,L2,LEO700-B30-H1-L2,67,4,272,200674,configs/sim/sample/BAT_LEO700_B30_H1_L2_S272.yaml,data/raw/sim/bat/BAT_LEO700_B30_H1_L2_S272.mat,sim/gmat/out/env_LEO700_B30.mat,1153740,7.9898,mid,none,,272
BAT_LEO700_B30_H1_L3_S273,bat,SIM_bat,LEO700,30,dense,H1,L3,LEO700-B30-H1-L3,68,1,273,200681,configs/sim/sample/BAT_LEO700_B30_H1_L3_S273.yaml,data/raw/sim/bat/BAT_LEO700_B30_H1_L3_S273.mat,sim/gmat/out/env_LEO700_B30.mat,1509620,10.5677,long,none,,19
BAT_LEO700_B30_H1_L3_S274,bat,SIM_bat,LEO700,30,dense,H1,L3,LEO700-B30-H1-L3,68,2,274,200682,configs/sim/sample/BAT_LEO700_B30_H1_L3_S274.yaml,data/raw/sim/bat/BAT_LEO700_B30_H1_L3_S274.mat,sim/gmat/out/env_LEO700_B30.mat,499380,3.2706,short,none,,155
BAT_LEO700_B30_H1_L3_S275,bat,SIM_bat,LEO700,30,dense,H1,L3,LEO700-B30-H1-L3,68,3,275,200683,configs/sim/sample/BAT_LEO700_B30_H1_L3_S275.yaml,data/raw/sim/bat/BAT_LEO700_B30_H1_L3_S275.mat,sim/gmat/out/env_LEO700_B30.mat,482160,3.1195,short,none,,239
BAT_LEO700_B30_H1_L3_S276,bat,SIM_bat,LEO700,30,dense,H1,L3,LEO700-B30-H1-L3,68,4,276,200684,configs/sim/sample/BAT_LEO700_B30_H1_L3_S276.yaml,data/raw/sim/bat/BAT_LEO700_B30_H1_L3_S276.mat,sim/gmat/out/env_LEO700_B30.mat,1681820,11.8035,long,none,,259
BAT_LEO700_B30_H2_L1_S277,bat,SIM_bat,LEO700,30,stare,H2,L1,LEO700-B30-H2-L1,69,1,277,200691,configs/sim/sample/BAT_LEO700_B30_H2_L1_S277.yaml,data/raw/sim/bat/BAT_LEO700_B30_H2_L1_S277.mat,sim/gmat/out/env_LEO700_B30.mat,688800,4.6413,short,none,,61
BAT_LEO700_B30_H2_L1_S278,bat,SIM_bat,LEO700,30,stare,H2,L1,LEO700-B30-H2-L1,69,2,278,200692,configs/sim/sample/BAT_LEO700_B30_H2_L1_S278.yaml,data/raw/sim/bat/BAT_LEO700_B30_H2_L1_S278.mat,sim/gmat/out/env_LEO700_B30.mat,528080,3.4639,short,none,,154
BAT_LEO700_B30_H2_L1_S279,bat,SIM_bat,LEO700,30,stare,H2,L1,LEO700-B30-H2-L1,69,3,279,200693,configs/sim/sample/BAT_LEO700_B30_H2_L1_S279.yaml,data/raw/sim/bat/BAT_LEO700_B30_H2_L1_S279.mat,sim/gmat/out/env_LEO700_B30.mat,1452220,10.1562,long,bat_micro_short,0.397,182
BAT_LEO700_B30_H2_L1_S280,bat,SIM_bat,LEO700,30,stare,H2,L1,LEO700-B30-H2-L1,69,4,280,200694,configs/sim/sample/BAT_LEO700_B30_H2_L1_S280.yaml,data/raw/sim/bat/BAT_LEO700_B30_H2_L1_S280.mat,sim/gmat/out/env_LEO700_B30.mat,1486660,10.4145,long,none,,262
BAT_LEO700_B30_H2_L2_S281,bat,SIM_bat,LEO700,30,scan,H2,L2,LEO700-B30-H2-L2,70,1,281,200701,configs/sim/sample/BAT_LEO700_B30_H2_L2_S281.yaml,data/raw/sim/bat/BAT_LEO700_B30_H2_L2_S281.mat,sim/gmat/out/env_LEO700_B30.mat,493640,3.2017,short,none,,74
BAT_LEO700_B30_H2_L2_S282,bat,SIM_bat,LEO700,30,scan,H2,L2,LEO700-B30-H2-L2,70,2,282,200702,configs/sim/sample/BAT_LEO700_B30_H2_L2_S282.yaml,data/raw/sim/bat/BAT_LEO700_B30_H2_L2_S282.mat,sim/gmat/out/env_LEO700_B30.mat,883960,6.0344,mid,none,,131
BAT_LEO700_B30_H2_L2_S283,bat,SIM_bat,LEO700,30,scan,H2,L2,LEO700-B30-H2-L2,70,3,283,200703,configs/sim/sample/BAT_LEO700_B30_H2_L2_S283.yaml,data/raw/sim/bat/BAT_LEO700_B30_H2_L2_S283.mat,sim/gmat/out/env_LEO700_B30.mat,1239840,8.6014,mid,none,,194
BAT_LEO700_B30_H2_L2_S284,bat,SIM_bat,LEO700,30,scan,H2,L2,LEO700-B30-H2-L2,70,4,284,200704,configs/sim/sample/BAT_LEO700_B30_H2_L2_S284.yaml,data/raw/sim/bat/BAT_LEO700_B30_H2_L2_S284.mat,sim/gmat/out/env_LEO700_B30.mat,815080,5.5341,short,none,,302
BAT_LEO700_B30_H2_L3_S285,bat,SIM_bat,LEO700,30,dense,H2,L3,LEO700-B30-H2-L3,71,1,285,200711,configs/sim/sample/BAT_LEO700_B30_H2_L3_S285.yaml,data/raw/sim/bat/BAT_LEO700_B30_H2_L3_S285.mat,sim/gmat/out/env_LEO700_B30.mat,1148000,7.9708,mid,none,,31
BAT_LEO700_B30_H2_L3_S286,bat,SIM_bat,LEO700,30,dense,H2,L3,LEO700-B30-H2-L3,71,2,286,200712,configs/sim/sample/BAT_LEO700_B30_H2_L3_S286.yaml,data/raw/sim/bat/BAT_LEO700_B30_H2_L3_S286.mat,sim/gmat/out/env_LEO700_B30.mat,350140,2.1712,short,none,,161
BAT_LEO700_B30_H2_L3_S287,bat,SIM_bat,LEO700,30,dense,H2,L3,LEO700-B30-H2-L3,71,3,287,200713,configs/sim/sample/BAT_LEO700_B30_H2_L3_S287.yaml,data/raw/sim/bat/BAT_LEO700_B30_H2_L3_S287.mat,sim/gmat/out/env_LEO700_B30.mat,642880,4.3086,short,none,,228
BAT_LEO700_B30_H2_L3_S288,bat,SIM_bat,LEO700,30,dense,H2,L3,LEO700-B30-H2-L3,71,4,288,200714,configs/sim/sample/BAT_LEO700_B30_H2_L3_S288.yaml,data/raw/sim/bat/BAT_LEO700_B30_H2_L3_S288.mat,sim/gmat/out/env_LEO700_B30.mat,459200,2.9713,short,none,,321
BAT_LEO700_B60_H0_L1_S289,bat,SIM_bat,LEO700,60,stare,H0,L1,LEO700-B60-H0-L1,72,1,289,200721,configs/sim/sample/BAT_LEO700_B60_H0_L1_S289.yaml,data/raw/sim/bat/BAT_LEO700_B60_H0_L1_S289.mat,sim/gmat/out/env_LEO700_B60.mat,1302980,9.0548,long,none,,26
BAT_LEO700_B60_H0_L1_S290,bat,SIM_bat,LEO700,60,stare,H0,L1,LEO700-B60-H0-L1,72,2,290,200722,configs/sim/sample/BAT_LEO700_B60_H0_L1_S290.yaml,data/raw/sim/bat/BAT_LEO700_B60_H0_L1_S290.mat,sim/gmat/out/env_LEO700_B60.mat,1262800,8.7752,long,none,,106
BAT_LEO700_B60_H0_L1_S291,bat,SIM_bat,LEO700,60,stare,H0,L1,LEO700-B60-H0-L1,72,3,291,200723,configs/sim/sample/BAT_LEO700_B60_H0_L1_S291.yaml,data/raw/sim/bat/BAT_LEO700_B60_H0_L1_S291.mat,sim/gmat/out/env_LEO700_B60.mat,2824080,20.0935,long,none,,163
BAT_LEO700_B60_H0_L1_S292,bat,SIM_bat,LEO700,60,stare,H0,L1,LEO700-B60-H0-L1,72,4,292,200724,configs/sim/sample/BAT_LEO700_B60_H0_L1_S292.yaml,data/raw/sim/bat/BAT_LEO700_B60_H0_L1_S292.mat,sim/gmat/out/env_LEO700_B60.mat,2565780,18.2164,long,none,,245
BAT_LEO700_B60_H0_L2_S293,bat,SIM_bat,LEO700,60,scan,H0,L2,LEO700-B60-H0-L2,73,1,293,200731,configs/sim/sample/BAT_LEO700_B60_H0_L2_S293.yaml,data/raw/sim/bat/BAT_LEO700_B60_H0_L2_S293.mat,sim/gmat/out/env_LEO700_B60.mat,947100,6.4894,mid,none,,45
BAT_LEO700_B60_H0_L2_S294,bat,SIM_bat,LEO700,60,scan,H0,L2,LEO700-B60-H0-L2,73,2,294,200732,configs/sim/sample/BAT_LEO700_B60_H0_L2_S294.yaml,data/raw/sim/bat/BAT_LEO700_B60_H0_L2_S294.mat,sim/gmat/out/env_LEO700_B60.mat,2473940,17.5525,long,none,,83
BAT_LEO700_B60_H0_L2_S295,bat,SIM_bat,LEO700,60,scan,H0,L2,LEO700-B60-H0-L2,73,3,295,200733,configs/sim/sample/BAT_LEO700_B60_H0_L2_S295.yaml,data/raw/sim/bat/BAT_LEO700_B60_H0_L2_S295.mat,sim/gmat/out/env_LEO700_B60.mat,1423520,9.9307,long,none,,183
BAT_LEO700_B60_H0_L2_S296,bat,SIM_bat,LEO700,60,scan,H0,L2,LEO700-B60-H0-L2,73,4,296,200734,configs/sim/sample/BAT_LEO700_B60_H0_L2_S296.yaml,data/raw/sim/bat/BAT_LEO700_B60_H0_L2_S296.mat,sim/gmat/out/env_LEO700_B60.mat,2542820,18.0558,long,none,,246
BAT_LEO700_B60_H0_L3_S297,bat,SIM_bat,LEO700,60,dense,H0,L3,LEO700-B60-H0-L3,74,1,297,200741,configs/sim/sample/BAT_LEO700_B60_H0_L3_S297.yaml,data/raw/sim/bat/BAT_LEO700_B60_H0_L3_S297.mat,sim/gmat/out/env_LEO700_B60.mat,1618680,11.3704,long,none,,16
BAT_LEO700_B60_H0_L3_S298,bat,SIM_bat,LEO700,60,dense,H0,L3,LEO700-B60-H0-L3,74,2,298,200742,configs/sim/sample/BAT_LEO700_B60_H0_L3_S298.yaml,data/raw/sim/bat/BAT_LEO700_B60_H0_L3_S298.mat,sim/gmat/out/env_LEO700_B60.mat,1463700,10.2153,long,none,,96
BAT_LEO700_B60_H0_L3_S299,bat,SIM_bat,LEO700,60,dense,H0,L3,LEO700-B60-H0-L3,74,3,299,200743,configs/sim/sample/BAT_LEO700_B60_H0_L3_S299.yaml,data/raw/sim/bat/BAT_LEO700_B60_H0_L3_S299.mat,sim/gmat/out/env_LEO700_B60.mat,677320,4.5555,short,none,,225
BAT_LEO700_B60_H0_L3_S300,bat,SIM_bat,LEO700,60,dense,H0,L3,LEO700-B60-H0-L3,74,4,300,200744,configs/sim/sample/BAT_LEO700_B60_H0_L3_S300.yaml,data/raw/sim/bat/BAT_LEO700_B60_H0_L3_S300.mat,sim/gmat/out/env_LEO700_B60.mat,677320,4.5313,short,none,,309
BAT_LEO700_B60_H1_L1_S301,bat,SIM_bat,LEO700,60,stare,H1,L1,LEO700-B60-H1-L1,75,1,301,200751,configs/sim/sample/BAT_LEO700_B60_H1_L1_S301.yaml,data/raw/sim/bat/BAT_LEO700_B60_H1_L1_S301.mat,sim/gmat/out/env_LEO700_B60.mat,1899940,13.3761,long,none,,10
BAT_LEO700_B60_H1_L1_S302,bat,SIM_bat,LEO700,60,stare,H1,L1,LEO700-B60-H1-L1,75,2,302,200752,configs/sim/sample/BAT_LEO700_B60_H1_L1_S302.yaml,data/raw/sim/bat/BAT_LEO700_B60_H1_L1_S302.mat,sim/gmat/out/env_LEO700_B60.mat,1136520,7.8819,mid,none,,112
BAT_LEO700_B60_H1_L1_S303,bat,SIM_bat,LEO700,60,stare,H1,L1,LEO700-B60-H1-L1,75,3,303,200753,configs/sim/sample/BAT_LEO700_B60_H1_L1_S303.yaml,data/raw/sim/bat/BAT_LEO700_B60_H1_L1_S303.mat,sim/gmat/out/env_LEO700_B60.mat,683060,4.5755,short,none,,224
BAT_LEO700_B60_H1_L1_S304,bat,SIM_bat,LEO700,60,stare,H1,L1,LEO700-B60-H1-L1,75,4,304,200754,configs/sim/sample/BAT_LEO700_B60_H1_L1_S304.yaml,data/raw/sim/bat/BAT_LEO700_B60_H1_L1_S304.mat,sim/gmat/out/env_LEO700_B60.mat,2146760,15.1915,long,none,,250
BAT_LEO700_B60_H1_L2_S305,bat,SIM_bat,LEO700,60,scan,H1,L2,LEO700-B60-H1-L2,76,1,305,200761,configs/sim/sample/BAT_LEO700_B60_H1_L2_S305.yaml,data/raw/sim/bat/BAT_LEO700_B60_H1_L2_S305.mat,sim/gmat/out/env_LEO700_B60.mat,1102080,7.6230,mid,none,,35
BAT_LEO700_B60_H1_L2_S306,bat,SIM_bat,LEO700,60,scan,H1,L2,LEO700-B60-H1-L2,76,2,306,200762,configs/sim/sample/BAT_LEO700_B60_H1_L2_S306.yaml,data/raw/sim/bat/BAT_LEO700_B60_H1_L2_S306.mat,sim/gmat/out/env_LEO700_B60.mat,568260,3.7601,short,none,,149
BAT_LEO700_B60_H1_L2_S307,bat,SIM_bat,LEO700,60,scan,H1,L2,LEO700-B60-H1-L2,76,3,307,200763,configs/sim/sample/BAT_LEO700_B60_H1_L2_S307.yaml,data/raw/sim/bat/BAT_LEO700_B60_H1_L2_S307.mat,sim/gmat/out/env_LEO700_B60.mat,763420,5.1494,short,none,,222
BAT_LEO700_B60_H1_L2_S308,bat,SIM_bat,LEO700,60,scan,H1,L2,LEO700-B60-H1-L2,76,4,308,200764,configs/sim/sample/BAT_LEO700_B60_H1_L2_S308.yaml,data/raw/sim/bat/BAT_LEO700_B60_H1_L2_S308.mat,sim/gmat/out/env_LEO700_B60.mat,826560,5.6236,short,none,,301
BAT_LEO700_B60_H1_L3_S309,bat,SIM_bat,LEO700,60,dense,H1,L3,LEO700-B60-H1-L3,77,1,309,200771,configs/sim/sample/BAT_LEO700_B60_H1_L3_S309.yaml,data/raw/sim/bat/BAT_LEO700_B60_H1_L3_S309.mat,sim/gmat/out/env_LEO700_B60.mat,1658860,11.6336,long,none,,14
BAT_LEO700_B60_H1_L3_S310,bat,SIM_bat,LEO700,60,dense,H1,L3,LEO700-B60-H1-L3,77,2,310,200772,configs/sim/sample/BAT_LEO700_B60_H1_L3_S310.yaml,data/raw/sim/bat/BAT_LEO700_B60_H1_L3_S310.mat,sim/gmat/out/env_LEO700_B60.mat,1119300,7.7476,mid,none,,113
BAT_LEO700_B60_H1_L3_S311,bat,SIM_bat,LEO700,60,dense,H1,L3,LEO700-B60-H1-L3,77,3,311,200773,configs/sim/sample/BAT_LEO700_B60_H1_L3_S311.yaml,data/raw/sim/bat/BAT_LEO700_B60_H1_L3_S311.mat,sim/gmat/out/env_LEO700_B60.mat,1262800,8.7788,long,none,,193
BAT_LEO700_B60_H1_L3_S312,bat,SIM_bat,LEO700,60,dense,H1,L3,LEO700-B60-H1-L3,77,4,312,200774,configs/sim/sample/BAT_LEO700_B60_H1_L3_S312.yaml,data/raw/sim/bat/BAT_LEO700_B60_H1_L3_S312.mat,sim/gmat/out/env_LEO700_B60.mat,505120,3.2888,short,none,,316
BAT_LEO700_B60_H2_L1_S313,bat,SIM_bat,LEO700,60,stare,H2,L1,LEO700-B60-H2-L1,78,1,313,200781,configs/sim/sample/BAT_LEO700_B60_H2_L1_S313.yaml,data/raw/sim/bat/BAT_LEO700_B60_H2_L1_S313.mat,sim/gmat/out/env_LEO700_B60.mat,430500,2.7517,short,none,,78
BAT_LEO700_B60_H2_L1_S314,bat,SIM_bat,LEO700,60,stare,H2,L1,LEO700-B60-H2-L1,78,2,314,200782,configs/sim/sample/BAT_LEO700_B60_H2_L1_S314.yaml,data/raw/sim/bat/BAT_LEO700_B60_H2_L1_S314.mat,sim/gmat/out/env_LEO700_B60.mat,1176700,8.1689,mid,none,,109
BAT_LEO700_B60_H2_L1_S315,bat,SIM_bat,LEO700,60,stare,H2,L1,LEO700-B60-H2-L1,78,3,315,200783,configs/sim/sample/BAT_LEO700_B60_H2_L1_S315.yaml,data/raw/sim/bat/BAT_LEO700_B60_H2_L1_S315.mat,sim/gmat/out/env_LEO700_B60.mat,625660,4.1727,short,none,,231
BAT_LEO700_B60_H2_L1_S316,bat,SIM_bat,LEO700,60,stare,H2,L1,LEO700-B60-H2-L1,78,4,316,200784,configs/sim/sample/BAT_LEO700_B60_H2_L1_S316.yaml,data/raw/sim/bat/BAT_LEO700_B60_H2_L1_S316.mat,sim/gmat/out/env_LEO700_B60.mat,975800,6.7024,mid,none,,285
BAT_LEO700_B60_H2_L2_S317,bat,SIM_bat,LEO700,60,scan,H2,L2,LEO700-B60-H2-L2,79,1,317,200791,configs/sim/sample/BAT_LEO700_B60_H2_L2_S317.yaml,data/raw/sim/bat/BAT_LEO700_B60_H2_L2_S317.mat,sim/gmat/out/env_LEO700_B60.mat,706020,4.7729,short,none,,60
BAT_LEO700_B60_H2_L2_S318,bat,SIM_bat,LEO700,60,scan,H2,L2,LEO700-B60-H2-L2,79,2,318,200792,configs/sim/sample/BAT_LEO700_B60_H2_L2_S318.yaml,data/raw/sim/bat/BAT_LEO700_B60_H2_L2_S318.mat,sim/gmat/out/env_LEO700_B60.mat,1015980,7.0016,mid,none,,121
BAT_LEO700_B60_H2_L2_S319,bat,SIM_bat,LEO700,60,scan,H2,L2,LEO700-B60-H2-L2,79,3,319,200793,configs/sim/sample/BAT_LEO700_B60_H2_L2_S319.yaml,data/raw/sim/bat/BAT_LEO700_B60_H2_L2_S319.mat,sim/gmat/out/env_LEO700_B60.mat,1222620,8.4811,mid,none,,196
BAT_LEO700_B60_H2_L2_S320,bat,SIM_bat,LEO700,60,scan,H2,L2,LEO700-B60-H2-L2,79,4,320,200794,configs/sim/sample/BAT_LEO700_B60_H2_L2_S320.yaml,data/raw/sim/bat/BAT_LEO700_B60_H2_L2_S320.mat,sim/gmat/out/env_LEO700_B60.mat,1096340,7.5978,mid,none,,276
BAT_LEO700_B60_H2_L3_S321,bat,SIM_bat,LEO700,60,dense,H2,L3,LEO700-B60-H2-L3,80,1,321,200801,configs/sim/sample/BAT_LEO700_B60_H2_L3_S321.yaml,data/raw/sim/bat/BAT_LEO700_B60_H2_L3_S321.mat,sim/gmat/out/env_LEO700_B60.mat,390320,2.4831,short,none,,80
BAT_LEO700_B60_H2_L3_S322,bat,SIM_bat,LEO700,60,dense,H2,L3,LEO700-B60-H2-L3,80,2,322,200802,configs/sim/sample/BAT_LEO700_B60_H2_L3_S322.yaml,data/raw/sim/bat/BAT_LEO700_B60_H2_L3_S322.mat,sim/gmat/out/env_LEO700_B60.mat,1050420,7.2485,mid,none,,118
BAT_LEO700_B60_H2_L3_S323,bat,SIM_bat,LEO700,60,dense,H2,L3,LEO700-B60-H2-L3,80,3,323,200803,configs/sim/sample/BAT_LEO700_B60_H2_L3_S323.yaml,data/raw/sim/bat/BAT_LEO700_B60_H2_L3_S323.mat,sim/gmat/out/env_LEO700_B60.mat,970060,6.6653,mid,none,,211
BAT_LEO700_B60_H2_L3_S324,bat,SIM_bat,LEO700,60,dense,H2,L3,LEO700-B60-H2-L3,80,4,324,200804,configs/sim/sample/BAT_LEO700_B60_H2_L3_S324.yaml,data/raw/sim/bat/BAT_LEO700_B60_H2_L3_S324.mat,sim/gmat/out/env_LEO700_B60.mat,706020,4.7654,short,none,,307
