unit_id,product_line,dataset_id,orbit,doe_cell,seed,split,split_seed,split_key_sha256_prefix12,split_key_fraction,hash_rank_within_non_holdout_cell,non_holdout_cell_n,non_holdout_cell_val_n,raw_path,config_path,holdout_sha256
BAT_LEO500_B00_H0_L1_S001,bat,SIM_bat,LEO500,LEO500-B00-H0-L1,200001,train,0,9c5116b3cc7f,0.6106123150789209,1,4,1,data/raw/sim/bat/BAT_LEO500_B00_H0_L1_S001.mat,configs/sim/sample/BAT_LEO500_B00_H0_L1_S001.yaml,
BAT_LEO500_B00_H0_L1_S002,bat,SIM_bat,LEO500,LEO500-B00-H0-L1,200002,train,0,94222fe00383,0.5786466524036875,0,4,1,data/raw/sim/bat/BAT_LEO500_B00_H0_L1_S002.mat,configs/sim/sample/BAT_LEO500_B00_H0_L1_S002.yaml,
BAT_LEO500_B00_H0_L1_S003,bat,SIM_bat,LEO500,LEO500-B00-H0-L1,200003,train,0,e50c0d6e61b9,0.8947151560293811,2,4,1,data/raw/sim/bat/BAT_LEO500_B00_H0_L1_S003.mat,configs/sim/sample/BAT_LEO500_B00_H0_L1_S003.yaml,
BAT_LEO500_B00_H0_L1_S004,bat,SIM_bat,LEO500,LEO500-B00-H0-L1,200004,val,0,f709c122ddd0,0.9649925909159833,3,4,1,data/raw/sim/bat/BAT_LEO500_B00_H0_L1_S004.mat,configs/sim/sample/BAT_LEO500_B00_H0_L1_S004.yaml,
BAT_LEO500_B00_H0_L2_S005,bat,SIM_bat,LEO500,LEO500-B00-H0-L2,200011,train,0,31030a892618,0.1914526543460795,0,3,1,data/raw/sim/bat/BAT_LEO500_B00_H0_L2_S005.mat,configs/sim/sample/BAT_LEO500_B00_H0_L2_S005.yaml,
BAT_LEO500_B00_H0_L2_S006,bat,SIM_bat,LEO500,LEO500-B00-H0-L2,200012,train,0,91b79bbd4f01,0.569207891195223,1,3,1,data/raw/sim/bat/BAT_LEO500_B00_H0_L2_S006.mat,configs/sim/sample/BAT_LEO500_B00_H0_L2_S006.yaml,
BAT_LEO500_B00_H0_L2_S007,bat,SIM_bat,LEO500,LEO500-B00-H0-L2,200013,val,0,ccf15867a8fa,0.8005576375080423,2,3,1,data/raw/sim/bat/BAT_LEO500_B00_H0_L2_S007.mat,configs/sim/sample/BAT_LEO500_B00_H0_L2_S007.yaml,
BAT_LEO500_B00_H0_L2_S008,bat,SIM_bat,LEO500,LEO500-B00-H0-L2,200014,holdout,0,541692cd4ba9,,,3,1,data/raw/sim/bat/BAT_LEO500_B00_H0_L2_S008.mat,configs/sim/sample/BAT_LEO500_B00_H0_L2_S008.yaml,3cef7881a31333c58cd6e77ba3a8d4e448dab11302382aa955b02ddca245f226
BAT_LEO500_B00_H0_L3_S009,bat,SIM_bat,LEO500,LEO500-B00-H0-L3,200021,val,0,91d3933e1f16,0.5696346308387419,3,4,1,data/raw/sim/bat/BAT_LEO500_B00_H0_L3_S009.mat,configs/sim/sample/BAT_LEO500_B00_H0_L3_S009.yaml,
BAT_LEO500_B00_H0_L3_S010,bat,SIM_bat,LEO500,LEO500-B00-H0-L3,200022,train,0,0eb5ba8e9f6d,0.057460460491189025,1,4,1,data/raw/sim/bat/BAT_LEO500_B00_H0_L3_S010.mat,configs/sim/sample/BAT_LEO500_B00_H0_L3_S010.yaml,
BAT_LEO500_B00_H0_L3_S011,bat,SIM_bat,LEO500,LEO500-B00-H0-L3,200023,train,0,0afd0bdd38e1,0.04292368079120834,0,4,1,data/raw/sim/bat/BAT_LEO500_B00_H0_L3_S011.mat,configs/sim/sample/BAT_LEO500_B00_H0_L3_S011.yaml,
BAT_LEO500_B00_H0_L3_S012,bat,SIM_bat,LEO500,LEO500-B00-H0-L3,200024,train,0,1a18b1853f99,0.10193929198394258,2,4,1,data/raw/sim/bat/BAT_LEO500_B00_H0_L3_S012.mat,configs/sim/sample/BAT_LEO500_B00_H0_L3_S012.yaml,
BAT_LEO500_B00_H1_L1_S013,bat,SIM_bat,LEO500,LEO500-B00-H1-L1,200031,train,0,9706e398e4ae,0.5899488685869798,2,4,1,data/raw/sim/bat/BAT_LEO500_B00_H1_L1_S013.mat,configs/sim/sample/BAT_LEO500_B00_H1_L1_S013.yaml,
BAT_LEO500_B00_H1_L1_S014,bat,SIM_bat,LEO500,LEO500-B00-H1-L1,200032,train,0,285bf1782b54,0.1576529425031623,0,4,1,data/raw/sim/bat/BAT_LEO500_B00_H1_L1_S014.mat,configs/sim/sample/BAT_LEO500_B00_H1_L1_S014.yaml,
BAT_LEO500_B00_H1_L1_S015,bat,SIM_bat,LEO500,LEO500-B00-H1-L1,200033,train,0,393ef6d25dfa,0.2236170066443961,1,4,1,data/raw/sim/bat/BAT_LEO500_B00_H1_L1_S015.mat,configs/sim/sample/BAT_LEO500_B00_H1_L1_S015.yaml,
BAT_LEO500_B00_H1_L1_S016,bat,SIM_bat,LEO500,LEO500-B00-H1-L1,200034,val,0,fc720d152358,0.9861152817350956,3,4,1,data/raw/sim/bat/BAT_LEO500_B00_H1_L1_S016.mat,configs/sim/sample/BAT_LEO500_B00_H1_L1_S016.yaml,
BAT_LEO500_B00_H1_L2_S017,bat,SIM_bat,LEO500,LEO500-B00-H1-L2,200041,train,0,932cc1dd4d25,0.5749016919409264,1,3,1,data/raw/sim/bat/BAT_LEO500_B00_H1_L2_S017.mat,configs/sim/sample/BAT_LEO500_B00_H1_L2_S017.yaml,
BAT_LEO500_B00_H1_L2_S018,bat,SIM_bat,LEO500,LEO500-B00-H1-L2,200042,holdout,0,b2471e2187ec,,,3,1,data/raw/sim/bat/BAT_LEO500_B00_H1_L2_S018.mat,configs/sim/sample/BAT_LEO500_B00_H1_L2_S018.yaml,1114525d787c3d5a9fc0f265ea62f47c2c2aff18bce5512d6c7f028fc95c99ed
BAT_LEO500_B00_H1_L2_S019,bat,SIM_bat,LEO500,LEO500-B00-H1-L2,200043,val,0,a4d1e917bb4c,0.6438279803217455,2,3,1,data/raw/sim/bat/BAT_LEO500_B00_H1_L2_S019.mat,configs/sim/sample/BAT_LEO500_B00_H1_L2_S019.yaml,
BAT_LEO500_B00_H1_L2_S020,bat,SIM_bat,LEO500,LEO500-B00-H1-L2,200044,train,0,4659596d05d9,0.2748008624238061,0,3,1,data/raw/sim/bat/BAT_LEO500_B00_H1_L2_S020.mat,configs/sim/sample/BAT_LEO500_B00_H1_L2_S020.yaml,
BAT_LEO500_B00_H1_L3_S021,bat,SIM_bat,LEO500,LEO500-B00-H1-L3,200051,train,0,bdb0373d7f24,0.7409700894487656,2,4,1,data/raw/sim/bat/BAT_LEO500_B00_H1_L3_S021.mat,configs/sim/sample/BAT_LEO500_B00_H1_L3_S021.yaml,
BAT_LEO500_B00_H1_L3_S022,bat,SIM_bat,LEO500,LEO500-B00-H1-L3,200052,train,0,9d2cd54f9069,0.6139653510330483,1,4,1,data/raw/sim/bat/BAT_LEO500_B00_H1_L3_S022.mat,configs/sim/sample/BAT_LEO500_B00_H1_L3_S022.yaml,
BAT_LEO500_B00_H1_L3_S023,bat,SIM_bat,LEO500,LEO500-B00-H1-L3,200053,val,0,fcde6b5561fe,0.987768848748594,3,4,1,data/raw/sim/bat/BAT_LEO500_B00_H1_L3_S023.mat,configs/sim/sample/BAT_LEO500_B00_H1_L3_S023.yaml,
BAT_LEO500_B00_H1_L3_S024,bat,SIM_bat,LEO500,LEO500-B00-H1-L3,200054,train,0,94f0a4ef5b6f,0.5817969402664254,0,4,1,data/raw/sim/bat/BAT_LEO500_B00_H1_L3_S024.mat,configs/sim/sample/BAT_LEO500_B00_H1_L3_S024.yaml,
BAT_LEO500_B00_H2_L1_S025,bat,SIM_bat,LEO500,LEO500-B00-H2-L1,200061,train,0,cff29559733c,0.8122952788719289,1,3,1,data/raw/sim/bat/BAT_LEO500_B00_H2_L1_S025.mat,configs/sim/sample/BAT_LEO500_B00_H2_L1_S025.yaml,
BAT_LEO500_B00_H2_L1_S026,bat,SIM_bat,LEO500,LEO500-B00-H2-L1,200062,holdout,0,1882f5eb032b,,,3,1,data/raw/sim/bat/BAT_LEO500_B00_H2_L1_S026.mat,configs/sim/sample/BAT_LEO500_B00_H2_L1_S026.yaml,22671d08636061ed7214c68fcd43400cd5361cb42614c8917d5f9c05ffea67a6
BAT_LEO500_B00_H2_L1_S027,bat,SIM_bat,LEO500,LEO500-B00-H2-L1,200063,train,0,94292759ff2b,0.5787529558867099,0,3,1,data/raw/sim/bat/BAT_LEO500_B00_H2_L1_S027.mat,configs/sim/sample/BAT_LEO500_B00_H2_L1_S027.yaml,
BAT_LEO500_B00_H2_L1_S028,bat,SIM_bat,LEO500,LEO500-B00-H2-L1,200064,val,0,e0a082aa6ff8,0.8774491945368652,2,3,1,data/raw/sim/bat/BAT_LEO500_B00_H2_L1_S028.mat,configs/sim/sample/BAT_LEO500_B00_H2_L1_S028.yaml,
BAT_LEO500_B00_H2_L2_S029,bat,SIM_bat,LEO500,LEO500-B00-H2-L2,200071,train,0,0b90ee1da6a4,0.045180208434103974,0,3,1,data/raw/sim/bat/BAT_LEO500_B00_H2_L2_S029.mat,configs/sim/sample/BAT_LEO500_B00_H2_L2_S029.yaml,
BAT_LEO500_B00_H2_L2_S030,bat,SIM_bat,LEO500,LEO500-B00-H2-L2,200072,val,0,e0905bf2f04d,0.8772027462112426,2,3,1,data/raw/sim/bat/BAT_LEO500_B00_H2_L2_S030.mat,configs/sim/sample/BAT_LEO500_B00_H2_L2_S030.yaml,
BAT_LEO500_B00_H2_L2_S031,bat,SIM_bat,LEO500,LEO500-B00-H2-L2,200073,train,0,be815dfba704,0.744161485613418,1,3,1,data/raw/sim/bat/BAT_LEO500_B00_H2_L2_S031.mat,configs/sim/sample/BAT_LEO500_B00_H2_L2_S031.yaml,
BAT_LEO500_B00_H2_L2_S032,bat,SIM_bat,LEO500,LEO500-B00-H2-L2,200074,holdout,0,6b673e90e331,,,3,1,data/raw/sim/bat/BAT_LEO500_B00_H2_L2_S032.mat,configs/sim/sample/BAT_LEO500_B00_H2_L2_S032.yaml,d5b22a0b45168cc8a9e794fc9d78c79f2679ef233cdd564794764c5e70b63835
BAT_LEO500_B00_H2_L3_S033,bat,SIM_bat,LEO500,LEO500-B00-H2-L3,200081,holdout,0,d92486694834,,,3,1,data/raw/sim/bat/BAT_LEO500_B00_H2_L3_S033.mat,configs/sim/sample/BAT_LEO500_B00_H2_L3_S033.yaml,bf80b8bff329c62b2a5ca50e07368d30056cd41f8a673a18fd339268d3c1a92b
BAT_LEO500_B00_H2_L3_S034,bat,SIM_bat,LEO500,LEO500-B00-H2-L3,200082,train,0,2519a345530c,0.144922451424506,0,3,1,data/raw/sim/bat/BAT_LEO500_B00_H2_L3_S034.mat,configs/sim/sample/BAT_LEO500_B00_H2_L3_S034.yaml,
BAT_LEO500_B00_H2_L3_S035,bat,SIM_bat,LEO500,LEO500-B00-H2-L3,200083,val,0,c191f5f72552,0.7561334350951441,2,3,1,data/raw/sim/bat/BAT_LEO500_B00_H2_L3_S035.mat,configs/sim/sample/BAT_LEO500_B00_H2_L3_S035.yaml,
BAT_LEO500_B00_H2_L3_S036,bat,SIM_bat,LEO500,LEO500-B00-H2-L3,200084,train,0,9bbb7001b275,0.6083288196700387,1,3,1,data/raw/sim/bat/BAT_LEO500_B00_H2_L3_S036.mat,configs/sim/sample/BAT_LEO500_B00_H2_L3_S036.yaml,
BAT_LEO500_B30_H0_L1_S037,bat,SIM_bat,LEO500,LEO500-B30-H0-L1,200091,holdout,0,38d6d5db0f34,,,3,1,data/raw/sim/bat/BAT_LEO500_B30_H0_L1_S037.mat,configs/sim/sample/BAT_LEO500_B30_H0_L1_S037.yaml,f54e86006135227b7d00f77f3ab846af760b1068a5a6366391f0667c10174fae
BAT_LEO500_B30_H0_L1_S038,bat,SIM_bat,LEO500,LEO500-B30-H0-L1,200092,train,0,2545c3344cd8,0.14559574152812615,0,3,1,data/raw/sim/bat/BAT_LEO500_B30_H0_L1_S038.mat,configs/sim/sample/BAT_LEO500_B30_H0_L1_S038.yaml,
BAT_LEO500_B30_H0_L1_S039,bat,SIM_bat,LEO500,LEO500-B30-H0-L1,200093,val,0,f9eea18ba923,0.9762974706619723,2,3,1,data/raw/sim/bat/BAT_LEO500_B30_H0_L1_S039.mat,configs/sim/sample/BAT_LEO500_B30_H0_L1_S039.yaml,
BAT_LEO500_B30_H0_L1_S040,bat,SIM_bat,LEO500,LEO500-B30-H0-L1,200094,train,0,5ecf4fe944ff,0.3703508324151663,1,3,1,data/raw/sim/bat/BAT_LEO500_B30_H0_L1_S040.mat,configs/sim/sample/BAT_LEO500_B30_H0_L1_S040.yaml,
BAT_LEO500_B30_H0_L2_S041,bat,SIM_bat,LEO500,LEO500-B30-H0-L2,200101,train,0,cb00a15f186f,0.7929783684889422,0,4,1,data/raw/sim/bat/BAT_LEO500_B30_H0_L2_S041.mat,configs/sim/sample/BAT_LEO500_B30_H0_L2_S041.yaml,
BAT_LEO500_B30_H0_L2_S042,bat,SIM_bat,LEO500,LEO500-B30-H0-L2,200102,train,0,eeb211d96534,0.9324046283483796,1,4,1,data/raw/sim/bat/BAT_LEO500_B30_H0_L2_S042.mat,configs/sim/sample/BAT_LEO500_B30_H0_L2_S042.yaml,
BAT_LEO500_B30_H0_L2_S043,bat,SIM_bat,LEO500,LEO500-B30-H0-L2,200103,val,0,fdb4d4f8f2a2,0.9910405261786153,3,4,1,data/raw/sim/bat/BAT_LEO500_B30_H0_L2_S043.mat,configs/sim/sample/BAT_LEO500_B30_H0_L2_S043.yaml,
BAT_LEO500_B30_H0_L2_S044,bat,SIM_bat,LEO500,LEO500-B30-H0-L2,200104,train,0,fc773ddbc3bd,0.9861944829497027,2,4,1,data/raw/sim/bat/BAT_LEO500_B30_H0_L2_S044.mat,configs/sim/sample/BAT_LEO500_B30_H0_L2_S044.yaml,
BAT_LEO500_B30_H0_L3_S045,bat,SIM_bat,LEO500,LEO500-B30-H0-L3,200111,val,0,f9c6f3956b1a,0.9756920089522296,3,4,1,data/raw/sim/bat/BAT_LEO500_B30_H0_L3_S045.mat,configs/sim/sample/BAT_LEO500_B30_H0_L3_S045.yaml,
BAT_LEO500_B30_H0_L3_S046,bat,SIM_bat,LEO500,LEO500-B30-H0-L3,200112,train,0,1af18a729327,0.10524812028156916,0,4,1,data/raw/sim/bat/BAT_LEO500_B30_H0_L3_S046.mat,configs/sim/sample/BAT_LEO500_B30_H0_L3_S046.yaml,
BAT_LEO500_B30_H0_L3_S047,bat,SIM_bat,LEO500,LEO500-B30-H0-L3,200113,train,0,313ad1c6634c,0.19230376332716048,1,4,1,data/raw/sim/bat/BAT_LEO500_B30_H0_L3_S047.mat,configs/sim/sample/BAT_LEO500_B30_H0_L3_S047.yaml,
BAT_LEO500_B30_H0_L3_S048,bat,SIM_bat,LEO500,LEO500-B30-H0-L3,200114,train,0,bcdc533492c1,0.7377368930199317,2,4,1,data/raw/sim/bat/BAT_LEO500_B30_H0_L3_S048.mat,configs/sim/sample/BAT_LEO500_B30_H0_L3_S048.yaml,
BAT_LEO500_B30_H1_L1_S049,bat,SIM_bat,LEO500,LEO500-B30-H1-L1,200121,train,0,383fe96f765e,0.21972521754502594,0,3,1,data/raw/sim/bat/BAT_LEO500_B30_H1_L1_S049.mat,configs/sim/sample/BAT_LEO500_B30_H1_L1_S049.yaml,
BAT_LEO500_B30_H1_L1_S050,bat,SIM_bat,LEO500,LEO500-B30-H1-L1,200122,val,0,71be31cb019e,0.4443083878155605,2,3,1,data/raw/sim/bat/BAT_LEO500_B30_H1_L1_S050.mat,configs/sim/sample/BAT_LEO500_B30_H1_L1_S050.yaml,
BAT_LEO500_B30_H1_L1_S051,bat,SIM_bat,LEO500,LEO500-B30-H1-L1,200123,holdout,0,ddc47e682857,,,3,1,data/raw/sim/bat/BAT_LEO500_B30_H1_L1_S051.mat,configs/sim/sample/BAT_LEO500_B30_H1_L1_S051.yaml,2d8ab0115ab908180c6007beb4d0e4be598353081a0436182738a84429a5b5fd
BAT_LEO500_B30_H1_L1_S052,bat,SIM_bat,LEO500,LEO500-B30-H1-L1,200124,train,0,540df5749d6a,0.3283379945473044,1,3,1,data/raw/sim/bat/BAT_LEO500_B30_H1_L1_S052.mat,configs/sim/sample/BAT_LEO500_B30_H1_L1_S052.yaml,
BAT_LEO500_B30_H1_L2_S053,bat,SIM_bat,LEO500,LEO500-B30-H1-L2,200131,train,0,3e5f8d320108,0.24364550085832093,0,3,1,data/raw/sim/bat/BAT_LEO500_B30_H1_L2_S053.mat,configs/sim/sample/BAT_LEO500_B30_H1_L2_S053.yaml,
BAT_LEO500_B30_H1_L2_S054,bat,SIM_bat,LEO500,LEO500-B30-H1-L2,200132,val,0,6ea744120f03,0.4322397750938869,2,3,1,data/raw/sim/bat/BAT_LEO500_B30_H1_L2_S054.mat,configs/sim/sample/BAT_LEO500_B30_H1_L2_S054.yaml,
BAT_LEO500_B30_H1_L2_S055,bat,SIM_bat,LEO500,LEO500-B30-H1-L2,200133,train,0,46e8c6280c2d,0.2769893501064651,1,3,1,data/raw/sim/bat/BAT_LEO500_B30_H1_L2_S055.mat,configs/sim/sample/BAT_LEO500_B30_H1_L2_S055.yaml,
BAT_LEO500_B30_H1_L2_S056,bat,SIM_bat,LEO500,LEO500-B30-H1-L2,200134,holdout,0,4a989f815ece,,,3,1,data/raw/sim/bat/BAT_LEO500_B30_H1_L2_S056.mat,configs/sim/sample/BAT_LEO500_B30_H1_L2_S056.yaml,71f1acff41d034fd67e9c576bd1cef306bba885da584d788355eb698622903cf
BAT_LEO500_B30_H1_L3_S057,bat,SIM_bat,LEO500,LEO500-B30-H1-L3,200141,train,0,2d6252aa8a5d,0.17728153861604667,0,4,1,data/raw/sim/bat/BAT_LEO500_B30_H1_L3_S057.mat,configs/sim/sample/BAT_LEO500_B30_H1_L3_S057.yaml,
BAT_LEO500_B30_H1_L3_S058,bat,SIM_bat,LEO500,LEO500-B30-H1-L3,200142,val,0,d898b7b9a8c6,0.8460802868146615,3,4,1,data/raw/sim/bat/BAT_LEO500_B30_H1_L3_S058.mat,configs/sim/sample/BAT_LEO500_B30_H1_L3_S058.yaml,
BAT_LEO500_B30_H1_L3_S059,bat,SIM_bat,LEO500,LEO500-B30-H1-L3,200143,train,0,87510ad5940d,0.5285803576880888,2,4,1,data/raw/sim/bat/BAT_LEO500_B30_H1_L3_S059.mat,configs/sim/sample/BAT_LEO500_B30_H1_L3_S059.yaml,
BAT_LEO500_B30_H1_L3_S060,bat,SIM_bat,LEO500,LEO500-B30-H1-L3,200144,train,0,8281cb90946a,0.5097930171945464,1,4,1,data/raw/sim/bat/BAT_LEO500_B30_H1_L3_S060.mat,configs/sim/sample/BAT_LEO500_B30_H1_L3_S060.yaml,
BAT_LEO500_B30_H2_L1_S061,bat,SIM_bat,LEO500,LEO500-B30-H2-L1,200151,train,0,661a4c3cb7be,0.3988387726055791,2,4,1,data/raw/sim/bat/BAT_LEO500_B30_H2_L1_S061.mat,configs/sim/sample/BAT_LEO500_B30_H2_L1_S061.yaml,
BAT_LEO500_B30_H2_L1_S062,bat,SIM_bat,LEO500,LEO500-B30-H2-L1,200152,val,0,e30f00b2647f,0.8869476733711927,3,4,1,data/raw/sim/bat/BAT_LEO500_B30_H2_L1_S062.mat,configs/sim/sample/BAT_LEO500_B30_H2_L1_S062.yaml,
BAT_LEO500_B30_H2_L1_S063,bat,SIM_bat,LEO500,LEO500-B30-H2-L1,200153,train,0,244a6b41f7bf,0.14176054344693156,0,4,1,data/raw/sim/bat/BAT_LEO500_B30_H2_L1_S063.mat,configs/sim/sample/BAT_LEO500_B30_H2_L1_S063.yaml,
BAT_LEO500_B30_H2_L1_S064,bat,SIM_bat,LEO500,LEO500-B30-H2-L1,200154,train,0,4493287b8988,0.26787045494123163,1,4,1,data/raw/sim/bat/BAT_LEO500_B30_H2_L1_S064.mat,configs/sim/sample/BAT_LEO500_B30_H2_L1_S064.yaml,
BAT_LEO500_B30_H2_L2_S065,bat,SIM_bat,LEO500,LEO500-B30-H2-L2,200161,train,0,4cd9f9f5d87b,0.3002010560235071,0,3,1,data/raw/sim/bat/BAT_LEO500_B30_H2_L2_S065.mat,configs/sim/sample/BAT_LEO500_B30_H2_L2_S065.yaml,
BAT_LEO500_B30_H2_L2_S066,bat,SIM_bat,LEO500,LEO500-B30-H2-L2,200162,holdout,0,17cdf4fe9efb,,,3,1,data/raw/sim/bat/BAT_LEO500_B30_H2_L2_S066.mat,configs/sim/sample/BAT_LEO500_B30_H2_L2_S066.yaml,242ceca55e02ba29f6f5bfbb8c42fd990215888b624359c84711afc5f595f1b5
BAT_LEO500_B30_H2_L2_S067,bat,SIM_bat,LEO500,LEO500-B30-H2-L2,200163,val,0,e04ca76b7bcf,0.8761696469699096,2,3,1,data/raw/sim/bat/BAT_LEO500_B30_H2_L2_S067.mat,configs/sim/sample/BAT_LEO500_B30_H2_L2_S067.yaml,
BAT_LEO500_B30_H2_L2_S068,bat,SIM_bat,LEO500,LEO500-B30-H2-L2,200164,train,0,c79f70eef1e9,0.7797766288148615,1,3,1,data/raw/sim/bat/BAT_LEO500_B30_H2_L2_S068.mat,configs/sim/sample/BAT_LEO500_B30_H2_L2_S068.yaml,
BAT_LEO500_B30_H2_L3_S069,bat,SIM_bat,LEO500,LEO500-B30-H2-L3,200171,train,0,48f41f8522b8,0.28497502327329016,0,3,1,data/raw/sim/bat/BAT_LEO500_B30_H2_L3_S069.mat,configs/sim/sample/BAT_LEO500_B30_H2_L3_S069.yaml,
BAT_LEO500_B30_H2_L3_S070,bat,SIM_bat,LEO500,LEO500-B30-H2-L3,200172,train,0,c8d7c98c0323,0.7845426527811803,1,3,1,data/raw/sim/bat/BAT_LEO500_B30_H2_L3_S070.mat,configs/sim/sample/BAT_LEO500_B30_H2_L3_S070.yaml,
BAT_LEO500_B30_H2_L3_S071,bat,SIM_bat,LEO500,LEO500-B30-H2-L3,200173,val,0,d93dacd0a947,0.8485973367144446,2,3,1,data/raw/sim/bat/BAT_LEO500_B30_H2_L3_S071.mat,configs/sim/sample/BAT_LEO500_B30_H2_L3_S071.yaml,
BAT_LEO500_B30_H2_L3_S072,bat,SIM_bat,LEO500,LEO500-B30-H2-L3,200174,holdout,0,2059e5c6e07a,,,3,1,data/raw/sim/bat/BAT_LEO500_B30_H2_L3_S072.mat,configs/sim/sample/BAT_LEO500_B30_H2_L3_S072.yaml,55e8c52f37586a75665f0ef392f4bf437cf19421eb17e27b7f76f0393b0c8212
BAT_LEO500_B60_H0_L1_S073,bat,SIM_bat,LEO500,LEO500-B60-H0-L1,200181,train,0,bc1a1c01684f,0.7347733977733775,1,3,1,data/raw/sim/bat/BAT_LEO500_B60_H0_L1_S073.mat,configs/sim/sample/BAT_LEO500_B60_H0_L1_S073.yaml,
BAT_LEO500_B60_H0_L1_S074,bat,SIM_bat,LEO500,LEO500-B60-H0-L1,200182,holdout,0,92cfe47a2e63,,,3,1,data/raw/sim/bat/BAT_LEO500_B60_H0_L1_S074.mat,configs/sim/sample/BAT_LEO500_B60_H0_L1_S074.yaml,a294c26d57d7533161f45a26c9e5fe47f31dba4f1652032050698a7e8389b895
BAT_LEO500_B60_H0_L1_S075,bat,SIM_bat,LEO500,LEO500-B60-H0-L1,200183,val,0,cf8a2891b04b,0.8107018809971969,2,3,1,data/raw/sim/bat/BAT_LEO500_B60_H0_L1_S075.mat,configs/sim/sample/BAT_LEO500_B60_H0_L1_S075.yaml,
BAT_LEO500_B60_H0_L1_S076,bat,SIM_bat,LEO500,LEO500-B60-H0-L1,200184,train,0,916af7fd3b22,0.5680384629478183,0,3,1,data/raw/sim/bat/BAT_LEO500_B60_H0_L1_S076.mat,configs/sim/sample/BAT_LEO500_B60_H0_L1_S076.yaml,
BAT_LEO500_B60_H0_L2_S077,bat,SIM_bat,LEO500,LEO500-B60-H0-L2,200191,holdout,0,6b02f9098a93,,,3,1,data/raw/sim/bat/BAT_LEO500_B60_H0_L2_S077.mat,configs/sim/sample/BAT_LEO500_B60_H0_L2_S077.yaml,71753b2f771d47b652972db30e67861c2e826eb66ccc3fb774a27f24344fcb85
BAT_LEO500_B60_H0_L2_S078,bat,SIM_bat,LEO500,LEO500-B60-H0-L2,200192,val,0,fd645dd1afb9,0.9898127209596375,2,3,1,data/raw/sim/bat/BAT_LEO500_B60_H0_L2_S078.mat,configs/sim/sample/BAT_LEO500_B60_H0_L2_S078.yaml,
BAT_LEO500_B60_H0_L2_S079,bat,SIM_bat,LEO500,LEO500-B60-H0-L2,200193,train,0,5cbd75ffab5e,0.3622659444039229,0,3,1,data/raw/sim/bat/BAT_LEO500_B60_H0_L2_S079.mat,configs/sim/sample/BAT_LEO500_B60_H0_L2_S079.yaml,
BAT_LEO500_B60_H0_L2_S080,bat,SIM_bat,LEO500,LEO500-B60-H0-L2,200194,train,0,f8dfeef5c2bd,0.9721669530870152,1,3,1,data/raw/sim/bat/BAT_LEO500_B60_H0_L2_S080.mat,configs/sim/sample/BAT_LEO500_B60_H0_L2_S080.yaml,
BAT_LEO500_B60_H0_L3_S081,bat,SIM_bat,LEO500,LEO500-B60-H0-L3,200201,holdout,0,d8fe0cf26846,,,3,1,data/raw/sim/bat/BAT_LEO500_B60_H0_L3_S081.mat,configs/sim/sample/BAT_LEO500_B60_H0_L3_S081.yaml,f62e080d15bad1214c4b1abccafea8b2c12763922df181f4a188244e73465cba
BAT_LEO500_B60_H0_L3_S082,bat,SIM_bat,LEO500,LEO500-B60-H0-L3,200202,train,0,58aad503ed1e,0.3463566908441109,0,3,1,data/raw/sim/bat/BAT_LEO500_B60_H0_L3_S082.mat,configs/sim/sample/BAT_LEO500_B60_H0_L3_S082.yaml,
BAT_LEO500_B60_H0_L3_S083,bat,SIM_bat,LEO500,LEO500-B60-H0-L3,200203,train,0,593dd4e377d3,0.3485997252790405,1,3,1,data/raw/sim/bat/BAT_LEO500_B60_H0_L3_S083.mat,configs/sim/sample/BAT_LEO500_B60_H0_L3_S083.yaml,
BAT_LEO500_B60_H0_L3_S084,bat,SIM_bat,LEO500,LEO500-B60-H0-L3,200204,val,0,9b14f6ea6806,0.6057886431008441,2,3,1,data/raw/sim/bat/BAT_LEO500_B60_H0_L3_S084.mat,configs/sim/sample/BAT_LEO500_B60_H0_L3_S084.yaml,
BAT_LEO500_B60_H1_L1_S085,bat,SIM_bat,LEO500,LEO500-B60-H1-L1,200211,val,0,d67e251e9e6c,0.8378623199227349,2,3,1,data/raw/sim/bat/BAT_LEO500_B60_H1_L1_S085.mat,configs/sim/sample/BAT_LEO500_B60_H1_L1_S085.yaml,
BAT_LEO500_B60_H1_L1_S086,bat,SIM_bat,LEO500,LEO500-B60-H1-L1,200212,train,0,b97cef55c304,0.7245626053218217,1,3,1,data/raw/sim/bat/BAT_LEO500_B60_H1_L1_S086.mat,configs/sim/sample/BAT_LEO500_B60_H1_L1_S086.yaml,
BAT_LEO500_B60_H1_L1_S087,bat,SIM_bat,LEO500,LEO500-B60-H1-L1,200213,holdout,0,825c56ec0b35,,,3,1,data/raw/sim/bat/BAT_LEO500_B60_H1_L1_S087.mat,configs/sim/sample/BAT_LEO500_B60_H1_L1_S087.yaml,135980b7328aea697ab47c129e28345cc811012ced1a871ded1cfbc7d9b5ab65
BAT_LEO500_B60_H1_L1_S088,bat,SIM_bat,LEO500,LEO500-B60-H1-L1,200214,train,0,a4827ae82471,0.6426159683946402,0,3,1,data/raw/sim/bat/BAT_LEO500_B60_H1_L1_S088.mat,configs/sim/sample/BAT_LEO500_B60_H1_L1_S088.yaml,
BAT_LEO500_B60_H1_L2_S089,bat,SIM_bat,LEO500,LEO500-B60-H1-L2,200221,holdout,0,6e4ade4bfd38,,,3,1,data/raw/sim/bat/BAT_LEO500_B60_H1_L2_S089.mat,configs/sim/sample/BAT_LEO500_B60_H1_L2_S089.yaml,e8bbfd204d46e025e66ea2813bdc490e68fa9c665380686246f721b84860739b
BAT_LEO500_B60_H1_L2_S090,bat,SIM_bat,LEO500,LEO500-B60-H1-L2,200222,train,0,8c5a2142805f,0.5482502734524779,1,3,1,data/raw/sim/bat/BAT_LEO500_B60_H1_L2_S090.mat,configs/sim/sample/BAT_LEO500_B60_H1_L2_S090.yaml,
BAT_LEO500_B60_H1_L2_S091,bat,SIM_bat,LEO500,LEO500-B60-H1-L2,200223,val,0,c6cee7c6c89e,0.7765946255027458,2,3,1,data/raw/sim/bat/BAT_LEO500_B60_H1_L2_S091.mat,configs/sim/sample/BAT_LEO500_B60_H1_L2_S091.yaml,
BAT_LEO500_B60_H1_L2_S092,bat,SIM_bat,LEO500,LEO500-B60-H1-L2,200224,train,0,1e84d5feeaf9,0.11921441529827703,0,3,1,data/raw/sim/bat/BAT_LEO500_B60_H1_L2_S092.mat,configs/sim/sample/BAT_LEO500_B60_H1_L2_S092.yaml,
BAT_LEO500_B60_H1_L3_S093,bat,SIM_bat,LEO500,LEO500-B60-H1-L3,200231,train,0,df870a5224db,0.8731543016955179,2,4,1,data/raw/sim/bat/BAT_LEO500_B60_H1_L3_S093.mat,configs/sim/sample/BAT_LEO500_B60_H1_L3_S093.yaml,
BAT_LEO500_B60_H1_L3_S094,bat,SIM_bat,LEO500,LEO500-B60-H1-L3,200232,train,0,90b90ea0b10a,0.5653237478555084,1,4,1,data/raw/sim/bat/BAT_LEO500_B60_H1_L3_S094.mat,configs/sim/sample/BAT_LEO500_B60_H1_L3_S094.yaml,
BAT_LEO500_B60_H1_L3_S095,bat,SIM_bat,LEO500,LEO500-B60-H1-L3,200233,val,0,ebfd56127ac7,0.9218343539348801,3,4,1,data/raw/sim/bat/BAT_LEO500_B60_H1_L3_S095.mat,configs/sim/sample/BAT_LEO500_B60_H1_L3_S095.yaml,
BAT_LEO500_B60_H1_L3_S096,bat,SIM_bat,LEO500,LEO500-B60-H1-L3,200234,train,0,9017831c9363,0.5628587670102085,0,4,1,data/raw/sim/bat/BAT_LEO500_B60_H1_L3_S096.mat,configs/sim/sample/BAT_LEO500_B60_H1_L3_S096.yaml,
BAT_LEO500_B60_H2_L1_S097,bat,SIM_bat,LEO500,LEO500-B60-H2-L1,200241,train,0,5d74c32ac671,0.36506290239634964,0,3,1,data/raw/sim/bat/BAT_LEO500_B60_H2_L1_S097.mat,configs/sim/sample/BAT_LEO500_B60_H2_L1_S097.yaml,
BAT_LEO500_B60_H2_L1_S098,bat,SIM_bat,LEO500,LEO500-B60-H2-L1,200242,val,0,d7595ee55e91,0.8412074384673964,2,3,1,data/raw/sim/bat/BAT_LEO500_B60_H2_L1_S098.mat,configs/sim/sample/BAT_LEO500_B60_H2_L1_S098.yaml,
BAT_LEO500_B60_H2_L1_S099,bat,SIM_bat,LEO500,LEO500-B60-H2-L1,200243,holdout,0,e8fafffc7cbb,,,3,1,data/raw/sim/bat/BAT_LEO500_B60_H2_L1_S099.mat,configs/sim/sample/BAT_LEO500_B60_H2_L1_S099.yaml,286cbc7b72ceebc82bdd162b5f14be11f14b6a2cc9e87751fb679d48fce1e1b3
BAT_LEO500_B60_H2_L1_S100,bat,SIM_bat,LEO500,LEO500-B60-H2-L1,200244,train,0,a7cb5a494b8a,0.6554466656630566,1,3,1,data/raw/sim/bat/BAT_LEO500_B60_H2_L1_S100.mat,configs/sim/sample/BAT_LEO500_B60_H2_L1_S100.yaml,
BAT_LEO500_B60_H2_L2_S101,bat,SIM_bat,LEO500,LEO500-B60-H2-L2,200251,train,0,06167d558db2,0.02378066385944777,0,4,1,data/raw/sim/bat/BAT_LEO500_B60_H2_L2_S101.mat,configs/sim/sample/BAT_LEO500_B60_H2_L2_S101.yaml,
BAT_LEO500_B60_H2_L2_S102,bat,SIM_bat,LEO500,LEO500-B60-H2-L2,200252,train,0,7b5641d39230,0.48178492942150797,2,4,1,data/raw/sim/bat/BAT_LEO500_B60_H2_L2_S102.mat,configs/sim/sample/BAT_LEO500_B60_H2_L2_S102.yaml,
BAT_LEO500_B60_H2_L2_S103,bat,SIM_bat,LEO500,LEO500-B60-H2-L2,200253,val,0,ca3c89701846,0.7899862192791929,3,4,1,data/raw/sim/bat/BAT_LEO500_B60_H2_L2_S103.mat,configs/sim/sample/BAT_LEO500_B60_H2_L2_S103.yaml,
BAT_LEO500_B60_H2_L2_S104,bat,SIM_bat,LEO500,LEO500-B60-H2-L2,200254,train,0,614620947d57,0.379976307155939,1,4,1,data/raw/sim/bat/BAT_LEO500_B60_H2_L2_S104.mat,configs/sim/sample/BAT_LEO500_B60_H2_L2_S104.yaml,
BAT_LEO500_B60_H2_L3_S105,bat,SIM_bat,LEO500,LEO500-B60-H2-L3,200261,train,0,5e9a1292eb37,0.3695384606064316,2,4,1,data/raw/sim/bat/BAT_LEO500_B60_H2_L3_S105.mat,configs/sim/sample/BAT_LEO500_B60_H2_L3_S105.yaml,
BAT_LEO500_B60_H2_L3_S106,bat,SIM_bat,LEO500,LEO500-B60-H2-L3,200262,train,0,146ad248d7f0,0.07975496557622819,0,4,1,data/raw/sim/bat/BAT_LEO500_B60_H2_L3_S106.mat,configs/sim/sample/BAT_LEO500_B60_H2_L3_S106.yaml,
BAT_LEO500_B60_H2_L3_S107,bat,SIM_bat,LEO500,LEO500-B60-H2-L3,200263,val,0,6432c72eb9c1,0.3913998116565871,3,4,1,data/raw/sim/bat/BAT_LEO500_B60_H2_L3_S107.mat,configs/sim/sample/BAT_LEO500_B60_H2_L3_S107.yaml,
BAT_LEO500_B60_H2_L3_S108,bat,SIM_bat,LEO500,LEO500-B60-H2-L3,200264,train,0,56ce6aa71326,0.3390871675393541,1,4,1,data/raw/sim/bat/BAT_LEO500_B60_H2_L3_S108.mat,configs/sim/sample/BAT_LEO500_B60_H2_L3_S108.yaml,
BAT_LEO550_B00_H0_L1_S109,bat,SIM_bat,LEO550,LEO550-B00-H0-L1,200271,holdout,0,ca8bc3b9de06,,,3,1,data/raw/sim/bat/BAT_LEO550_B00_H0_L1_S109.mat,configs/sim/sample/BAT_LEO550_B00_H0_L1_S109.yaml,182c234a897fe1ede3140d46eb6d0d57e6b3cba54a894dd106fca309d58a561f
BAT_LEO550_B00_H0_L1_S110,bat,SIM_bat,LEO550,LEO550-B00-H0-L1,200272,train,0,31de096ad2eb,0.19479426248555498,1,3,1,data/raw/sim/bat/BAT_LEO550_B00_H0_L1_S110.mat,configs/sim/sample/BAT_LEO550_B00_H0_L1_S110.yaml,
BAT_LEO550_B00_H0_L1_S111,bat,SIM_bat,LEO550,LEO550-B00-H0-L1,200273,val,0,b88b03f33133,0.7208712071162147,2,3,1,data/raw/sim/bat/BAT_LEO550_B00_H0_L1_S111.mat,configs/sim/sample/BAT_LEO550_B00_H0_L1_S111.yaml,
BAT_LEO550_B00_H0_L1_S112,bat,SIM_bat,LEO550,LEO550-B00-H0-L1,200274,train,0,09eb3f9418d5,0.03874585500382821,0,3,1,data/raw/sim/bat/BAT_LEO550_B00_H0_L1_S112.mat,configs/sim/sample/BAT_LEO550_B00_H0_L1_S112.yaml,
BAT_LEO550_B00_H0_L2_S113,bat,SIM_bat,LEO550,LEO550-B00-H0-L2,200281,train,0,45e1293912ec,0.2729669346180543,1,4,1,data/raw/sim/bat/BAT_LEO550_B00_H0_L2_S113.mat,configs/sim/sample/BAT_LEO550_B00_H0_L2_S113.yaml,
BAT_LEO550_B00_H0_L2_S114,bat,SIM_bat,LEO550,LEO550-B00-H0-L2,200282,train,0,06a060f15b91,0.02588468449136272,0,4,1,data/raw/sim/bat/BAT_LEO550_B00_H0_L2_S114.mat,configs/sim/sample/BAT_LEO550_B00_H0_L2_S114.yaml,
BAT_LEO550_B00_H0_L2_S115,bat,SIM_bat,LEO550,LEO550-B00-H0-L2,200283,train,0,713b4be7adf3,0.44231104284513023,2,4,1,data/raw/sim/bat/BAT_LEO550_B00_H0_L2_S115.mat,configs/sim/sample/BAT_LEO550_B00_H0_L2_S115.yaml,
BAT_LEO550_B00_H0_L2_S116,bat,SIM_bat,LEO550,LEO550-B00-H0-L2,200284,val,0,9556c558dbe7,0.5833552686634924,3,4,1,data/raw/sim/bat/BAT_LEO550_B00_H0_L2_S116.mat,configs/sim/sample/BAT_LEO550_B00_H0_L2_S116.yaml,
BAT_LEO550_B00_H0_L3_S117,bat,SIM_bat,LEO550,LEO550-B00-H0-L3,200291,train,0,04fc82fa46bc,0.019478021719564254,0,4,1,data/raw/sim/bat/BAT_LEO550_B00_H0_L3_S117.mat,configs/sim/sample/BAT_LEO550_B00_H0_L3_S117.yaml,
BAT_LEO550_B00_H0_L3_S118,bat,SIM_bat,LEO550,LEO550-B00-H0-L3,200292,train,0,4b37782c84af,0.2938151463210339,2,4,1,data/raw/sim/bat/BAT_LEO550_B00_H0_L3_S118.mat,configs/sim/sample/BAT_LEO550_B00_H0_L3_S118.yaml,
BAT_LEO550_B00_H0_L3_S119,bat,SIM_bat,LEO550,LEO550-B00-H0-L3,200293,val,0,bba2348a53b3,0.7329438054764061,3,4,1,data/raw/sim/bat/BAT_LEO550_B00_H0_L3_S119.mat,configs/sim/sample/BAT_LEO550_B00_H0_L3_S119.yaml,
BAT_LEO550_B00_H0_L3_S120,bat,SIM_bat,LEO550,LEO550-B00-H0-L3,200294,train,0,0c6ef8a5b750,0.04856828733255725,1,4,1,data/raw/sim/bat/BAT_LEO550_B00_H0_L3_S120.mat,configs/sim/sample/BAT_LEO550_B00_H0_L3_S120.yaml,
BAT_LEO550_B00_H1_L1_S121,bat,SIM_bat,LEO550,LEO550-B00-H1-L1,200301,train,0,869c27cdac73,0.5258202435620198,0,4,1,data/raw/sim/bat/BAT_LEO550_B00_H1_L1_S121.mat,configs/sim/sample/BAT_LEO550_B00_H1_L1_S121.yaml,
BAT_LEO550_B00_H1_L1_S122,bat,SIM_bat,LEO550,LEO550-B00-H1-L1,200302,val,0,e72c7f3349d2,0.9030227184501385,3,4,1,data/raw/sim/bat/BAT_LEO550_B00_H1_L1_S122.mat,configs/sim/sample/BAT_LEO550_B00_H1_L1_S122.yaml,
BAT_LEO550_B00_H1_L1_S123,bat,SIM_bat,LEO550,LEO550-B00-H1-L1,200303,train,0,db1ff49ee80c,0.8559563529925498,1,4,1,data/raw/sim/bat/BAT_LEO550_B00_H1_L1_S123.mat,configs/sim/sample/BAT_LEO550_B00_H1_L1_S123.yaml,
BAT_LEO550_B00_H1_L1_S124,bat,SIM_bat,LEO550,LEO550-B00-H1-L1,200304,train,0,de108347bc67,0.8674394655357922,2,4,1,data/raw/sim/bat/BAT_LEO550_B00_H1_L1_S124.mat,configs/sim/sample/BAT_LEO550_B00_H1_L1_S124.yaml,
BAT_LEO550_B00_H1_L2_S125,bat,SIM_bat,LEO550,LEO550-B00-H1-L2,200311,train,0,4bef04ed8dea,0.29661589431444924,1,3,1,data/raw/sim/bat/BAT_LEO550_B00_H1_L2_S125.mat,configs/sim/sample/BAT_LEO550_B00_H1_L2_S125.yaml,
BAT_LEO550_B00_H1_L2_S126,bat,SIM_bat,LEO550,LEO550-B00-H1-L2,200312,val,0,96d2f7b237b6,0.5891566095449079,2,3,1,data/raw/sim/bat/BAT_LEO550_B00_H1_L2_S126.mat,configs/sim/sample/BAT_LEO550_B00_H1_L2_S126.yaml,
BAT_LEO550_B00_H1_L2_S127,bat,SIM_bat,LEO550,LEO550-B00-H1-L2,200313,train,0,39c4127ae2a5,0.22564807415132648,0,3,1,data/raw/sim/bat/BAT_LEO550_B00_H1_L2_S127.mat,configs/sim/sample/BAT_LEO550_B00_H1_L2_S127.yaml,
BAT_LEO550_B00_H1_L2_S128,bat,SIM_bat,LEO550,LEO550-B00-H1-L2,200314,holdout,0,dfb27ff39dae,,,3,1,data/raw/sim/bat/BAT_LEO550_B00_H1_L2_S128.mat,configs/sim/sample/BAT_LEO550_B00_H1_L2_S128.yaml,564accf01a6ed6f7e8d78a2fd5031596c48c6cecfbd773dc10c6628caf067079
BAT_LEO550_B00_H1_L3_S129,bat,SIM_bat,LEO550,LEO550-B00-H1-L3,200321,holdout,0,ececf353faa3,,,3,1,data/raw/sim/bat/BAT_LEO550_B00_H1_L3_S129.mat,configs/sim/sample/BAT_LEO550_B00_H1_L3_S129.yaml,ba74cbdfbec04dff13bb9f5a3bd6baa83e012d384cc290b22aae2520cf28f118
BAT_LEO550_B00_H1_L3_S130,bat,SIM_bat,LEO550,LEO550-B00-H1-L3,200322,train,0,39eceed37f19,0.226271559367067,0,3,1,data/raw/sim/bat/BAT_LEO550_B00_H1_L3_S130.mat,configs/sim/sample/BAT_LEO550_B00_H1_L3_S130.yaml,
BAT_LEO550_B00_H1_L3_S131,bat,SIM_bat,LEO550,LEO550-B00-H1-L3,200323,train,0,845350a50444,0.5168962862847053,1,3,1,data/raw/sim/bat/BAT_LEO550_B00_H1_L3_S131.mat,configs/sim/sample/BAT_LEO550_B00_H1_L3_S131.yaml,
BAT_LEO550_B00_H1_L3_S132,bat,SIM_bat,LEO550,LEO550-B00-H1-L3,200324,val,0,a91707f76b53,0.6605076769877307,2,3,1,data/raw/sim/bat/BAT_LEO550_B00_H1_L3_S132.mat,configs/sim/sample/BAT_LEO550_B00_H1_L3_S132.yaml,
BAT_LEO550_B00_H2_L1_S133,bat,SIM_bat,LEO550,LEO550-B00-H2-L1,200331,val,0,e7ad4b095f02,0.9049879930380555,2,3,1,data/raw/sim/bat/BAT_LEO550_B00_H2_L1_S133.mat,configs/sim/sample/BAT_LEO550_B00_H2_L1_S133.yaml,
BAT_LEO550_B00_H2_L1_S134,bat,SIM_bat,LEO550,LEO550-B00-H2-L1,200332,train,0,18de3320ec08,0.09714049867400831,0,3,1,data/raw/sim/bat/BAT_LEO550_B00_H2_L1_S134.mat,configs/sim/sample/BAT_LEO550_B00_H2_L1_S134.yaml,
BAT_LEO550_B00_H2_L1_S135,bat,SIM_bat,LEO550,LEO550-B00-H2-L1,200333,train,0,3d9d510f6a90,0.240681711448417,1,3,1,data/raw/sim/bat/BAT_LEO550_B00_H2_L1_S135.mat,configs/sim/sample/BAT_LEO550_B00_H2_L1_S135.yaml,
BAT_LEO550_B00_H2_L1_S136,bat,SIM_bat,LEO550,LEO550-B00-H2-L1,200334,holdout,0,d3ba918439f5,,,3,1,data/raw/sim/bat/BAT_LEO550_B00_H2_L1_S136.mat,configs/sim/sample/BAT_LEO550_B00_H2_L1_S136.yaml,8e94894830c846f1f2132f6b775d78a9d15f0cb0730a3a5accc5c36c004de698
BAT_LEO550_B00_H2_L2_S137,bat,SIM_bat,LEO550,LEO550-B00-H2-L2,200341,train,0,35330a177e4f,0.20781004975861705,1,4,1,data/raw/sim/bat/BAT_LEO550_B00_H2_L2_S137.mat,configs/sim/sample/BAT_LEO550_B00_H2_L2_S137.yaml,
BAT_LEO550_B00_H2_L2_S138,bat,SIM_bat,LEO550,LEO550-B00-H2-L2,200342,train,0,9a599ac12f4d,0.602929756321192,2,4,1,data/raw/sim/bat/BAT_LEO550_B00_H2_L2_S138.mat,configs/sim/sample/BAT_LEO550_B00_H2_L2_S138.yaml,
BAT_LEO550_B00_H2_L2_S139,bat,SIM_bat,LEO550,LEO550-B00-H2-L2,200343,train,0,16c6bf38b488,0.08897013792423536,0,4,1,data/raw/sim/bat/BAT_LEO550_B00_H2_L2_S139.mat,configs/sim/sample/BAT_LEO550_B00_H2_L2_S139.yaml,
BAT_LEO550_B00_H2_L2_S140,bat,SIM_bat,LEO550,LEO550-B00-H2-L2,200344,val,0,dec1e91cf463,0.8701463409128216,3,4,1,data/raw/sim/bat/BAT_LEO550_B00_H2_L2_S140.mat,configs/sim/sample/BAT_LEO550_B00_H2_L2_S140.yaml,
BAT_LEO550_B00_H2_L3_S141,bat,SIM_bat,LEO550,LEO550-B00-H2-L3,200351,train,0,408b128ed94c,0.2521220778228752,0,4,1,data/raw/sim/bat/BAT_LEO550_B00_H2_L3_S141.mat,configs/sim/sample/BAT_LEO550_B00_H2_L3_S141.yaml,
BAT_LEO550_B00_H2_L3_S142,bat,SIM_bat,LEO550,LEO550-B00-H2-L3,200352,val,0,fe493568b83f,0.9933045750296934,3,4,1,data/raw/sim/bat/BAT_LEO550_B00_H2_L3_S142.mat,configs/sim/sample/BAT_LEO550_B00_H2_L3_S142.yaml,
BAT_LEO550_B00_H2_L3_S143,bat,SIM_bat,LEO550,LEO550-B00-H2-L3,200353,train,0,e95a3ebb5706,0.9115332801220788,2,4,1,data/raw/sim/bat/BAT_LEO550_B00_H2_L3_S143.mat,configs/sim/sample/BAT_LEO550_B00_H2_L3_S143.yaml,
BAT_LEO550_B00_H2_L3_S144,bat,SIM_bat,LEO550,LEO550-B00-H2-L3,200354,train,0,7a4e423bebfe,0.4777566334050718,1,4,1,data/raw/sim/bat/BAT_LEO550_B00_H2_L3_S144.mat,configs/sim/sample/BAT_LEO550_B00_H2_L3_S144.yaml,
BAT_LEO550_B30_H0_L1_S145,bat,SIM_bat,LEO550,LEO550-B30-H0-L1,200361,train,0,6c021c908bc9,0.42190722016292526,1,3,1,data/raw/sim/bat/BAT_LEO550_B30_H0_L1_S145.mat,configs/sim/sample/BAT_LEO550_B30_H0_L1_S145.yaml,
BAT_LEO550_B30_H0_L1_S146,bat,SIM_bat,LEO550,LEO550-B30-H0-L1,200362,val,0,d284167e6260,0.8223280008845677,2,3,1,data/raw/sim/bat/BAT_LEO550_B30_H0_L1_S146.mat,configs/sim/sample/BAT_LEO550_B30_H0_L1_S146.yaml,
BAT_LEO550_B30_H0_L1_S147,bat,SIM_bat,LEO550,LEO550-B30-H0-L1,200363,train,0,0ad5734818b7,0.04231949339074603,0,3,1,data/raw/sim/bat/BAT_LEO550_B30_H0_L1_S147.mat,configs/sim/sample/BAT_LEO550_B30_H0_L1_S147.yaml,
BAT_LEO550_B30_H0_L1_S148,bat,SIM_bat,LEO550,LEO550-B30-H0-L1,200364,holdout,0,a096b9240c14,,,3,1,data/raw/sim/bat/BAT_LEO550_B30_H0_L1_S148.mat,configs/sim/sample/BAT_LEO550_B30_H0_L1_S148.yaml,9ba39409f8557443ef558ec6e36dee1ad367a6a6fc3c76c601e22b4c0159de4e
BAT_LEO550_B30_H0_L2_S149,bat,SIM_bat,LEO550,LEO550-B30-H0-L2,200371,train,0,0e723b12c9e9,0.05643052300175455,0,4,1,data/raw/sim/bat/BAT_LEO550_B30_H0_L2_S149.mat,configs/sim/sample/BAT_LEO550_B30_H0_L2_S149.yaml,
BAT_LEO550_B30_H0_L2_S150,bat,SIM_bat,LEO550,LEO550-B30-H0-L2,200372,train,0,3c4ef017e11a,0.23557949622145458,1,4,1,data/raw/sim/bat/BAT_LEO550_B30_H0_L2_S150.mat,configs/sim/sample/BAT_LEO550_B30_H0_L2_S150.yaml,
BAT_LEO550_B30_H0_L2_S151,bat,SIM_bat,LEO550,LEO550-B30-H0-L2,200373,train,0,8c6bb73aae07,0.5485186117421357,2,4,1,data/raw/sim/bat/BAT_LEO550_B30_H0_L2_S151.mat,configs/sim/sample/BAT_LEO550_B30_H0_L2_S151.yaml,
BAT_LEO550_B30_H0_L2_S152,bat,SIM_bat,LEO550,LEO550-B30-H0-L2,200374,val,0,af16b48ed136,0.6839402054476622,3,4,1,data/raw/sim/bat/BAT_LEO550_B30_H0_L2_S152.mat,configs/sim/sample/BAT_LEO550_B30_H0_L2_S152.yaml,
BAT_LEO550_B30_H0_L3_S153,bat,SIM_bat,LEO550,LEO550-B30-H0-L3,200381,train,0,4d0f6829e5f2,0.3010163404741846,1,3,1,data/raw/sim/bat/BAT_LEO550_B30_H0_L3_S153.mat,configs/sim/sample/BAT_LEO550_B30_H0_L3_S153.yaml,
BAT_LEO550_B30_H0_L3_S154,bat,SIM_bat,LEO550,LEO550-B30-H0-L3,200382,val,0,f1cd08a74bbb,0.9445348175465647,2,3,1,data/raw/sim/bat/BAT_LEO550_B30_H0_L3_S154.mat,configs/sim/sample/BAT_LEO550_B30_H0_L3_S154.yaml,
BAT_LEO550_B30_H0_L3_S155,bat,SIM_bat,LEO550,LEO550-B30-H0-L3,200383,holdout,0,b18226280a61,,,3,1,data/raw/sim/bat/BAT_LEO550_B30_H0_L3_S155.mat,configs/sim/sample/BAT_LEO550_B30_H0_L3_S155.yaml,2b96485185ec919836c38e5df0ab653e55271f6da5df84ee8f2326954044f093
BAT_LEO550_B30_H0_L3_S156,bat,SIM_bat,LEO550,LEO550-B30-H0-L3,200384,train,0,1eca6d908dd6,0.12027630595351724,0,3,1,data/raw/sim/bat/BAT_LEO550_B30_H0_L3_S156.mat,configs/sim/sample/BAT_LEO550_B30_H0_L3_S156.yaml,
BAT_LEO550_B30_H1_L1_S157,bat,SIM_bat,LEO550,LEO550-B30-H1-L1,200391,train,0,2fc368620d60,0.1865754355798117,1,4,1,data/raw/sim/bat/BAT_LEO550_B30_H1_L1_S157.mat,configs/sim/sample/BAT_LEO550_B30_H1_L1_S157.yaml,
BAT_LEO550_B30_H1_L1_S158,bat,SIM_bat,LEO550,LEO550-B30-H1-L1,200392,train,0,2d1d430e7510,0.17622775176010919,0,4,1,data/raw/sim/bat/BAT_LEO550_B30_H1_L1_S158.mat,configs/sim/sample/BAT_LEO550_B30_H1_L1_S158.yaml,
BAT_LEO550_B30_H1_L1_S159,bat,SIM_bat,LEO550,LEO550-B30-H1-L1,200393,val,0,ab91cca2c88c,0.6701934716625573,3,4,1,data/raw/sim/bat/BAT_LEO550_B30_H1_L1_S159.mat,configs/sim/sample/BAT_LEO550_B30_H1_L1_S159.yaml,
BAT_LEO550_B30_H1_L1_S160,bat,SIM_bat,LEO550,LEO550-B30-H1-L1,200394,train,0,9a4cb35cdc23,0.6027328588207972,2,4,1,data/raw/sim/bat/BAT_LEO550_B30_H1_L1_S160.mat,configs/sim/sample/BAT_LEO550_B30_H1_L1_S160.yaml,
BAT_LEO550_B30_H1_L2_S161,bat,SIM_bat,LEO550,LEO550-B30-H1-L2,200401,val,0,9c799feec2a4,0.6112308462057996,3,4,1,data/raw/sim/bat/BAT_LEO550_B30_H1_L2_S161.mat,configs/sim/sample/BAT_LEO550_B30_H1_L2_S161.yaml,
BAT_LEO550_B30_H1_L2_S162,bat,SIM_bat,LEO550,LEO550-B30-H1-L2,200402,train,0,83592c17250d,0.5130794102197349,2,4,1,data/raw/sim/bat/BAT_LEO550_B30_H1_L2_S162.mat,configs/sim/sample/BAT_LEO550_B30_H1_L2_S162.yaml,
BAT_LEO550_B30_H1_L2_S163,bat,SIM_bat,LEO550,LEO550-B30-H1-L2,200403,train,0,111520ced934,0.066728640079603,0,4,1,data/raw/sim/bat/BAT_LEO550_B30_H1_L2_S163.mat,configs/sim/sample/BAT_LEO550_B30_H1_L2_S163.yaml,
BAT_LEO550_B30_H1_L2_S164,bat,SIM_bat,LEO550,LEO550-B30-H1-L2,200404,train,0,44c59220d00c,0.26863969136324783,1,4,1,data/raw/sim/bat/BAT_LEO550_B30_H1_L2_S164.mat,configs/sim/sample/BAT_LEO550_B30_H1_L2_S164.yaml,
BAT_LEO550_B30_H1_L3_S165,bat,SIM_bat,LEO550,LEO550-B30-H1-L3,200411,train,0,931f677c1284,0.574697940627189,1,4,1,data/raw/sim/bat/BAT_LEO550_B30_H1_L3_S165.mat,configs/sim/sample/BAT_LEO550_B30_H1_L3_S165.yaml,
BAT_LEO550_B30_H1_L3_S166,bat,SIM_bat,LEO550,LEO550-B30-H1-L3,200412,train,0,9a8d5ff58f7f,0.6037197088730828,2,4,1,data/raw/sim/bat/BAT_LEO550_B30_H1_L3_S166.mat,configs/sim/sample/BAT_LEO550_B30_H1_L3_S166.yaml,
BAT_LEO550_B30_H1_L3_S167,bat,SIM_bat,LEO550,LEO550-B30-H1-L3,200413,val,0,b619855bf25a,0.7113269185523237,3,4,1,data/raw/sim/bat/BAT_LEO550_B30_H1_L3_S167.mat,configs/sim/sample/BAT_LEO550_B30_H1_L3_S167.yaml,
BAT_LEO550_B30_H1_L3_S168,bat,SIM_bat,LEO550,LEO550-B30-H1-L3,200414,train,0,8b9680fb35c8,0.5452652562433116,0,4,1,data/raw/sim/bat/BAT_LEO550_B30_H1_L3_S168.mat,configs/sim/sample/BAT_LEO550_B30_H1_L3_S168.yaml,
BAT_LEO550_B30_H2_L1_S169,bat,SIM_bat,LEO550,LEO550-B30-H2-L1,200421,train,0,959aa21e9209,0.5843907665858161,1,3,1,data/raw/sim/bat/BAT_LEO550_B30_H2_L1_S169.mat,configs/sim/sample/BAT_LEO550_B30_H2_L1_S169.yaml,
BAT_LEO550_B30_H2_L1_S170,bat,SIM_bat,LEO550,LEO550-B30-H2-L1,200422,val,0,f8ec0f7fb042,0.9723519980182189,2,3,1,data/raw/sim/bat/BAT_LEO550_B30_H2_L1_S170.mat,configs/sim/sample/BAT_LEO550_B30_H2_L1_S170.yaml,
BAT_LEO550_B30_H2_L1_S171,bat,SIM_bat,LEO550,LEO550-B30-H2-L1,200423,holdout,0,59c4ed48f236,,,3,1,data/raw/sim/bat/BAT_LEO550_B30_H2_L1_S171.mat,configs/sim/sample/BAT_LEO550_B30_H2_L1_S171.yaml,7a8a248342fd6d299e7b2885aa7c606ed2ef0e2c407081040ed087dfff3efdeb
BAT_LEO550_B30_H2_L1_S172,bat,SIM_bat,LEO550,LEO550-B30-H2-L1,200424,train,0,5f63bf065fe4,0.3726157560885355,0,3,1,data/raw/sim/bat/BAT_LEO550_B30_H2_L1_S172.mat,configs/sim/sample/BAT_LEO550_B30_H2_L1_S172.yaml,
BAT_LEO550_B30_H2_L2_S173,bat,SIM_bat,LEO550,LEO550-B30-H2-L2,200431,train,0,316ea4aca62a,0.1930945321566142,0,3,1,data/raw/sim/bat/BAT_LEO550_B30_H2_L2_S173.mat,configs/sim/sample/BAT_LEO550_B30_H2_L2_S173.yaml,
BAT_LEO550_B30_H2_L2_S174,bat,SIM_bat,LEO550,LEO550-B30-H2-L2,200432,train,0,94dadb2355ac,0.5814644776598215,1,3,1,data/raw/sim/bat/BAT_LEO550_B30_H2_L2_S174.mat,configs/sim/sample/BAT_LEO550_B30_H2_L2_S174.yaml,
BAT_LEO550_B30_H2_L2_S175,bat,SIM_bat,LEO550,LEO550-B30-H2-L2,200433,holdout,0,a6d8162781fa,,,3,1,data/raw/sim/bat/BAT_LEO550_B30_H2_L2_S175.mat,configs/sim/sample/BAT_LEO550_B30_H2_L2_S175.yaml,22dacebd03741a5d59aaa490f2599f77f460074a966a62fda24083583addc982
BAT_LEO550_B30_H2_L2_S176,bat,SIM_bat,LEO550,LEO550-B30-H2-L2,200434,val,0,af2ef0adcb29,0.6843099998760955,2,3,1,data/raw/sim/bat/BAT_LEO550_B30_H2_L2_S176.mat,configs/sim/sample/BAT_LEO550_B30_H2_L2_S176.yaml,
BAT_LEO550_B30_H2_L3_S177,bat,SIM_bat,LEO550,LEO550-B30-H2-L3,200441,train,0,08ebb797df45,0.034846758440171044,0,3,1,data/raw/sim/bat/BAT_LEO550_B30_H2_L3_S177.mat,configs/sim/sample/BAT_LEO550_B30_H2_L3_S177.yaml,
BAT_LEO550_B30_H2_L3_S178,bat,SIM_bat,LEO550,LEO550-B30-H2-L3,200442,val,0,bcc141bc19ee,0.7373238643867168,2,3,1,data/raw/sim/bat/BAT_LEO550_B30_H2_L3_S178.mat,configs/sim/sample/BAT_LEO550_B30_H2_L3_S178.yaml,
BAT_LEO550_B30_H2_L3_S179,bat,SIM_bat,LEO550,LEO550-B30-H2-L3,200443,holdout,0,7e065e2933e6,,,3,1,data/raw/sim/bat/BAT_LEO550_B30_H2_L3_S179.mat,configs/sim/sample/BAT_LEO550_B30_H2_L3_S179.yaml,33ad0b9f452814c16037cb3aa7e68595e43e20913ddd3ebad08d3cf440e2d3ad
BAT_LEO550_B30_H2_L3_S180,bat,SIM_bat,LEO550,LEO550-B30-H2-L3,200444,train,0,8db33efff626,0.5535163283258484,1,3,1,data/raw/sim/bat/BAT_LEO550_B30_H2_L3_S180.mat,configs/sim/sample/BAT_LEO550_B30_H2_L3_S180.yaml,
BAT_LEO550_B60_H0_L1_S181,bat,SIM_bat,LEO550,LEO550-B60-H0-L1,200451,train,0,0bfd4f79721a,0.046833960676032405,1,4,1,data/raw/sim/bat/BAT_LEO550_B60_H0_L1_S181.mat,configs/sim/sample/BAT_LEO550_B60_H0_L1_S181.yaml,
BAT_LEO550_B60_H0_L1_S182,bat,SIM_bat,LEO550,LEO550-B60-H0-L1,200452,train,0,011b6fc91ca0,0.004324900245251229,0,4,1,data/raw/sim/bat/BAT_LEO550_B60_H0_L1_S182.mat,configs/sim/sample/BAT_LEO550_B60_H0_L1_S182.yaml,
BAT_LEO550_B60_H0_L1_S183,bat,SIM_bat,LEO550,LEO550-B60-H0-L1,200453,train,0,504004c07824,0.31347684573132995,2,4,1,data/raw/sim/bat/BAT_LEO550_B60_H0_L1_S183.mat,configs/sim/sample/BAT_LEO550_B60_H0_L1_S183.yaml,
BAT_LEO550_B60_H0_L1_S184,bat,SIM_bat,LEO550,LEO550-B60-H0-L1,200454,val,0,754f81023927,0.45824438385275457,3,4,1,data/raw/sim/bat/BAT_LEO550_B60_H0_L1_S184.mat,configs/sim/sample/BAT_LEO550_B60_H0_L1_S184.yaml,
BAT_LEO550_B60_H0_L2_S185,bat,SIM_bat,LEO550,LEO550-B60-H0-L2,200461,train,0,ae00d71b5f24,0.679700321371584,1,3,1,data/raw/sim/bat/BAT_LEO550_B60_H0_L2_S185.mat,configs/sim/sample/BAT_LEO550_B60_H0_L2_S185.yaml,
BAT_LEO550_B60_H0_L2_S186,bat,SIM_bat,LEO550,LEO550-B60-H0-L2,200462,holdout,0,0b2f506d93d0,,,3,1,data/raw/sim/bat/BAT_LEO550_B60_H0_L2_S186.mat,configs/sim/sample/BAT_LEO550_B60_H0_L2_S186.yaml,7ff626ed8c0036695daba4a7b1e234e354312a13ffa554338836b065f6e87442
BAT_LEO550_B60_H0_L2_S187,bat,SIM_bat,LEO550,LEO550-B60-H0-L2,200463,train,0,611977cba904,0.37929486009763025,0,3,1,data/raw/sim/bat/BAT_LEO550_B60_H0_L2_S187.mat,configs/sim/sample/BAT_LEO550_B60_H0_L2_S187.yaml,
BAT_LEO550_B60_H0_L2_S188,bat,SIM_bat,LEO550,LEO550-B60-H0-L2,200464,val,0,ee341722e6a7,0.9304823360640988,2,3,1,data/raw/sim/bat/BAT_LEO550_B60_H0_L2_S188.mat,configs/sim/sample/BAT_LEO550_B60_H0_L2_S188.yaml,
BAT_LEO550_B60_H0_L3_S189,bat,SIM_bat,LEO550,LEO550-B60-H0-L3,200471,train,0,1ce176595529,0.11281528168652599,1,3,1,data/raw/sim/bat/BAT_LEO550_B60_H0_L3_S189.mat,configs/sim/sample/BAT_LEO550_B60_H0_L3_S189.yaml,
BAT_LEO550_B60_H0_L3_S190,bat,SIM_bat,LEO550,LEO550-B60-H0-L3,200472,val,0,ece226c4c5e0,0.9253257971193989,2,3,1,data/raw/sim/bat/BAT_LEO550_B60_H0_L3_S190.mat,configs/sim/sample/BAT_LEO550_B60_H0_L3_S190.yaml,
BAT_LEO550_B60_H0_L3_S191,bat,SIM_bat,LEO550,LEO550-B60-H0-L3,200473,train,0,1903e08a6554,0.0977154100304034,0,3,1,data/raw/sim/bat/BAT_LEO550_B60_H0_L3_S191.mat,configs/sim/sample/BAT_LEO550_B60_H0_L3_S191.yaml,
BAT_LEO550_B60_H0_L3_S192,bat,SIM_bat,LEO550,LEO550-B60-H0-L3,200474,holdout,0,6bdd24f44e5a,,,3,1,data/raw/sim/bat/BAT_LEO550_B60_H0_L3_S192.mat,configs/sim/sample/BAT_LEO550_B60_H0_L3_S192.yaml,03aabd887b96f0feb59d5445b7948efebaacd023d39a18d08f201f3c70dd35e9
BAT_LEO550_B60_H1_L1_S193,bat,SIM_bat,LEO550,LEO550-B60-H1-L1,200481,train,0,06580733a608,0.024780702695380796,0,4,1,data/raw/sim/bat/BAT_LEO550_B60_H1_L1_S193.mat,configs/sim/sample/BAT_LEO550_B60_H1_L1_S193.yaml,
BAT_LEO550_B60_H1_L1_S194,bat,SIM_bat,LEO550,LEO550-B60-H1-L1,200482,train,0,5a91f28e0373,0.3537894818031866,2,4,1,data/raw/sim/bat/BAT_LEO550_B60_H1_L1_S194.mat,configs/sim/sample/BAT_LEO550_B60_H1_L1_S194.yaml,
BAT_LEO550_B60_H1_L1_S195,bat,SIM_bat,LEO550,LEO550-B60-H1-L1,200483,val,0,616dc97fa99c,0.3805814682651629,3,4,1,data/raw/sim/bat/BAT_LEO550_B60_H1_L1_S195.mat,configs/sim/sample/BAT_LEO550_B60_H1_L1_S195.yaml,
BAT_LEO550_B60_H1_L1_S196,bat,SIM_bat,LEO550,LEO550-B60-H1-L1,200484,train,0,4c182be02ffa,0.29724382613492395,1,4,1,data/raw/sim/bat/BAT_LEO550_B60_H1_L1_S196.mat,configs/sim/sample/BAT_LEO550_B60_H1_L1_S196.yaml,
BAT_LEO550_B60_H1_L2_S197,bat,SIM_bat,LEO550,LEO550-B60-H1-L2,200491,val,0,7d4e1a7bad3d,0.48947301406336763,2,3,1,data/raw/sim/bat/BAT_LEO550_B60_H1_L2_S197.mat,configs/sim/sample/BAT_LEO550_B60_H1_L2_S197.yaml,
BAT_LEO550_B60_H1_L2_S198,bat,SIM_bat,LEO550,LEO550-B60-H1-L2,200492,train,0,7d0003a0f93e,0.48828146629352176,1,3,1,data/raw/sim/bat/BAT_LEO550_B60_H1_L2_S198.mat,configs/sim/sample/BAT_LEO550_B60_H1_L2_S198.yaml,
BAT_LEO550_B60_H1_L2_S199,bat,SIM_bat,LEO550,LEO550-B60-H1-L2,200493,train,0,780e100bc8b0,0.4689645794648527,0,3,1,data/raw/sim/bat/BAT_LEO550_B60_H1_L2_S199.mat,configs/sim/sample/BAT_LEO550_B60_H1_L2_S199.yaml,
BAT_LEO550_B60_H1_L2_S200,bat,SIM_bat,LEO550,LEO550-B60-H1-L2,200494,holdout,0,340ab3adde8b,,,3,1,data/raw/sim/bat/BAT_LEO550_B60_H1_L2_S200.mat,configs/sim/sample/BAT_LEO550_B60_H1_L2_S200.yaml,b463d2695a17c864f51623ab49be387adf296a272c6f651bac85c77cd89fa727
BAT_LEO550_B60_H1_L3_S201,bat,SIM_bat,LEO550,LEO550-B60-H1-L3,200501,train,0,76d2e9258dca,0.4641557423290479,1,3,1,data/raw/sim/bat/BAT_LEO550_B60_H1_L3_S201.mat,configs/sim/sample/BAT_LEO550_B60_H1_L3_S201.yaml,
BAT_LEO550_B60_H1_L3_S202,bat,SIM_bat,LEO550,LEO550-B60-H1-L3,200502,val,0,b82bea313ada,0.7194200868787917,2,3,1,data/raw/sim/bat/BAT_LEO550_B60_H1_L3_S202.mat,configs/sim/sample/BAT_LEO550_B60_H1_L3_S202.yaml,
BAT_LEO550_B60_H1_L3_S203,bat,SIM_bat,LEO550,LEO550-B60-H1-L3,200503,holdout,0,928ac7880b1e,,,3,1,data/raw/sim/bat/BAT_LEO550_B60_H1_L3_S203.mat,configs/sim/sample/BAT_LEO550_B60_H1_L3_S203.yaml,d39ddbfa781ed7204328c1c626ca7ce7524d955fc143fbb200c8174675c964d6
BAT_LEO550_B60_H1_L3_S204,bat,SIM_bat,LEO550,LEO550-B60-H1-L3,200504,train,0,359a3eb9531b,0.20938484215285413,0,3,1,data/raw/sim/bat/BAT_LEO550_B60_H1_L3_S204.mat,configs/sim/sample/BAT_LEO550_B60_H1_L3_S204.yaml,
BAT_LEO550_B60_H2_L1_S205,bat,SIM_bat,LEO550,LEO550-B60-H2-L1,200511,train,0,18d8662f7f1e,0.09705198916991975,0,3,1,data/raw/sim/bat/BAT_LEO550_B60_H2_L1_S205.mat,configs/sim/sample/BAT_LEO550_B60_H2_L1_S205.yaml,
BAT_LEO550_B60_H2_L1_S206,bat,SIM_bat,LEO550,LEO550-B60-H2-L1,200512,holdout,0,0e78200df623,,,3,1,data/raw/sim/bat/BAT_LEO550_B60_H2_L1_S206.mat,configs/sim/sample/BAT_LEO550_B60_H2_L1_S206.yaml,69712c5bcc5e5b124e881c5d9a057384156f8831b1aaeb0328ef425b40cb271f
BAT_LEO550_B60_H2_L1_S207,bat,SIM_bat,LEO550,LEO550-B60-H2-L1,200513,val,0,62fce20569d4,0.3866711867538726,2,3,1,data/raw/sim/bat/BAT_LEO550_B60_H2_L1_S207.mat,configs/sim/sample/BAT_LEO550_B60_H2_L1_S207.yaml,
BAT_LEO550_B60_H2_L1_S208,bat,SIM_bat,LEO550,LEO550-B60-H2-L1,200514,train,0,500d4d66fcb6,0.3127029777940251,1,3,1,data/raw/sim/bat/BAT_LEO550_B60_H2_L1_S208.mat,configs/sim/sample/BAT_LEO550_B60_H2_L1_S208.yaml,
BAT_LEO550_B60_H2_L2_S209,bat,SIM_bat,LEO550,LEO550-B60-H2-L2,200521,train,0,39713938d25b,0.22438390385864793,0,4,1,data/raw/sim/bat/BAT_LEO550_B60_H2_L2_S209.mat,configs/sim/sample/BAT_LEO550_B60_H2_L2_S209.yaml,
BAT_LEO550_B60_H2_L2_S210,bat,SIM_bat,LEO550,LEO550-B60-H2-L2,200522,val,0,fb068b9bdccc,0.9805686240695621,3,4,1,data/raw/sim/bat/BAT_LEO550_B60_H2_L2_S210.mat,configs/sim/sample/BAT_LEO550_B60_H2_L2_S210.yaml,
BAT_LEO550_B60_H2_L2_S211,bat,SIM_bat,LEO550,LEO550-B60-H2-L2,200523,train,0,6a7e20817f56,0.4159870449214722,1,4,1,data/raw/sim/bat/BAT_LEO550_B60_H2_L2_S211.mat,configs/sim/sample/BAT_LEO550_B60_H2_L2_S211.yaml,
BAT_LEO550_B60_H2_L2_S212,bat,SIM_bat,LEO550,LEO550-B60-H2-L2,200524,train,0,c1ea2fa606b3,0.7574796467149092,2,4,1,data/raw/sim/bat/BAT_LEO550_B60_H2_L2_S212.mat,configs/sim/sample/BAT_LEO550_B60_H2_L2_S212.yaml,
BAT_LEO550_B60_H2_L3_S213,bat,SIM_bat,LEO550,LEO550-B60-H2-L3,200531,holdout,0,6878705229d7,,,3,1,data/raw/sim/bat/BAT_LEO550_B60_H2_L3_S213.mat,configs/sim/sample/BAT_LEO550_B60_H2_L3_S213.yaml,3d6d5e567341bf0fbecee03c2251f5f22467e5837ba03720ef804357b075f3a6
BAT_LEO550_B60_H2_L3_S214,bat,SIM_bat,LEO550,LEO550-B60-H2-L3,200532,train,0,72743a01fdf3,0.4470859770644431,1,3,1,data/raw/sim/bat/BAT_LEO550_B60_H2_L3_S214.mat,configs/sim/sample/BAT_LEO550_B60_H2_L3_S214.yaml,
BAT_LEO550_B60_H2_L3_S215,bat,SIM_bat,LEO550,LEO550-B60-H2-L3,200533,val,0,9ca12b6431d5,0.6118342513671742,2,3,1,data/raw/sim/bat/BAT_LEO550_B60_H2_L3_S215.mat,configs/sim/sample/BAT_LEO550_B60_H2_L3_S215.yaml,
BAT_LEO550_B60_H2_L3_S216,bat,SIM_bat,LEO550,LEO550-B60-H2-L3,200534,train,0,6c08624f1f11,0.42200292998956357,0,3,1,data/raw/sim/bat/BAT_LEO550_B60_H2_L3_S216.mat,configs/sim/sample/BAT_LEO550_B60_H2_L3_S216.yaml,
BAT_LEO700_B00_H0_L1_S217,bat,SIM_bat,LEO700,LEO700-B00-H0-L1,200541,holdout,0,438ca1905011,,,3,1,data/raw/sim/bat/BAT_LEO700_B00_H0_L1_S217.mat,configs/sim/sample/BAT_LEO700_B00_H0_L1_S217.yaml,77376fba7e61d30c9b081e00573a77a88a0c89468ec32a6c302a9c7cb13b8187
BAT_LEO700_B00_H0_L1_S218,bat,SIM_bat,LEO700,LEO700-B00-H0-L1,200542,train,0,78328153ac71,0.469520647934079,0,3,1,data/raw/sim/bat/BAT_LEO700_B00_H0_L1_S218.mat,configs/sim/sample/BAT_LEO700_B00_H0_L1_S218.yaml,
BAT_LEO700_B00_H0_L1_S219,bat,SIM_bat,LEO700,LEO700-B00-H0-L1,200543,train,0,c8b2bdeaed7a,0.7839773844293418,1,3,1,data/raw/sim/bat/BAT_LEO700_B00_H0_L1_S219.mat,configs/sim/sample/BAT_LEO700_B00_H0_L1_S219.yaml,
BAT_LEO700_B00_H0_L1_S220,bat,SIM_bat,LEO700,LEO700-B00-H0-L1,200544,val,0,f5a44ca88b1a,0.9595382606013132,2,3,1,data/raw/sim/bat/BAT_LEO700_B00_H0_L1_S220.mat,configs/sim/sample/BAT_LEO700_B00_H0_L1_S220.yaml,
BAT_LEO700_B00_H0_L2_S221,bat,SIM_bat,LEO700,LEO700-B00-H0-L2,200551,train,0,1d937a09884c,0.11553156597828718,0,4,1,data/raw/sim/bat/BAT_LEO700_B00_H0_L2_S221.mat,configs/sim/sample/BAT_LEO700_B00_H0_L2_S221.yaml,
BAT_LEO700_B00_H0_L2_S222,bat,SIM_bat,LEO700,LEO700-B00-H0-L2,200552,train,0,867665738242,0.5252440840724901,2,4,1,data/raw/sim/bat/BAT_LEO700_B00_H0_L2_S222.mat,configs/sim/sample/BAT_LEO700_B00_H0_L2_S222.yaml,
BAT_LEO700_B00_H0_L2_S223,bat,SIM_bat,LEO700,LEO700-B00-H0-L2,200553,val,0,bec55d86f54a,0.745199056099672,3,4,1,data/raw/sim/bat/BAT_LEO700_B00_H0_L2_S223.mat,configs/sim/sample/BAT_LEO700_B00_H0_L2_S223.yaml,
BAT_LEO700_B00_H0_L2_S224,bat,SIM_bat,LEO700,LEO700-B00-H0-L2,200554,train,0,82b21739fe10,0.51052994886237,1,4,1,data/raw/sim/bat/BAT_LEO700_B00_H0_L2_S224.mat,configs/sim/sample/BAT_LEO700_B00_H0_L2_S224.yaml,
BAT_LEO700_B00_H0_L3_S225,bat,SIM_bat,LEO700,LEO700-B00-H0-L3,200561,val,0,f86a225f9b8f,0.9703694804589382,3,4,1,data/raw/sim/bat/BAT_LEO700_B00_H0_L3_S225.mat,configs/sim/sample/BAT_LEO700_B00_H0_L3_S225.yaml,
BAT_LEO700_B00_H0_L3_S226,bat,SIM_bat,LEO700,LEO700-B00-H0-L3,200562,train,0,b79f7efd7a7a,0.7172774666637238,2,4,1,data/raw/sim/bat/BAT_LEO700_B00_H0_L3_S226.mat,configs/sim/sample/BAT_LEO700_B00_H0_L3_S226.yaml,
BAT_LEO700_B00_H0_L3_S227,bat,SIM_bat,LEO700,LEO700-B00-H0-L3,200563,train,0,33190910c703,0.19960076007465588,1,4,1,data/raw/sim/bat/BAT_LEO700_B00_H0_L3_S227.mat,configs/sim/sample/BAT_LEO700_B00_H0_L3_S227.yaml,
BAT_LEO700_B00_H0_L3_S228,bat,SIM_bat,LEO700,LEO700-B00-H0-L3,200564,train,0,30346786ca65,0.18829962769304487,0,4,1,data/raw/sim/bat/BAT_LEO700_B00_H0_L3_S228.mat,configs/sim/sample/BAT_LEO700_B00_H0_L3_S228.yaml,
BAT_LEO700_B00_H1_L1_S229,bat,SIM_bat,LEO700,LEO700-B00-H1-L1,200571,train,0,03124c40a0ee,0.011997953203653822,0,4,1,data/raw/sim/bat/BAT_LEO700_B00_H1_L1_S229.mat,configs/sim/sample/BAT_LEO700_B00_H1_L1_S229.yaml,
BAT_LEO700_B00_H1_L1_S230,bat,SIM_bat,LEO700,LEO700-B00-H1-L1,200572,train,0,06f9ff4733b0,0.02725215423896543,1,4,1,data/raw/sim/bat/BAT_LEO700_B00_H1_L1_S230.mat,configs/sim/sample/BAT_LEO700_B00_H1_L1_S230.yaml,
BAT_LEO700_B00_H1_L1_S231,bat,SIM_bat,LEO700,LEO700-B00-H1-L1,200573,val,0,c8b312fc22fb,0.7839824548309302,3,4,1,data/raw/sim/bat/BAT_LEO700_B00_H1_L1_S231.mat,configs/sim/sample/BAT_LEO700_B00_H1_L1_S231.yaml,
BAT_LEO700_B00_H1_L1_S232,bat,SIM_bat,LEO700,LEO700-B00-H1-L1,200574,train,0,89ba9940b6b0,0.5380035193435901,2,4,1,data/raw/sim/bat/BAT_LEO700_B00_H1_L1_S232.mat,configs/sim/sample/BAT_LEO700_B00_H1_L1_S232.yaml,
BAT_LEO700_B00_H1_L2_S233,bat,SIM_bat,LEO700,LEO700-B00-H1-L2,200581,train,0,0da36ef05f74,0.05327504509428138,1,4,1,data/raw/sim/bat/BAT_LEO700_B00_H1_L2_S233.mat,configs/sim/sample/BAT_LEO700_B00_H1_L2_S233.yaml,
BAT_LEO700_B00_H1_L2_S234,bat,SIM_bat,LEO700,LEO700-B00-H1-L2,200582,val,0,70dd5ad7accd,0.44087760701659207,3,4,1,data/raw/sim/bat/BAT_LEO700_B00_H1_L2_S234.mat,configs/sim/sample/BAT_LEO700_B00_H1_L2_S234.yaml,
BAT_LEO700_B00_H1_L2_S235,bat,SIM_bat,LEO700,LEO700-B00-H1-L2,200583,train,0,01e216449d58,0.007356063605897134,0,4,1,data/raw/sim/bat/BAT_LEO700_B00_H1_L2_S235.mat,configs/sim/sample/BAT_LEO700_B00_H1_L2_S235.yaml,
BAT_LEO700_B00_H1_L2_S236,bat,SIM_bat,LEO700,LEO700-B00-H1-L2,200584,train,0,2474fb5ad1c6,0.14241000144263438,2,4,1,data/raw/sim/bat/BAT_LEO700_B00_H1_L2_S236.mat,configs/sim/sample/BAT_LEO700_B00_H1_L2_S236.yaml,
BAT_LEO700_B00_H1_L3_S237,bat,SIM_bat,LEO700,LEO700-B00-H1-L3,200591,holdout,0,4cae3d1ca35c,,,3,1,data/raw/sim/bat/BAT_LEO700_B00_H1_L3_S237.mat,configs/sim/sample/BAT_LEO700_B00_H1_L3_S237.yaml,127ca87c0aa2946238feb6c42287fb14e1fa51c7f9d6cbde6f65ae87563a5352
BAT_LEO700_B00_H1_L3_S238,bat,SIM_bat,LEO700,LEO700-B00-H1-L3,200592,val,0,ef58aaaa0b2c,0.934946695818482,2,3,1,data/raw/sim/bat/BAT_LEO700_B00_H1_L3_S238.mat,configs/sim/sample/BAT_LEO700_B00_H1_L3_S238.yaml,
BAT_LEO700_B00_H1_L3_S239,bat,SIM_bat,LEO700,LEO700-B00-H1-L3,200593,train,0,b793a8de7fea,0.7170968573772498,1,3,1,data/raw/sim/bat/BAT_LEO700_B00_H1_L3_S239.mat,configs/sim/sample/BAT_LEO700_B00_H1_L3_S239.yaml,
BAT_LEO700_B00_H1_L3_S240,bat,SIM_bat,LEO700,LEO700-B00-H1-L3,200594,train,0,68ca0ef20163,0.40933316620192883,0,3,1,data/raw/sim/bat/BAT_LEO700_B00_H1_L3_S240.mat,configs/sim/sample/BAT_LEO700_B00_H1_L3_S240.yaml,
BAT_LEO700_B00_H2_L1_S241,bat,SIM_bat,LEO700,LEO700-B00-H2-L1,200601,train,0,60c2f4d95ae6,0.3779747992183715,0,3,1,data/raw/sim/bat/BAT_LEO700_B00_H2_L1_S241.mat,configs/sim/sample/BAT_LEO700_B00_H2_L1_S241.yaml,
BAT_LEO700_B00_H2_L1_S242,bat,SIM_bat,LEO700,LEO700-B00-H2-L1,200602,train,0,6322b62cb84c,0.3872484072856395,1,3,1,data/raw/sim/bat/BAT_LEO700_B00_H2_L1_S242.mat,configs/sim/sample/BAT_LEO700_B00_H2_L1_S242.yaml,
BAT_LEO700_B00_H2_L1_S243,bat,SIM_bat,LEO700,LEO700-B00-H2-L1,200603,val,0,85b74c93ead5,0.5223281727911235,2,3,1,data/raw/sim/bat/BAT_LEO700_B00_H2_L1_S243.mat,configs/sim/sample/BAT_LEO700_B00_H2_L1_S243.yaml,
BAT_LEO700_B00_H2_L1_S244,bat,SIM_bat,LEO700,LEO700-B00-H2-L1,200604,holdout,0,4791bb611917,,,3,1,data/raw/sim/bat/BAT_LEO700_B00_H2_L1_S244.mat,configs/sim/sample/BAT_LEO700_B00_H2_L1_S244.yaml,0548ccba1020c1404a04d58aa39bc6cec0a9facc7c600e4bf41a38d7902f551d
BAT_LEO700_B00_H2_L2_S245,bat,SIM_bat,LEO700,LEO700-B00-H2-L2,200611,train,0,3afa1856215a,0.23037864783086803,1,3,1,data/raw/sim/bat/BAT_LEO700_B00_H2_L2_S245.mat,configs/sim/sample/BAT_LEO700_B00_H2_L2_S245.yaml,
BAT_LEO700_B00_H2_L2_S246,bat,SIM_bat,LEO700,LEO700-B00-H2-L2,200612,holdout,0,4aec4858ea14,,,3,1,data/raw/sim/bat/BAT_LEO700_B00_H2_L2_S246.mat,configs/sim/sample/BAT_LEO700_B00_H2_L2_S246.yaml,c04a045a3448f92a74ec8b36e53b555fdbf9ff6b1473e67c5c3475178c077db7
BAT_LEO700_B00_H2_L2_S247,bat,SIM_bat,LEO700,LEO700-B00-H2-L2,200613,train,0,1155a06c9ad0,0.06771280909998723,0,3,1,data/raw/sim/bat/BAT_LEO700_B00_H2_L2_S247.mat,configs/sim/sample/BAT_LEO700_B00_H2_L2_S247.yaml,
BAT_LEO700_B00_H2_L2_S248,bat,SIM_bat,LEO700,LEO700-B00-H2-L2,200614,val,0,ee937a8b5add,0.9319378462049492,2,3,1,data/raw/sim/bat/BAT_LEO700_B00_H2_L2_S248.mat,configs/sim/sample/BAT_LEO700_B00_H2_L2_S248.yaml,
BAT_LEO700_B00_H2_L3_S249,bat,SIM_bat,LEO700,LEO700-B00-H2-L3,200621,train,0,04c70f2df156,0.018662403789981852,1,3,1,data/raw/sim/bat/BAT_LEO700_B00_H2_L3_S249.mat,configs/sim/sample/BAT_LEO700_B00_H2_L3_S249.yaml,
BAT_LEO700_B00_H2_L3_S250,bat,SIM_bat,LEO700,LEO700-B00-H2-L3,200622,train,0,006d4f36842d,0.001667929467817686,0,3,1,data/raw/sim/bat/BAT_LEO700_B00_H2_L3_S250.mat,configs/sim/sample/BAT_LEO700_B00_H2_L3_S250.yaml,
BAT_LEO700_B00_H2_L3_S251,bat,SIM_bat,LEO700,LEO700-B00-H2-L3,200623,holdout,0,6565f6915ec2,,,3,1,data/raw/sim/bat/BAT_LEO700_B00_H2_L3_S251.mat,configs/sim/sample/BAT_LEO700_B00_H2_L3_S251.yaml,f02cb9c3e2a03dab774de9f06f79b92f2a3c4bbd8e877444e461d861e7190a89
BAT_LEO700_B00_H2_L3_S252,bat,SIM_bat,LEO700,LEO700-B00-H2-L3,200624,val,0,1e7830311db1,0.11902142714615493,2,3,1,data/raw/sim/bat/BAT_LEO700_B00_H2_L3_S252.mat,configs/sim/sample/BAT_LEO700_B00_H2_L3_S252.yaml,
BAT_LEO700_B30_H0_L1_S253,bat,SIM_bat,LEO700,LEO700-B30-H0-L1,200631,val,0,f09b2c3dd2b6,0.9398677493033674,2,3,1,data/raw/sim/bat/BAT_LEO700_B30_H0_L1_S253.mat,configs/sim/sample/BAT_LEO700_B30_H0_L1_S253.yaml,
BAT_LEO700_B30_H0_L1_S254,bat,SIM_bat,LEO700,LEO700-B30-H0-L1,200632,holdout,0,2fd9254dbfef,,,3,1,data/raw/sim/bat/BAT_LEO700_B30_H0_L1_S254.mat,configs/sim/sample/BAT_LEO700_B30_H0_L1_S254.yaml,a7a68e6a0b7d4e3bda390e533540e27c299583ddc8bbde8cc5c36a7215a56c92
BAT_LEO700_B30_H0_L1_S255,bat,SIM_bat,LEO700,LEO700-B30-H0-L1,200633,train,0,c81a277e14e2,0.7816490824524251,0,3,1,data/raw/sim/bat/BAT_LEO700_B30_H0_L1_S255.mat,configs/sim/sample/BAT_LEO700_B30_H0_L1_S255.yaml,
BAT_LEO700_B30_H0_L1_S256,bat,SIM_bat,LEO700,LEO700-B30-H0-L1,200634,train,0,d44510b1ebb3,0.82917885154502,1,3,1,data/raw/sim/bat/BAT_LEO700_B30_H0_L1_S256.mat,configs/sim/sample/BAT_LEO700_B30_H0_L1_S256.yaml,
BAT_LEO700_B30_H0_L2_S257,bat,SIM_bat,LEO700,LEO700-B30-H0-L2,200641,val,0,f07964ee34a3,0.939352329402606,2,3,1,data/raw/sim/bat/BAT_LEO700_B30_H0_L2_S257.mat,configs/sim/sample/BAT_LEO700_B30_H0_L2_S257.yaml,
BAT_LEO700_B30_H0_L2_S258,bat,SIM_bat,LEO700,LEO700-B30-H0-L2,200642,holdout,0,1aec8dfb5757,,,3,1,data/raw/sim/bat/BAT_LEO700_B30_H0_L2_S258.mat,configs/sim/sample/BAT_LEO700_B30_H0_L2_S258.yaml,0cebd0d1ed399a6eb0c4c80eeeab2409e63495e34342d4404e2212c83c3a951e
BAT_LEO700_B30_H0_L2_S259,bat,SIM_bat,LEO700,LEO700-B30-H0-L2,200643,train,0,d6f2b32a4c0d,0.8396408060325946,1,3,1,data/raw/sim/bat/BAT_LEO700_B30_H0_L2_S259.mat,configs/sim/sample/BAT_LEO700_B30_H0_L2_S259.yaml,
BAT_LEO700_B30_H0_L2_S260,bat,SIM_bat,LEO700,LEO700-B30-H0-L2,200644,train,0,67c5fd15e51b,0.4053648165182544,0,3,1,data/raw/sim/bat/BAT_LEO700_B30_H0_L2_S260.mat,configs/sim/sample/BAT_LEO700_B30_H0_L2_S260.yaml,
BAT_LEO700_B30_H0_L3_S261,bat,SIM_bat,LEO700,LEO700-B30-H0-L3,200651,train,0,b44195f496dd,0.7041257593290204,1,3,1,data/raw/sim/bat/BAT_LEO700_B30_H0_L3_S261.mat,configs/sim/sample/BAT_LEO700_B30_H0_L3_S261.yaml,
BAT_LEO700_B30_H0_L3_S262,bat,SIM_bat,LEO700,LEO700-B30-H0-L3,200652,holdout,0,83e7840318ef,,,3,1,data/raw/sim/bat/BAT_LEO700_B30_H0_L3_S262.mat,configs/sim/sample/BAT_LEO700_B30_H0_L3_S262.yaml,e8a83d8f322d0d9642a9a1a6dd8f9ac6decd3ca79903a9263e21108c95a377f3
BAT_LEO700_B30_H0_L3_S263,bat,SIM_bat,LEO700,LEO700-B30-H0-L3,200653,train,0,095d54af4fb3,0.03658036499082229,0,3,1,data/raw/sim/bat/BAT_LEO700_B30_H0_L3_S263.mat,configs/sim/sample/BAT_LEO700_B30_H0_L3_S263.yaml,
BAT_LEO700_B30_H0_L3_S264,bat,SIM_bat,LEO700,LEO700-B30-H0-L3,200654,val,0,d57557d9ddbb,0.8338217646503203,2,3,1,data/raw/sim/bat/BAT_LEO700_B30_H0_L3_S264.mat,configs/sim/sample/BAT_LEO700_B30_H0_L3_S264.yaml,
BAT_LEO700_B30_H1_L1_S265,bat,SIM_bat,LEO700,LEO700-B30-H1-L1,200661,holdout,0,2c8c44f120b8,,,3,1,data/raw/sim/bat/BAT_LEO700_B30_H1_L1_S265.mat,configs/sim/sample/BAT_LEO700_B30_H1_L1_S265.yaml,32865844d96be25c746c6d1d955f7b00f6a09927722f443e3189ed850200be58
BAT_LEO700_B30_H1_L1_S266,bat,SIM_bat,LEO700,LEO700-B30-H1-L1,200662,train,0,8672fe0deffc,0.5251921447779608,0,3,1,data/raw/sim/bat/BAT_LEO700_B30_H1_L1_S266.mat,configs/sim/sample/BAT_LEO700_B30_H1_L1_S266.yaml,
BAT_LEO700_B30_H1_L1_S267,bat,SIM_bat,LEO700,LEO700-B30-H1-L1,200663,train,0,ad83e77dac5b,0.6777939493007175,1,3,1,data/raw/sim/bat/BAT_LEO700_B30_H1_L1_S267.mat,configs/sim/sample/BAT_LEO700_B30_H1_L1_S267.yaml,
BAT_LEO700_B30_H1_L1_S268,bat,SIM_bat,LEO700,LEO700-B30-H1-L1,200664,val,0,c59a59079802,0.7718864100970748,2,3,1,data/raw/sim/bat/BAT_LEO700_B30_H1_L1_S268.mat,configs/sim/sample/BAT_LEO700_B30_H1_L1_S268.yaml,
BAT_LEO700_B30_H1_L2_S269,bat,SIM_bat,LEO700,LEO700-B30-H1-L2,200671,val,0,947d2645c0ab,0.5800346298498589,3,4,1,data/raw/sim/bat/BAT_LEO700_B30_H1_L2_S269.mat,configs/sim/sample/BAT_LEO700_B30_H1_L2_S269.yaml,
BAT_LEO700_B30_H1_L2_S270,bat,SIM_bat,LEO700,LEO700-B30-H1-L2,200672,train,0,4ec21b809eef,0.3076493443504056,1,4,1,data/raw/sim/bat/BAT_LEO700_B30_H1_L2_S270.mat,configs/sim/sample/BAT_LEO700_B30_H1_L2_S270.yaml,
BAT_LEO700_B30_H1_L2_S271,bat,SIM_bat,LEO700,LEO700-B30-H1-L2,200673,train,0,7210b34d111e,0.44556732779994235,2,4,1,data/raw/sim/bat/BAT_LEO700_B30_H1_L2_S271.mat,configs/sim/sample/BAT_LEO700_B30_H1_L2_S271.yaml,
BAT_LEO700_B30_H1_L2_S272,bat,SIM_bat,LEO700,LEO700-B30-H1-L2,200674,train,0,07384caaa2f2,0.02820281186991025,0,4,1,data/raw/sim/bat/BAT_LEO700_B30_H1_L2_S272.mat,configs/sim/sample/BAT_LEO700_B30_H1_L2_S272.yaml,
BAT_LEO700_B30_H1_L3_S273,bat,SIM_bat,LEO700,LEO700-B30-H1-L3,200681,train,0,ba1731d4aabf,0.7269164222914206,2,4,1,data/raw/sim/bat/BAT_LEO700_B30_H1_L3_S273.mat,configs/sim/sample/BAT_LEO700_B30_H1_L3_S273.yaml,
BAT_LEO700_B30_H1_L3_S274,bat,SIM_bat,LEO700,LEO700-B30-H1-L3,200682,train,0,944e9a4372b8,0.5793243803661596,1,4,1,data/raw/sim/bat/BAT_LEO700_B30_H1_L3_S274.mat,configs/sim/sample/BAT_LEO700_B30_H1_L3_S274.yaml,
BAT_LEO700_B30_H1_L3_S275,bat,SIM_bat,LEO700,LEO700-B30-H1-L3,200683,val,0,c39cc8dfe239,0.7641110941496869,3,4,1,data/raw/sim/bat/BAT_LEO700_B30_H1_L3_S275.mat,configs/sim/sample/BAT_LEO700_B30_H1_L3_S275.yaml,
BAT_LEO700_B30_H1_L3_S276,bat,SIM_bat,LEO700,LEO700-B30-H1-L3,200684,train,0,0d3d48d8dad0,0.05171637815766417,0,4,1,data/raw/sim/bat/BAT_LEO700_B30_H1_L3_S276.mat,configs/sim/sample/BAT_LEO700_B30_H1_L3_S276.yaml,
BAT_LEO700_B30_H2_L1_S277,bat,SIM_bat,LEO700,LEO700-B30-H2-L1,200691,train,0,515d476fab76,0.3178295753127358,0,3,1,data/raw/sim/bat/BAT_LEO700_B30_H2_L1_S277.mat,configs/sim/sample/BAT_LEO700_B30_H2_L1_S277.yaml,
BAT_LEO700_B30_H2_L1_S278,bat,SIM_bat,LEO700,LEO700-B30-H2-L1,200692,val,0,df0348653557,0.8711438414660186,2,3,1,data/raw/sim/bat/BAT_LEO700_B30_H2_L1_S278.mat,configs/sim/sample/BAT_LEO700_B30_H2_L1_S278.yaml,
BAT_LEO700_B30_H2_L1_S279,bat,SIM_bat,LEO700,LEO700-B30-H2-L1,200693,holdout,0,b62283cda121,,,3,1,data/raw/sim/bat/BAT_LEO700_B30_H2_L1_S279.mat,configs/sim/sample/BAT_LEO700_B30_H2_L1_S279.yaml,084d4423bb7696cb78c6348c756f0a391226aca2171fc3dc02c23219729058a6
BAT_LEO700_B30_H2_L1_S280,bat,SIM_bat,LEO700,LEO700-B30-H2-L1,200694,train,0,7ca2d8129670,0.4868598027591702,1,3,1,data/raw/sim/bat/BAT_LEO700_B30_H2_L1_S280.mat,configs/sim/sample/BAT_LEO700_B30_H2_L1_S280.yaml,
BAT_LEO700_B30_H2_L2_S281,bat,SIM_bat,LEO700,LEO700-B30-H2-L2,200701,val,0,b980ee21e8b7,0.7246235688005207,2,3,1,data/raw/sim/bat/BAT_LEO700_B30_H2_L2_S281.mat,configs/sim/sample/BAT_LEO700_B30_H2_L2_S281.yaml,
BAT_LEO700_B30_H2_L2_S282,bat,SIM_bat,LEO700,LEO700-B30-H2-L2,200702,train,0,18ed85ba0a7a,0.09737430374159572,0,3,1,data/raw/sim/bat/BAT_LEO700_B30_H2_L2_S282.mat,configs/sim/sample/BAT_LEO700_B30_H2_L2_S282.yaml,
BAT_LEO700_B30_H2_L2_S283,bat,SIM_bat,LEO700,LEO700-B30-H2-L2,200703,holdout,0,75235b34ec1d,,,3,1,data/raw/sim/bat/BAT_LEO700_B30_H2_L2_S283.mat,configs/sim/sample/BAT_LEO700_B30_H2_L2_S283.yaml,2b6a6deb6f6497eeab67a7366afda26864829a1f2082ef714a8a1ea54eb41f2f
BAT_LEO700_B30_H2_L2_S284,bat,SIM_bat,LEO700,LEO700-B30-H2-L2,200704,train,0,7ce38056af6a,0.48784639469469226,1,3,1,data/raw/sim/bat/BAT_LEO700_B30_H2_L2_S284.mat,configs/sim/sample/BAT_LEO700_B30_H2_L2_S284.yaml,
BAT_LEO700_B30_H2_L3_S285,bat,SIM_bat,LEO700,LEO700-B30-H2-L3,200711,train,0,25b78b3db49c,0.1473319078109938,0,3,1,data/raw/sim/bat/BAT_LEO700_B30_H2_L3_S285.mat,configs/sim/sample/BAT_LEO700_B30_H2_L3_S285.yaml,
BAT_LEO700_B30_H2_L3_S286,bat,SIM_bat,LEO700,LEO700-B30-H2-L3,200712,holdout,0,ecedcb068f9a,,,3,1,data/raw/sim/bat/BAT_LEO700_B30_H2_L3_S286.mat,configs/sim/sample/BAT_LEO700_B30_H2_L3_S286.yaml,00eb028a035dd0965abd701fbbe1cf0042e47c206e626e51b6757fe80700aa99
BAT_LEO700_B30_H2_L3_S287,bat,SIM_bat,LEO700,LEO700-B30-H2-L3,200713,train,0,9b43c42ae06d,0.6065027813605646,1,3,1,data/raw/sim/bat/BAT_LEO700_B30_H2_L3_S287.mat,configs/sim/sample/BAT_LEO700_B30_H2_L3_S287.yaml,
BAT_LEO700_B30_H2_L3_S288,bat,SIM_bat,LEO700,LEO700-B30-H2-L3,200714,val,0,bf58807575aa,0.7474441801802314,2,3,1,data/raw/sim/bat/BAT_LEO700_B30_H2_L3_S288.mat,configs/sim/sample/BAT_LEO700_B30_H2_L3_S288.yaml,
BAT_LEO700_B60_H0_L1_S289,bat,SIM_bat,LEO700,LEO700-B60-H0-L1,200721,train,0,0c7c3770a0fa,0.048770394322652066,0,4,1,data/raw/sim/bat/BAT_LEO700_B60_H0_L1_S289.mat,configs/sim/sample/BAT_LEO700_B60_H0_L1_S289.yaml,
BAT_LEO700_B60_H0_L1_S290,bat,SIM_bat,LEO700,LEO700-B60-H0-L1,200722,train,0,ad8f051a38b0,0.6779635609643151,2,4,1,data/raw/sim/bat/BAT_LEO700_B60_H0_L1_S290.mat,configs/sim/sample/BAT_LEO700_B60_H0_L1_S290.yaml,
BAT_LEO700_B60_H0_L1_S291,bat,SIM_bat,LEO700,LEO700-B60-H0-L1,200723,val,0,b26ddd749f48,0.696988907787528,3,4,1,data/raw/sim/bat/BAT_LEO700_B60_H0_L1_S291.mat,configs/sim/sample/BAT_LEO700_B60_H0_L1_S291.yaml,
BAT_LEO700_B60_H0_L1_S292,bat,SIM_bat,LEO700,LEO700-B60-H0-L1,200724,train,0,18ce4177c53f,0.09689721273502627,1,4,1,data/raw/sim/bat/BAT_LEO700_B60_H0_L1_S292.mat,configs/sim/sample/BAT_LEO700_B60_H0_L1_S292.yaml,
BAT_LEO700_B60_H0_L2_S293,bat,SIM_bat,LEO700,LEO700-B60-H0-L2,200731,train,0,655848be325e,0.3958783592555548,1,3,1,data/raw/sim/bat/BAT_LEO700_B60_H0_L2_S293.mat,configs/sim/sample/BAT_LEO700_B60_H0_L2_S293.yaml,
BAT_LEO700_B60_H0_L2_S294,bat,SIM_bat,LEO700,LEO700-B60-H0-L2,200732,val,0,913f9907a55c,0.5673766750017961,2,3,1,data/raw/sim/bat/BAT_LEO700_B60_H0_L2_S294.mat,configs/sim/sample/BAT_LEO700_B60_H0_L2_S294.yaml,
BAT_LEO700_B60_H0_L2_S295,bat,SIM_bat,LEO700,LEO700-B60-H0-L2,200733,train,0,649f33a538ed,0.39305422576665094,0,3,1,data/raw/sim/bat/BAT_LEO700_B60_H0_L2_S295.mat,configs/sim/sample/BAT_LEO700_B60_H0_L2_S295.yaml,
BAT_LEO700_B60_H0_L2_S296,bat,SIM_bat,LEO700,LEO700-B60-H0-L2,200734,holdout,0,8ef8ff9025a1,,,3,1,data/raw/sim/bat/BAT_LEO700_B60_H0_L2_S296.mat,configs/sim/sample/BAT_LEO700_B60_H0_L2_S296.yaml,c265184308564c2facc499d857b3745ae91aab3ae7d76afb3c59cda872552861
BAT_LEO700_B60_H0_L3_S297,bat,SIM_bat,LEO700,LEO700-B60-H0-L3,200741,val,0,85b3e30ba7e8,0.5222761062103984,2,3,1,data/raw/sim/bat/BAT_LEO700_B60_H0_L3_S297.mat,configs/sim/sample/BAT_LEO700_B60_H0_L3_S297.yaml,
BAT_LEO700_B60_H0_L3_S298,bat,SIM_bat,LEO700,LEO700-B60-H0-L3,200742,holdout,0,5084c58513bf,,,3,1,data/raw/sim/bat/BAT_LEO700_B60_H0_L3_S298.mat,configs/sim/sample/BAT_LEO700_B60_H0_L3_S298.yaml,aa9cc87c1078816dd9b406d361981fc08414a29e1a69926d1b6c39e2b964f269
BAT_LEO700_B60_H0_L3_S299,bat,SIM_bat,LEO700,LEO700-B60-H0-L3,200743,train,0,516ae54f4b99,0.3180373495666551,0,3,1,data/raw/sim/bat/BAT_LEO700_B60_H0_L3_S299.mat,configs/sim/sample/BAT_LEO700_B60_H0_L3_S299.yaml,
BAT_LEO700_B60_H0_L3_S300,bat,SIM_bat,LEO700,LEO700-B60-H0-L3,200744,train,0,83d3821360fb,0.5149461076079938,1,3,1,data/raw/sim/bat/BAT_LEO700_B60_H0_L3_S300.mat,configs/sim/sample/BAT_LEO700_B60_H0_L3_S300.yaml,
BAT_LEO700_B60_H1_L1_S301,bat,SIM_bat,LEO700,LEO700-B60-H1-L1,200751,val,0,b35ad8107e10,0.70060491945884,2,3,1,data/raw/sim/bat/BAT_LEO700_B60_H1_L1_S301.mat,configs/sim/sample/BAT_LEO700_B60_H1_L1_S301.yaml,
BAT_LEO700_B60_H1_L1_S302,bat,SIM_bat,LEO700,LEO700-B60-H1-L1,200752,holdout,0,4416fe8fb5c2,,,3,1,data/raw/sim/bat/BAT_LEO700_B60_H1_L1_S302.mat,configs/sim/sample/BAT_LEO700_B60_H1_L1_S302.yaml,67d21e0de9da4d29f0f863901d842f7a3a6895ac43ac509ee1906bed2fd76e31
BAT_LEO700_B60_H1_L1_S303,bat,SIM_bat,LEO700,LEO700-B60-H1-L1,200753,train,0,056720bb756f,0.021104856268205907,0,3,1,data/raw/sim/bat/BAT_LEO700_B60_H1_L1_S303.mat,configs/sim/sample/BAT_LEO700_B60_H1_L1_S303.yaml,
BAT_LEO700_B60_H1_L1_S304,bat,SIM_bat,LEO700,LEO700-B60-H1-L1,200754,train,0,79d3039de0b2,0.4758760700648921,1,3,1,data/raw/sim/bat/BAT_LEO700_B60_H1_L1_S304.mat,configs/sim/sample/BAT_LEO700_B60_H1_L1_S304.yaml,
BAT_LEO700_B60_H1_L2_S305,bat,SIM_bat,LEO700,LEO700-B60-H1-L2,200761,train,0,b3d8ddbfbb53,0.7025278657050187,2,4,1,data/raw/sim/bat/BAT_LEO700_B60_H1_L2_S305.mat,configs/sim/sample/BAT_LEO700_B60_H1_L2_S305.yaml,
BAT_LEO700_B60_H1_L2_S306,bat,SIM_bat,LEO700,LEO700-B60-H1-L2,200762,train,0,8b8a956f8a63,0.54508336995276,1,4,1,data/raw/sim/bat/BAT_LEO700_B60_H1_L2_S306.mat,configs/sim/sample/BAT_LEO700_B60_H1_L2_S306.yaml,
BAT_LEO700_B60_H1_L2_S307,bat,SIM_bat,LEO700,LEO700-B60-H1-L2,200763,train,0,1bd96a94d784,0.10878625997385427,0,4,1,data/raw/sim/bat/BAT_LEO700_B60_H1_L2_S307.mat,configs/sim/sample/BAT_LEO700_B60_H1_L2_S307.yaml,
BAT_LEO700_B60_H1_L2_S308,bat,SIM_bat,LEO700,LEO700-B60-H1-L2,200764,val,0,cd97925c43e2,0.803094050908733,3,4,1,data/raw/sim/bat/BAT_LEO700_B60_H1_L2_S308.mat,configs/sim/sample/BAT_LEO700_B60_H1_L2_S308.yaml,
BAT_LEO700_B60_H1_L3_S309,bat,SIM_bat,LEO700,LEO700-B60-H1-L3,200771,holdout,0,14ec8f7c70fc,,,3,1,data/raw/sim/bat/BAT_LEO700_B60_H1_L3_S309.mat,configs/sim/sample/BAT_LEO700_B60_H1_L3_S309.yaml,04ee115910aa7fd2619f09768d4035440bd15d2aaa8635bf72492c181956b074
BAT_LEO700_B60_H1_L3_S310,bat,SIM_bat,LEO700,LEO700-B60-H1-L3,200772,train,0,7d6977aa0c34,0.48989055539659887,1,3,1,data/raw/sim/bat/BAT_LEO700_B60_H1_L3_S310.mat,configs/sim/sample/BAT_LEO700_B60_H1_L3_S310.yaml,
BAT_LEO700_B60_H1_L3_S311,bat,SIM_bat,LEO700,LEO700-B60-H1-L3,200773,val,0,a683d30299a2,0.6504489785526246,2,3,1,data/raw/sim/bat/BAT_LEO700_B60_H1_L3_S311.mat,configs/sim/sample/BAT_LEO700_B60_H1_L3_S311.yaml,
BAT_LEO700_B60_H1_L3_S312,bat,SIM_bat,LEO700,LEO700-B60-H1-L3,200774,train,0,0472df231d30,0.017377801964528317,0,3,1,data/raw/sim/bat/BAT_LEO700_B60_H1_L3_S312.mat,configs/sim/sample/BAT_LEO700_B60_H1_L3_S312.yaml,
BAT_LEO700_B60_H2_L1_S313,bat,SIM_bat,LEO700,LEO700-B60-H2-L1,200781,holdout,0,154e5dc7151d,,,3,1,data/raw/sim/bat/BAT_LEO700_B60_H2_L1_S313.mat,configs/sim/sample/BAT_LEO700_B60_H2_L1_S313.yaml,44ae519c61331ba783d777ec110a2d85ead0c652b8de2d1bfa4532df56c53dd2
BAT_LEO700_B60_H2_L1_S314,bat,SIM_bat,LEO700,LEO700-B60-H2-L1,200782,train,0,01c35dcf78ae,0.006887305404852384,0,3,1,data/raw/sim/bat/BAT_LEO700_B60_H2_L1_S314.mat,configs/sim/sample/BAT_LEO700_B60_H2_L1_S314.yaml,
BAT_LEO700_B60_H2_L1_S315,bat,SIM_bat,LEO700,LEO700-B60-H2-L1,200783,train,0,839f073b460b,0.5141453284941626,1,3,1,data/raw/sim/bat/BAT_LEO700_B60_H2_L1_S315.mat,configs/sim/sample/BAT_LEO700_B60_H2_L1_S315.yaml,
BAT_LEO700_B60_H2_L1_S316,bat,SIM_bat,LEO700,LEO700-B60-H2-L1,200784,val,0,f7c60549d840,0.9678653054509141,2,3,1,data/raw/sim/bat/BAT_LEO700_B60_H2_L1_S316.mat,configs/sim/sample/BAT_LEO700_B60_H2_L1_S316.yaml,
BAT_LEO700_B60_H2_L2_S317,bat,SIM_bat,LEO700,LEO700-B60-H2-L2,200791,holdout,0,ff9877bde250,,,3,1,data/raw/sim/bat/BAT_LEO700_B60_H2_L2_S317.mat,configs/sim/sample/BAT_LEO700_B60_H2_L2_S317.yaml,42b54327c8baa34b6ec702b12a02d29943a2d25f03eb089e6568eb715b94bcdb
BAT_LEO700_B60_H2_L2_S318,bat,SIM_bat,LEO700,LEO700-B60-H2-L2,200792,train,0,548092ab7499,0.3300868671982222,1,3,1,data/raw/sim/bat/BAT_LEO700_B60_H2_L2_S318.mat,configs/sim/sample/BAT_LEO700_B60_H2_L2_S318.yaml,
BAT_LEO700_B60_H2_L2_S319,bat,SIM_bat,LEO700,LEO700-B60-H2-L2,200793,train,0,36231743ba19,0.2114729442929253,0,3,1,data/raw/sim/bat/BAT_LEO700_B60_H2_L2_S319.mat,configs/sim/sample/BAT_LEO700_B60_H2_L2_S319.yaml,
BAT_LEO700_B60_H2_L2_S320,bat,SIM_bat,LEO700,LEO700-B60-H2-L2,200794,val,0,d58dc1139ccf,0.834194247520653,2,3,1,data/raw/sim/bat/BAT_LEO700_B60_H2_L2_S320.mat,configs/sim/sample/BAT_LEO700_B60_H2_L2_S320.yaml,
BAT_LEO700_B60_H2_L3_S321,bat,SIM_bat,LEO700,LEO700-B60-H2-L3,200801,train,0,77bc69814dd1,0.46771869093737806,2,4,1,data/raw/sim/bat/BAT_LEO700_B60_H2_L3_S321.mat,configs/sim/sample/BAT_LEO700_B60_H2_L3_S321.yaml,
BAT_LEO700_B60_H2_L3_S322,bat,SIM_bat,LEO700,LEO700-B60-H2-L3,200802,train,0,743ecec133a5,0.4540833684619834,1,4,1,data/raw/sim/bat/BAT_LEO700_B60_H2_L3_S322.mat,configs/sim/sample/BAT_LEO700_B60_H2_L3_S322.yaml,
BAT_LEO700_B60_H2_L3_S323,bat,SIM_bat,LEO700,LEO700-B60-H2-L3,200803,val,0,f3982fb63f40,0.9515409297885071,3,4,1,data/raw/sim/bat/BAT_LEO700_B60_H2_L3_S323.mat,configs/sim/sample/BAT_LEO700_B60_H2_L3_S323.yaml,
BAT_LEO700_B60_H2_L3_S324,bat,SIM_bat,LEO700,LEO700-B60-H2-L3,200804,train,0,409ef3aed18a,0.2524254133036621,0,4,1,data/raw/sim/bat/BAT_LEO700_B60_H2_L3_S324.mat,configs/sim/sample/BAT_LEO700_B60_H2_L3_S324.yaml,
RWA_LEO500_B00_H0_L1_S001,rwa,SIM_rwa,LEO500,LEO500-B00-H0-L1,100001,train,0,f01e0df2cf34,0.937958595065723,2,4,1,data/raw/sim/rwa/RWA_LEO500_B00_H0_L1_S001.mat,configs/sim/sample/RWA_LEO500_B00_H0_L1_S001.yaml,
RWA_LEO500_B00_H0_L1_S002,rwa,SIM_rwa,LEO500,LEO500-B00-H0-L1,100002,val,0,fcdcf3a7b3c2,0.9877464565686367,3,4,1,data/raw/sim/rwa/RWA_LEO500_B00_H0_L1_S002.mat,configs/sim/sample/RWA_LEO500_B00_H0_L1_S002.yaml,
RWA_LEO500_B00_H0_L1_S003,rwa,SIM_rwa,LEO500,LEO500-B00-H0-L1,100003,train,0,cc970930fd22,0.7991796249963343,1,4,1,data/raw/sim/rwa/RWA_LEO500_B00_H0_L1_S003.mat,configs/sim/sample/RWA_LEO500_B00_H0_L1_S003.yaml,
RWA_LEO500_B00_H0_L1_S004,rwa,SIM_rwa,LEO500,LEO500-B00-H0-L1,100004,train,0,83fd394ca85b,0.515582638945812,0,4,1,data/raw/sim/rwa/RWA_LEO500_B00_H0_L1_S004.mat,configs/sim/sample/RWA_LEO500_B00_H0_L1_S004.yaml,
RWA_LEO500_B00_H0_L2_S005,rwa,SIM_rwa,LEO500,LEO500-B00-H0-L2,100011,holdout,0,15fb9c9fd85b,,,3,1,data/raw/sim/rwa/RWA_LEO500_B00_H0_L2_S005.mat,configs/sim/sample/RWA_LEO500_B00_H0_L2_S005.yaml,d23a69e734bc4e4dd16c0e9179b136e4ce211ae16283ef3f2fdc35d7f25e25af
RWA_LEO500_B00_H0_L2_S006,rwa,SIM_rwa,LEO500,LEO500-B00-H0-L2,100012,train,0,f836fa64c786,0.9695888992350987,1,3,1,data/raw/sim/rwa/RWA_LEO500_B00_H0_L2_S006.mat,configs/sim/sample/RWA_LEO500_B00_H0_L2_S006.yaml,
RWA_LEO500_B00_H0_L2_S007,rwa,SIM_rwa,LEO500,LEO500-B00-H0-L2,100013,train,0,ddae79dc5917,0.8659435427626612,0,3,1,data/raw/sim/rwa/RWA_LEO500_B00_H0_L2_S007.mat,configs/sim/sample/RWA_LEO500_B00_H0_L2_S007.yaml,
RWA_LEO500_B00_H0_L2_S008,rwa,SIM_rwa,LEO500,LEO500-B00-H0-L2,100014,val,0,fae2bce9c6b6,0.9800222464316093,2,3,1,data/raw/sim/rwa/RWA_LEO500_B00_H0_L2_S008.mat,configs/sim/sample/RWA_LEO500_B00_H0_L2_S008.yaml,
RWA_LEO500_B00_H0_L3_S009,rwa,SIM_rwa,LEO500,LEO500-B00-H0-L3,100021,train,0,27725ef58bfd,0.15408891196056018,0,4,1,data/raw/sim/rwa/RWA_LEO500_B00_H0_L3_S009.mat,configs/sim/sample/RWA_LEO500_B00_H0_L3_S009.yaml,
RWA_LEO500_B00_H0_L3_S010,rwa,SIM_rwa,LEO500,LEO500-B00-H0-L3,100022,train,0,5e0ad9d40a5c,0.3673530714680595,2,4,1,data/raw/sim/rwa/RWA_LEO500_B00_H0_L3_S010.mat,configs/sim/sample/RWA_LEO500_B00_H0_L3_S010.yaml,
RWA_LEO500_B00_H0_L3_S011,rwa,SIM_rwa,LEO500,LEO500-B00-H0-L3,100023,val,0,f962dc9687f3,0.9741647593982172,3,4,1,data/raw/sim/rwa/RWA_LEO500_B00_H0_L3_S011.mat,configs/sim/sample/RWA_LEO500_B00_H0_L3_S011.yaml,
RWA_LEO500_B00_H0_L3_S012,rwa,SIM_rwa,LEO500,LEO500-B00-H0-L3,100024,train,0,42cbce1e580c,0.2609223198015087,1,4,1,data/raw/sim/rwa/RWA_LEO500_B00_H0_L3_S012.mat,configs/sim/sample/RWA_LEO500_B00_H0_L3_S012.yaml,
RWA_LEO500_B00_H1_L1_S013,rwa,SIM_rwa,LEO500,LEO500-B00-H1-L1,100031,val,0,f411863b6cda,0.9533924002724703,2,3,1,data/raw/sim/rwa/RWA_LEO500_B00_H1_L1_S013.mat,configs/sim/sample/RWA_LEO500_B00_H1_L1_S013.yaml,
RWA_LEO500_B00_H1_L1_S014,rwa,SIM_rwa,LEO500,LEO500-B00-H1-L1,100032,train,0,f06c52403585,0.9391528517494585,1,3,1,data/raw/sim/rwa/RWA_LEO500_B00_H1_L1_S014.mat,configs/sim/sample/RWA_LEO500_B00_H1_L1_S014.yaml,
RWA_LEO500_B00_H1_L1_S015,rwa,SIM_rwa,LEO500,LEO500-B00-H1-L1,100033,holdout,0,7922aa545196,,,3,1,data/raw/sim/rwa/RWA_LEO500_B00_H1_L1_S015.mat,configs/sim/sample/RWA_LEO500_B00_H1_L1_S015.yaml,f57ae35469785bf0743286ea881e8ada43c4ed73b387f125017a6d28ad732094
RWA_LEO500_B00_H1_L1_S016,rwa,SIM_rwa,LEO500,LEO500-B00-H1-L1,100034,train,0,3fbb1cad5fd0,0.24894885285158352,0,3,1,data/raw/sim/rwa/RWA_LEO500_B00_H1_L1_S016.mat,configs/sim/sample/RWA_LEO500_B00_H1_L1_S016.yaml,
RWA_LEO500_B00_H1_L2_S017,rwa,SIM_rwa,LEO500,LEO500-B00-H1-L2,100041,train,0,5c13aa7874fc,0.3596750778278732,1,3,1,data/raw/sim/rwa/RWA_LEO500_B00_H1_L2_S017.mat,configs/sim/sample/RWA_LEO500_B00_H1_L2_S017.yaml,
RWA_LEO500_B00_H1_L2_S018,rwa,SIM_rwa,LEO500,LEO500-B00-H1-L2,100042,val,0,97a75034abde,0.5923967484085253,2,3,1,data/raw/sim/rwa/RWA_LEO500_B00_H1_L2_S018.mat,configs/sim/sample/RWA_LEO500_B00_H1_L2_S018.yaml,
RWA_LEO500_B00_H1_L2_S019,rwa,SIM_rwa,LEO500,LEO500-B00-H1-L2,100043,holdout,0,1d2a853d8643,,,3,1,data/raw/sim/rwa/RWA_LEO500_B00_H1_L2_S019.mat,configs/sim/sample/RWA_LEO500_B00_H1_L2_S019.yaml,6a02ff33a7da748c2f82ce6ac8dada20293766ba6b723829618787ca1e4184a4
RWA_LEO500_B00_H1_L2_S020,rwa,SIM_rwa,LEO500,LEO500-B00-H1-L2,100044,train,0,53d24870cfb4,0.3274274135034858,0,3,1,data/raw/sim/rwa/RWA_LEO500_B00_H1_L2_S020.mat,configs/sim/sample/RWA_LEO500_B00_H1_L2_S020.yaml,
RWA_LEO500_B00_H1_L3_S021,rwa,SIM_rwa,LEO500,LEO500-B00-H1-L3,100051,train,0,9bdf815a899e,0.6088791700400336,1,3,1,data/raw/sim/rwa/RWA_LEO500_B00_H1_L3_S021.mat,configs/sim/sample/RWA_LEO500_B00_H1_L3_S021.yaml,
RWA_LEO500_B00_H1_L3_S022,rwa,SIM_rwa,LEO500,LEO500-B00-H1-L3,100052,holdout,0,b0a03429110d,,,3,1,data/raw/sim/rwa/RWA_LEO500_B00_H1_L3_S022.mat,configs/sim/sample/RWA_LEO500_B00_H1_L3_S022.yaml,b93db02e47bbd67e98cdeb0c7e1ae37cc3a7bff1840eac8a5b3f297557441ce9
RWA_LEO500_B00_H1_L3_S023,rwa,SIM_rwa,LEO500,LEO500-B00-H1-L3,100053,val,0,cbf712e47cb8,0.7967387969808613,2,3,1,data/raw/sim/rwa/RWA_LEO500_B00_H1_L3_S023.mat,configs/sim/sample/RWA_LEO500_B00_H1_L3_S023.yaml,
RWA_LEO500_B00_H1_L3_S024,rwa,SIM_rwa,LEO500,LEO500-B00-H1-L3,100054,train,0,900437fdaa39,0.5625643724726821,0,3,1,data/raw/sim/rwa/RWA_LEO500_B00_H1_L3_S024.mat,configs/sim/sample/RWA_LEO500_B00_H1_L3_S024.yaml,
RWA_LEO500_B00_H2_L1_S025,rwa,SIM_rwa,LEO500,LEO500-B00-H2-L1,100061,train,0,0a66dbd7bf44,0.04063200013412427,1,4,1,data/raw/sim/rwa/RWA_LEO500_B00_H2_L1_S025.mat,configs/sim/sample/RWA_LEO500_B00_H2_L1_S025.yaml,
RWA_LEO500_B00_H2_L1_S026,rwa,SIM_rwa,LEO500,LEO500-B00-H2-L1,100062,train,0,a1d16201e83b,0.6321011786132935,2,4,1,data/raw/sim/rwa/RWA_LEO500_B00_H2_L1_S026.mat,configs/sim/sample/RWA_LEO500_B00_H2_L1_S026.yaml,
RWA_LEO500_B00_H2_L1_S027,rwa,SIM_rwa,LEO500,LEO500-B00-H2-L1,100063,train,0,0025decace75,0.0005778546460142309,0,4,1,data/raw/sim/rwa/RWA_LEO500_B00_H2_L1_S027.mat,configs/sim/sample/RWA_LEO500_B00_H2_L1_S027.yaml,
RWA_LEO500_B00_H2_L1_S028,rwa,SIM_rwa,LEO500,LEO500-B00-H2-L1,100064,val,0,d42cecf58cf5,0.8288105105866244,3,4,1,data/raw/sim/rwa/RWA_LEO500_B00_H2_L1_S028.mat,configs/sim/sample/RWA_LEO500_B00_H2_L1_S028.yaml,
RWA_LEO500_B00_H2_L2_S029,rwa,SIM_rwa,LEO500,LEO500-B00-H2-L2,100071,val,0,e28cd09734f3,0.8849611634404475,2,3,1,data/raw/sim/rwa/RWA_LEO500_B00_H2_L2_S029.mat,configs/sim/sample/RWA_LEO500_B00_H2_L2_S029.yaml,
RWA_LEO500_B00_H2_L2_S030,rwa,SIM_rwa,LEO500,LEO500-B00-H2-L2,100072,train,0,3b50255efd91,0.2316916806135545,1,3,1,data/raw/sim/rwa/RWA_LEO500_B00_H2_L2_S030.mat,configs/sim/sample/RWA_LEO500_B00_H2_L2_S030.yaml,
RWA_LEO500_B00_H2_L2_S031,rwa,SIM_rwa,LEO500,LEO500-B00-H2-L2,100073,train,0,1aebfee9a1e8,0.1051635094062533,0,3,1,data/raw/sim/rwa/RWA_LEO500_B00_H2_L2_S031.mat,configs/sim/sample/RWA_LEO500_B00_H2_L2_S031.yaml,
RWA_LEO500_B00_H2_L2_S032,rwa,SIM_rwa,LEO500,LEO500-B00-H2-L2,100074,holdout,0,3247c30a28e2,,,3,1,data/raw/sim/rwa/RWA_LEO500_B00_H2_L2_S032.mat,configs/sim/sample/RWA_LEO500_B00_H2_L2_S032.yaml,f83df9a9a4a5d71bb1ba7e28bf0188ca6d456e102afb4f78295a3c2397efc3db
RWA_LEO500_B00_H2_L3_S033,rwa,SIM_rwa,LEO500,LEO500-B00-H2-L3,100081,train,0,64a43ad8ed21,0.3931309489827335,1,3,1,data/raw/sim/rwa/RWA_LEO500_B00_H2_L3_S033.mat,configs/sim/sample/RWA_LEO500_B00_H2_L3_S033.yaml,
RWA_LEO500_B00_H2_L3_S034,rwa,SIM_rwa,LEO500,LEO500-B00-H2-L3,100082,train,0,1ee5cc6f0c7e,0.1206939478984097,0,3,1,data/raw/sim/rwa/RWA_LEO500_B00_H2_L3_S034.mat,configs/sim/sample/RWA_LEO500_B00_H2_L3_S034.yaml,
RWA_LEO500_B00_H2_L3_S035,rwa,SIM_rwa,LEO500,LEO500-B00-H2-L3,100083,holdout,0,76f915201106,,,3,1,data/raw/sim/rwa/RWA_LEO500_B00_H2_L3_S035.mat,configs/sim/sample/RWA_LEO500_B00_H2_L3_S035.yaml,b8b8f7710401fe165fda7f0bfd67db46d6958b4c11559b0edc1c57483618620c
RWA_LEO500_B00_H2_L3_S036,rwa,SIM_rwa,LEO500,LEO500-B00-H2-L3,100084,val,0,97f62811c00b,0.593599800427949,2,3,1,data/raw/sim/rwa/RWA_LEO500_B00_H2_L3_S036.mat,configs/sim/sample/RWA_LEO500_B00_H2_L3_S036.yaml,
RWA_LEO500_B30_H0_L1_S037,rwa,SIM_rwa,LEO500,LEO500-B30-H0-L1,100091,train,0,417799776a49,0.2557311932126005,0,3,1,data/raw/sim/rwa/RWA_LEO500_B30_H0_L1_S037.mat,configs/sim/sample/RWA_LEO500_B30_H0_L1_S037.yaml,
RWA_LEO500_B30_H0_L1_S038,rwa,SIM_rwa,LEO500,LEO500-B30-H0-L1,100092,train,0,76f0225487dc,0.4646016556142598,1,3,1,data/raw/sim/rwa/RWA_LEO500_B30_H0_L1_S038.mat,configs/sim/sample/RWA_LEO500_B30_H0_L1_S038.yaml,
RWA_LEO500_B30_H0_L1_S039,rwa,SIM_rwa,LEO500,LEO500-B30-H0-L1,100093,holdout,0,06305ef4f1fd,,,3,1,data/raw/sim/rwa/RWA_LEO500_B30_H0_L1_S039.mat,configs/sim/sample/RWA_LEO500_B30_H0_L1_S039.yaml,8f267afe7cbf39d0dea3dd3e5d51ded7c43185380457c6d6e8696ee61583b6b6
RWA_LEO500_B30_H0_L1_S040,rwa,SIM_rwa,LEO500,LEO500-B30-H0-L1,100094,val,0,bbb4bb22b6a7,0.7332264861821862,2,3,1,data/raw/sim/rwa/RWA_LEO500_B30_H0_L1_S040.mat,configs/sim/sample/RWA_LEO500_B30_H0_L1_S040.yaml,
RWA_LEO500_B30_H0_L2_S041,rwa,SIM_rwa,LEO500,LEO500-B30-H0-L2,100101,train,0,7fcfc4e55e86,0.49926405525049944,1,4,1,data/raw/sim/rwa/RWA_LEO500_B30_H0_L2_S041.mat,configs/sim/sample/RWA_LEO500_B30_H0_L2_S041.yaml,
RWA_LEO500_B30_H0_L2_S042,rwa,SIM_rwa,LEO500,LEO500-B30-H0-L2,100102,train,0,8061acd84623,0.5014904048931719,2,4,1,data/raw/sim/rwa/RWA_LEO500_B30_H0_L2_S042.mat,configs/sim/sample/RWA_LEO500_B30_H0_L2_S042.yaml,
RWA_LEO500_B30_H0_L2_S043,rwa,SIM_rwa,LEO500,LEO500-B30-H0-L2,100103,val,0,851feb0ecd72,0.5200182829989402,3,4,1,data/raw/sim/rwa/RWA_LEO500_B30_H0_L2_S043.mat,configs/sim/sample/RWA_LEO500_B30_H0_L2_S043.yaml,
RWA_LEO500_B30_H0_L2_S044,rwa,SIM_rwa,LEO500,LEO500-B30-H0-L2,100104,train,0,296ea5127262,0.1618445558582451,0,4,1,data/raw/sim/rwa/RWA_LEO500_B30_H0_L2_S044.mat,configs/sim/sample/RWA_LEO500_B30_H0_L2_S044.yaml,
RWA_LEO500_B30_H0_L3_S045,rwa,SIM_rwa,LEO500,LEO500-B30-H0-L3,100111,train,0,9a095d3eb664,0.6017053869349098,0,3,1,data/raw/sim/rwa/RWA_LEO500_B30_H0_L3_S045.mat,configs/sim/sample/RWA_LEO500_B30_H0_L3_S045.yaml,
RWA_LEO500_B30_H0_L3_S046,rwa,SIM_rwa,LEO500,LEO500-B30-H0-L3,100112,train,0,cc4aa5800438,0.7980140149631723,1,3,1,data/raw/sim/rwa/RWA_LEO500_B30_H0_L3_S046.mat,configs/sim/sample/RWA_LEO500_B30_H0_L3_S046.yaml,
RWA_LEO500_B30_H0_L3_S047,rwa,SIM_rwa,LEO500,LEO500-B30-H0-L3,100113,val,0,e582320eff1f,0.8965178763020241,2,3,1,data/raw/sim/rwa/RWA_LEO500_B30_H0_L3_S047.mat,configs/sim/sample/RWA_LEO500_B30_H0_L3_S047.yaml,
RWA_LEO500_B30_H0_L3_S048,rwa,SIM_rwa,LEO500,LEO500-B30-H0-L3,100114,holdout,0,1ca60e51795a,,,3,1,data/raw/sim/rwa/RWA_LEO500_B30_H0_L3_S048.mat,configs/sim/sample/RWA_LEO500_B30_H0_L3_S048.yaml,3da31d1fb42c1f9551ad22cdf929ae3c1b8da4869d37bfb1232fe11ced5dbe58
RWA_LEO500_B30_H1_L1_S049,rwa,SIM_rwa,LEO500,LEO500-B30-H1-L1,100121,val,0,93888ab86f82,0.5763022136957332,2,3,1,data/raw/sim/rwa/RWA_LEO500_B30_H1_L1_S049.mat,configs/sim/sample/RWA_LEO500_B30_H1_L1_S049.yaml,
RWA_LEO500_B30_H1_L1_S050,rwa,SIM_rwa,LEO500,LEO500-B30-H1-L1,100122,train,0,6de01eb30148,0.42920104856719377,1,3,1,data/raw/sim/rwa/RWA_LEO500_B30_H1_L1_S050.mat,configs/sim/sample/RWA_LEO500_B30_H1_L1_S050.yaml,
RWA_LEO500_B30_H1_L1_S051,rwa,SIM_rwa,LEO500,LEO500-B30-H1-L1,100123,holdout,0,11875c22f5c6,,,3,1,data/raw/sim/rwa/RWA_LEO500_B30_H1_L1_S051.mat,configs/sim/sample/RWA_LEO500_B30_H1_L1_S051.yaml,c926cf8a3de22ecb83433ffcd068eeb14210e1637e92278bd5c6f3927f09f064
RWA_LEO500_B30_H1_L1_S052,rwa,SIM_rwa,LEO500,LEO500-B30-H1-L1,100124,train,0,4a91a800fa46,0.29128503822200713,0,3,1,data/raw/sim/rwa/RWA_LEO500_B30_H1_L1_S052.mat,configs/sim/sample/RWA_LEO500_B30_H1_L1_S052.yaml,
RWA_LEO500_B30_H1_L2_S053,rwa,SIM_rwa,LEO500,LEO500-B30-H1-L2,100131,holdout,0,ea77f51f3804,,,3,1,data/raw/sim/rwa/RWA_LEO500_B30_H1_L2_S053.mat,configs/sim/sample/RWA_LEO500_B30_H1_L2_S053.yaml,25fd21166ca7b18b65e1d6299c9ac7ee9f309b4a4264f044505e0c48fa1deec9
RWA_LEO500_B30_H1_L2_S054,rwa,SIM_rwa,LEO500,LEO500-B30-H1-L2,100132,train,0,520cb84cc3b5,0.3205065905965121,1,3,1,data/raw/sim/rwa/RWA_LEO500_B30_H1_L2_S054.mat,configs/sim/sample/RWA_LEO500_B30_H1_L2_S054.yaml,
RWA_LEO500_B30_H1_L2_S055,rwa,SIM_rwa,LEO500,LEO500-B30-H1-L2,100133,train,0,28ea4b91bb0c,0.15982506091954463,0,3,1,data/raw/sim/rwa/RWA_LEO500_B30_H1_L2_S055.mat,configs/sim/sample/RWA_LEO500_B30_H1_L2_S055.yaml,
RWA_LEO500_B30_H1_L2_S056,rwa,SIM_rwa,LEO500,LEO500-B30-H1-L2,100134,val,0,e814c8870198,0.9065671281437915,2,3,1,data/raw/sim/rwa/RWA_LEO500_B30_H1_L2_S056.mat,configs/sim/sample/RWA_LEO500_B30_H1_L2_S056.yaml,
RWA_LEO500_B30_H1_L3_S057,rwa,SIM_rwa,LEO500,LEO500-B30-H1-L3,100141,train,0,726cebdaae6a,0.4469745072259812,0,3,1,data/raw/sim/rwa/RWA_LEO500_B30_H1_L3_S057.mat,configs/sim/sample/RWA_LEO500_B30_H1_L3_S057.yaml,
RWA_LEO500_B30_H1_L3_S058,rwa,SIM_rwa,LEO500,LEO500-B30-H1-L3,100142,train,0,8d09694302cf,0.5509248531914714,1,3,1,data/raw/sim/rwa/RWA_LEO500_B30_H1_L3_S058.mat,configs/sim/sample/RWA_LEO500_B30_H1_L3_S058.yaml,
RWA_LEO500_B30_H1_L3_S059,rwa,SIM_rwa,LEO500,LEO500-B30-H1-L3,100143,holdout,0,8d16dd724b42,,,3,1,data/raw/sim/rwa/RWA_LEO500_B30_H1_L3_S059.mat,configs/sim/sample/RWA_LEO500_B30_H1_L3_S059.yaml,a682905db45638919bee6d2f91417e0ec871e546b296cbb013a7951696fda888
RWA_LEO500_B30_H1_L3_S060,rwa,SIM_rwa,LEO500,LEO500-B30-H1-L3,100144,val,0,ecb5f1152b14,0.9246512104683262,2,3,1,data/raw/sim/rwa/RWA_LEO500_B30_H1_L3_S060.mat,configs/sim/sample/RWA_LEO500_B30_H1_L3_S060.yaml,
RWA_LEO500_B30_H2_L1_S061,rwa,SIM_rwa,LEO500,LEO500-B30-H2-L1,100151,val,0,e13b6ef37c40,0.8798131317564639,2,3,1,data/raw/sim/rwa/RWA_LEO500_B30_H2_L1_S061.mat,configs/sim/sample/RWA_LEO500_B30_H2_L1_S061.yaml,
RWA_LEO500_B30_H2_L1_S062,rwa,SIM_rwa,LEO500,LEO500-B30-H2-L1,100152,train,0,91c3728d82f8,0.569388541744928,0,3,1,data/raw/sim/rwa/RWA_LEO500_B30_H2_L1_S062.mat,configs/sim/sample/RWA_LEO500_B30_H2_L1_S062.yaml,
RWA_LEO500_B30_H2_L1_S063,rwa,SIM_rwa,LEO500,LEO500-B30-H2-L1,100153,train,0,d86bccae627f,0.8453948903793354,1,3,1,data/raw/sim/rwa/RWA_LEO500_B30_H2_L1_S063.mat,configs/sim/sample/RWA_LEO500_B30_H2_L1_S063.yaml,
RWA_LEO500_B30_H2_L1_S064,rwa,SIM_rwa,LEO500,LEO500-B30-H2-L1,100154,holdout,0,b52ea4b8c140,,,3,1,data/raw/sim/rwa/RWA_LEO500_B30_H2_L1_S064.mat,configs/sim/sample/RWA_LEO500_B30_H2_L1_S064.yaml,fb1eac7a8898088c7f42b1f00b38d85353a10ae1d852d2092872ef0555191854
RWA_LEO500_B30_H2_L2_S065,rwa,SIM_rwa,LEO500,LEO500-B30-H2-L2,100161,train,0,5db04768f28f,0.36597105323977175,1,4,1,data/raw/sim/rwa/RWA_LEO500_B30_H2_L2_S065.mat,configs/sim/sample/RWA_LEO500_B30_H2_L2_S065.yaml,
RWA_LEO500_B30_H2_L2_S066,rwa,SIM_rwa,LEO500,LEO500-B30-H2-L2,100162,val,0,a44e3dea9492,0.6418188760477008,3,4,1,data/raw/sim/rwa/RWA_LEO500_B30_H2_L2_S066.mat,configs/sim/sample/RWA_LEO500_B30_H2_L2_S066.yaml,
RWA_LEO500_B30_H2_L2_S067,rwa,SIM_rwa,LEO500,LEO500-B30-H2-L2,100163,train,0,1afb2cabfe84,0.1053951187045783,0,4,1,data/raw/sim/rwa/RWA_LEO500_B30_H2_L2_S067.mat,configs/sim/sample/RWA_LEO500_B30_H2_L2_S067.yaml,
RWA_LEO500_B30_H2_L2_S068,rwa,SIM_rwa,LEO500,LEO500-B30-H2-L2,100164,train,0,6a83dabf7757,0.41607443975894043,2,4,1,data/raw/sim/rwa/RWA_LEO500_B30_H2_L2_S068.mat,configs/sim/sample/RWA_LEO500_B30_H2_L2_S068.yaml,
RWA_LEO500_B30_H2_L3_S069,rwa,SIM_rwa,LEO500,LEO500-B30-H2-L3,100171,train,0,a5e162485237,0.6479703356328308,1,3,1,data/raw/sim/rwa/RWA_LEO500_B30_H2_L3_S069.mat,configs/sim/sample/RWA_LEO500_B30_H2_L3_S069.yaml,
RWA_LEO500_B30_H2_L3_S070,rwa,SIM_rwa,LEO500,LEO500-B30-H2-L3,100172,val,0,c6c52b94a077,0.776446079049915,2,3,1,data/raw/sim/rwa/RWA_LEO500_B30_H2_L3_S070.mat,configs/sim/sample/RWA_LEO500_B30_H2_L3_S070.yaml,
RWA_LEO500_B30_H2_L3_S071,rwa,SIM_rwa,LEO500,LEO500-B30-H2-L3,100173,holdout,0,91e0be50b027,,,3,1,data/raw/sim/rwa/RWA_LEO500_B30_H2_L3_S071.mat,configs/sim/sample/RWA_LEO500_B30_H2_L3_S071.yaml,52844ea5a5f4f6ef9e76aad93b0eee9eddd6a645e138ef746781710ab2ceec51
RWA_LEO500_B30_H2_L3_S072,rwa,SIM_rwa,LEO500,LEO500-B30-H2-L3,100174,train,0,48bf5497bf2c,0.28416947083239563,0,3,1,data/raw/sim/rwa/RWA_LEO500_B30_H2_L3_S072.mat,configs/sim/sample/RWA_LEO500_B30_H2_L3_S072.yaml,
RWA_LEO500_B60_H0_L1_S073,rwa,SIM_rwa,LEO500,LEO500-B60-H0-L1,100181,train,0,21c8133734da,0.13195915315450435,0,3,1,data/raw/sim/rwa/RWA_LEO500_B60_H0_L1_S073.mat,configs/sim/sample/RWA_LEO500_B60_H0_L1_S073.yaml,
RWA_LEO500_B60_H0_L1_S074,rwa,SIM_rwa,LEO500,LEO500-B60-H0-L1,100182,val,0,82cee6f03064,0.5109695755385388,2,3,1,data/raw/sim/rwa/RWA_LEO500_B60_H0_L1_S074.mat,configs/sim/sample/RWA_LEO500_B60_H0_L1_S074.yaml,
RWA_LEO500_B60_H0_L1_S075,rwa,SIM_rwa,LEO500,LEO500-B60-H0-L1,100183,holdout,0,9b3fa18cc665,,,3,1,data/raw/sim/rwa/RWA_LEO500_B60_H0_L1_S075.mat,configs/sim/sample/RWA_LEO500_B60_H0_L1_S075.yaml,0cd26f18f5121860c79fdddd06a1832af2a9bec22b4a084305eb9fc29d227231
RWA_LEO500_B60_H0_L1_S076,rwa,SIM_rwa,LEO500,LEO500-B60-H0-L1,100184,train,0,757be0c82a7b,0.4589214790998817,1,3,1,data/raw/sim/rwa/RWA_LEO500_B60_H0_L1_S076.mat,configs/sim/sample/RWA_LEO500_B60_H0_L1_S076.yaml,
RWA_LEO500_B60_H0_L2_S077,rwa,SIM_rwa,LEO500,LEO500-B60-H0-L2,100191,train,0,9c6a6d11c9c9,0.610998932688549,2,4,1,data/raw/sim/rwa/RWA_LEO500_B60_H0_L2_S077.mat,configs/sim/sample/RWA_LEO500_B60_H0_L2_S077.yaml,
RWA_LEO500_B60_H0_L2_S078,rwa,SIM_rwa,LEO500,LEO500-B60-H0-L2,100192,train,0,33cd535fc78b,0.20235177124372328,1,4,1,data/raw/sim/rwa/RWA_LEO500_B60_H0_L2_S078.mat,configs/sim/sample/RWA_LEO500_B60_H0_L2_S078.yaml,
RWA_LEO500_B60_H0_L2_S079,rwa,SIM_rwa,LEO500,LEO500-B60-H0-L2,100193,train,0,1577e937ebe9,0.0838609468009146,0,4,1,data/raw/sim/rwa/RWA_LEO500_B60_H0_L2_S079.mat,configs/sim/sample/RWA_LEO500_B60_H0_L2_S079.yaml,
RWA_LEO500_B60_H0_L2_S080,rwa,SIM_rwa,LEO500,LEO500-B60-H0-L2,100194,val,0,9ed3460273fc,0.6204112773884702,3,4,1,data/raw/sim/rwa/RWA_LEO500_B60_H0_L2_S080.mat,configs/sim/sample/RWA_LEO500_B60_H0_L2_S080.yaml,
RWA_LEO500_B60_H0_L3_S081,rwa,SIM_rwa,LEO500,LEO500-B60-H0-L3,100201,holdout,0,1b6fbab1c082,,,3,1,data/raw/sim/rwa/RWA_LEO500_B60_H0_L3_S081.mat,configs/sim/sample/RWA_LEO500_B60_H0_L3_S081.yaml,106edaa8f6441bbae731e4162f75f1328e5262a86c4018e144218cec8962cb85
RWA_LEO500_B60_H0_L3_S082,rwa,SIM_rwa,LEO500,LEO500-B60-H0-L3,100202,train,0,4597b3d944ab,0.2718460469665551,1,3,1,data/raw/sim/rwa/RWA_LEO500_B60_H0_L3_S082.mat,configs/sim/sample/RWA_LEO500_B60_H0_L3_S082.yaml,
RWA_LEO500_B60_H0_L3_S083,rwa,SIM_rwa,LEO500,LEO500-B60-H0-L3,100203,val,0,874bbcb49071,0.5284994068937898,2,3,1,data/raw/sim/rwa/RWA_LEO500_B60_H0_L3_S083.mat,configs/sim/sample/RWA_LEO500_B60_H0_L3_S083.yaml,
RWA_LEO500_B60_H0_L3_S084,rwa,SIM_rwa,LEO500,LEO500-B60-H0-L3,100204,train,0,40d70a44ed4f,0.25328125174319993,0,3,1,data/raw/sim/rwa/RWA_LEO500_B60_H0_L3_S084.mat,configs/sim/sample/RWA_LEO500_B60_H0_L3_S084.yaml,
RWA_LEO500_B60_H1_L1_S085,rwa,SIM_rwa,LEO500,LEO500-B60-H1-L1,100211,holdout,0,4bf8c4ba86eb,,,3,1,data/raw/sim/rwa/RWA_LEO500_B60_H1_L1_S085.mat,configs/sim/sample/RWA_LEO500_B60_H1_L1_S085.yaml,112d6325fcaa5e29fa54c49b8928913896955f3f191ac5bb0527a44bdde528a6
RWA_LEO500_B60_H1_L1_S086,rwa,SIM_rwa,LEO500,LEO500-B60-H1-L1,100212,train,0,82232e354869,0.5083493118367279,1,3,1,data/raw/sim/rwa/RWA_LEO500_B60_H1_L1_S086.mat,configs/sim/sample/RWA_LEO500_B60_H1_L1_S086.yaml,
RWA_LEO500_B60_H1_L1_S087,rwa,SIM_rwa,LEO500,LEO500-B60-H1-L1,100213,train,0,2385c149aa2d,0.1387596897931651,0,3,1,data/raw/sim/rwa/RWA_LEO500_B60_H1_L1_S087.mat,configs/sim/sample/RWA_LEO500_B60_H1_L1_S087.yaml,
RWA_LEO500_B60_H1_L1_S088,rwa,SIM_rwa,LEO500,LEO500-B60-H1-L1,100214,val,0,d6c696913ce2,0.8389677147469072,2,3,1,data/raw/sim/rwa/RWA_LEO500_B60_H1_L1_S088.mat,configs/sim/sample/RWA_LEO500_B60_H1_L1_S088.yaml,
RWA_LEO500_B60_H1_L2_S089,rwa,SIM_rwa,LEO500,LEO500-B60-H1-L2,100221,train,0,31ed5c1d62ef,0.19502807347720008,0,3,1,data/raw/sim/rwa/RWA_LEO500_B60_H1_L2_S089.mat,configs/sim/sample/RWA_LEO500_B60_H1_L2_S089.yaml,
RWA_LEO500_B60_H1_L2_S090,rwa,SIM_rwa,LEO500,LEO500-B60-H1-L2,100222,train,0,5d81ad6b2107,0.3652599703355257,1,3,1,data/raw/sim/rwa/RWA_LEO500_B60_H1_L2_S090.mat,configs/sim/sample/RWA_LEO500_B60_H1_L2_S090.yaml,
RWA_LEO500_B60_H1_L2_S091,rwa,SIM_rwa,LEO500,LEO500-B60-H1-L2,100223,holdout,0,2f17f9dd116b,,,3,1,data/raw/sim/rwa/RWA_LEO500_B60_H1_L2_S091.mat,configs/sim/sample/RWA_LEO500_B60_H1_L2_S091.yaml,239f030971ef94b4dd83fed3804fc9f6725c6d9fbd6bef365f59d8f648c54458
RWA_LEO500_B60_H1_L2_S092,rwa,SIM_rwa,LEO500,LEO500-B60-H1-L2,100224,val,0,7772433b0007,0.4665872592013578,2,3,1,data/raw/sim/rwa/RWA_LEO500_B60_H1_L2_S092.mat,configs/sim/sample/RWA_LEO500_B60_H1_L2_S092.yaml,
RWA_LEO500_B60_H1_L3_S093,rwa,SIM_rwa,LEO500,LEO500-B60-H1-L3,100231,val,0,953006d5fbd5,0.5827640793248356,2,3,1,data/raw/sim/rwa/RWA_LEO500_B60_H1_L3_S093.mat,configs/sim/sample/RWA_LEO500_B60_H1_L3_S093.yaml,
RWA_LEO500_B60_H1_L3_S094,rwa,SIM_rwa,LEO500,LEO500-B60-H1-L3,100232,train,0,7f889799c35b,0.4981779814146243,0,3,1,data/raw/sim/rwa/RWA_LEO500_B60_H1_L3_S094.mat,configs/sim/sample/RWA_LEO500_B60_H1_L3_S094.yaml,
RWA_LEO500_B60_H1_L3_S095,rwa,SIM_rwa,LEO500,LEO500-B60-H1-L3,100233,train,0,93e09fa0074a,0.5776462331480516,1,3,1,data/raw/sim/rwa/RWA_LEO500_B60_H1_L3_S095.mat,configs/sim/sample/RWA_LEO500_B60_H1_L3_S095.yaml,
RWA_LEO500_B60_H1_L3_S096,rwa,SIM_rwa,LEO500,LEO500-B60-H1-L3,100234,holdout,0,80023f8d6ae6,,,3,1,data/raw/sim/rwa/RWA_LEO500_B60_H1_L3_S096.mat,configs/sim/sample/RWA_LEO500_B60_H1_L3_S096.yaml,d59b063569c70889726c13db30809982f29de3105947c480b635baab150772bd
RWA_LEO500_B60_H2_L1_S097,rwa,SIM_rwa,LEO500,LEO500-B60-H2-L1,100241,holdout,0,30c619fe9b8b,,,3,1,data/raw/sim/rwa/RWA_LEO500_B60_H2_L1_S097.mat,configs/sim/sample/RWA_LEO500_B60_H2_L1_S097.yaml,5326b977766d1434b92af6d44bb8b7231bb15f2a397b0feeb1e9b65a60183658
RWA_LEO500_B60_H2_L1_S098,rwa,SIM_rwa,LEO500,LEO500-B60-H2-L1,100242,train,0,9f4fe059070b,0.6223125665047,1,3,1,data/raw/sim/rwa/RWA_LEO500_B60_H2_L1_S098.mat,configs/sim/sample/RWA_LEO500_B60_H2_L1_S098.yaml,
RWA_LEO500_B60_H2_L1_S099,rwa,SIM_rwa,LEO500,LEO500-B60-H2-L1,100243,train,0,8427c06767d5,0.5162315609412254,0,3,1,data/raw/sim/rwa/RWA_LEO500_B60_H2_L1_S099.mat,configs/sim/sample/RWA_LEO500_B60_H2_L1_S099.yaml,
RWA_LEO500_B60_H2_L1_S100,rwa,SIM_rwa,LEO500,LEO500-B60-H2-L1,100244,val,0,b3db9f1d0ee6,0.7025699087088455,2,3,1,data/raw/sim/rwa/RWA_LEO500_B60_H2_L1_S100.mat,configs/sim/sample/RWA_LEO500_B60_H2_L1_S100.yaml,
RWA_LEO500_B60_H2_L2_S101,rwa,SIM_rwa,LEO500,LEO500-B60-H2-L2,100251,train,0,274302bc32ee,0.15336625189495834,0,4,1,data/raw/sim/rwa/RWA_LEO500_B60_H2_L2_S101.mat,configs/sim/sample/RWA_LEO500_B60_H2_L2_S101.yaml,
RWA_LEO500_B60_H2_L2_S102,rwa,SIM_rwa,LEO500,LEO500-B60-H2-L2,100252,train,0,b11f8bb24de8,0.6918875990212712,2,4,1,data/raw/sim/rwa/RWA_LEO500_B60_H2_L2_S102.mat,configs/sim/sample/RWA_LEO500_B60_H2_L2_S102.yaml,
RWA_LEO500_B60_H2_L2_S103,rwa,SIM_rwa,LEO500,LEO500-B60-H2-L2,100253,val,0,b991449adeec,0.7248728635885726,3,4,1,data/raw/sim/rwa/RWA_LEO500_B60_H2_L2_S103.mat,configs/sim/sample/RWA_LEO500_B60_H2_L2_S103.yaml,
RWA_LEO500_B60_H2_L2_S104,rwa,SIM_rwa,LEO500,LEO500-B60-H2-L2,100254,train,0,447c79de4d30,0.26752435376437234,1,4,1,data/raw/sim/rwa/RWA_LEO500_B60_H2_L2_S104.mat,configs/sim/sample/RWA_LEO500_B60_H2_L2_S104.yaml,
RWA_LEO500_B60_H2_L3_S105,rwa,SIM_rwa,LEO500,LEO500-B60-H2-L3,100261,val,0,cdb9d2b81e79,0.8036166858205185,2,3,1,data/raw/sim/rwa/RWA_LEO500_B60_H2_L3_S105.mat,configs/sim/sample/RWA_LEO500_B60_H2_L3_S105.yaml,
RWA_LEO500_B60_H2_L3_S106,rwa,SIM_rwa,LEO500,LEO500-B60-H2-L3,100262,holdout,0,9fb88f4ae9c6,,,3,1,data/raw/sim/rwa/RWA_LEO500_B60_H2_L3_S106.mat,configs/sim/sample/RWA_LEO500_B60_H2_L3_S106.yaml,6cea9161abe18857739f861d2637dc0e9ea3a6fcddb7508c6473e44706b9e6bb
RWA_LEO500_B60_H2_L3_S107,rwa,SIM_rwa,LEO500,LEO500-B60-H2-L3,100263,train,0,94682c44ef5a,0.5797145527170429,1,3,1,data/raw/sim/rwa/RWA_LEO500_B60_H2_L3_S107.mat,configs/sim/sample/RWA_LEO500_B60_H2_L3_S107.yaml,
RWA_LEO500_B60_H2_L3_S108,rwa,SIM_rwa,LEO500,LEO500-B60-H2-L3,100264,train,0,090741698455,0.035266960392920765,0,3,1,data/raw/sim/rwa/RWA_LEO500_B60_H2_L3_S108.mat,configs/sim/sample/RWA_LEO500_B60_H2_L3_S108.yaml,
RWA_LEO550_B00_H0_L1_S109,rwa,SIM_rwa,LEO550,LEO550-B00-H0-L1,100271,val,0,9e41b828c66d,0.6181902980373941,3,4,1,data/raw/sim/rwa/RWA_LEO550_B00_H0_L1_S109.mat,configs/sim/sample/RWA_LEO550_B00_H0_L1_S109.yaml,
RWA_LEO550_B00_H0_L1_S110,rwa,SIM_rwa,LEO550,LEO550-B00-H0-L1,100272,train,0,1a29de242178,0.10220135099504546,0,4,1,data/raw/sim/rwa/RWA_LEO550_B00_H0_L1_S110.mat,configs/sim/sample/RWA_LEO550_B00_H0_L1_S110.yaml,
RWA_LEO550_B00_H0_L1_S111,rwa,SIM_rwa,LEO550,LEO550-B00-H0-L1,100273,train,0,5a502e82c0e2,0.35278597538206924,1,4,1,data/raw/sim/rwa/RWA_LEO550_B00_H0_L1_S111.mat,configs/sim/sample/RWA_LEO550_B00_H0_L1_S111.yaml,
RWA_LEO550_B00_H0_L1_S112,rwa,SIM_rwa,LEO550,LEO550-B00-H0-L1,100274,train,0,753275957bb3,0.4578011980008334,2,4,1,data/raw/sim/rwa/RWA_LEO550_B00_H0_L1_S112.mat,configs/sim/sample/RWA_LEO550_B00_H0_L1_S112.yaml,
RWA_LEO550_B00_H0_L2_S113,rwa,SIM_rwa,LEO550,LEO550-B00-H0-L2,100281,train,0,ce8204355ea9,0.8066713934228211,1,3,1,data/raw/sim/rwa/RWA_LEO550_B00_H0_L2_S113.mat,configs/sim/sample/RWA_LEO550_B00_H0_L2_S113.yaml,
RWA_LEO550_B00_H0_L2_S114,rwa,SIM_rwa,LEO550,LEO550-B00-H0-L2,100282,val,0,fcea842c677b,0.9879534347923986,2,3,1,data/raw/sim/rwa/RWA_LEO550_B00_H0_L2_S114.mat,configs/sim/sample/RWA_LEO550_B00_H0_L2_S114.yaml,
RWA_LEO550_B00_H0_L2_S115,rwa,SIM_rwa,LEO550,LEO550-B00-H0-L2,100283,train,0,1e1135ccb80c,0.11745010612507656,0,3,1,data/raw/sim/rwa/RWA_LEO550_B00_H0_L2_S115.mat,configs/sim/sample/RWA_LEO550_B00_H0_L2_S115.yaml,
RWA_LEO550_B00_H0_L2_S116,rwa,SIM_rwa,LEO550,LEO550-B00-H0-L2,100284,holdout,0,5f61290dc13f,,,3,1,data/raw/sim/rwa/RWA_LEO550_B00_H0_L2_S116.mat,configs/sim/sample/RWA_LEO550_B00_H0_L2_S116.yaml,053df03c4f007a532e1572349f92204a7afbbbe53f664546d55c008059cc3ab0
RWA_LEO550_B00_H0_L3_S117,rwa,SIM_rwa,LEO550,LEO550-B00-H0-L3,100291,holdout,0,d6b4d634cf45,,,3,1,data/raw/sim/rwa/RWA_LEO550_B00_H0_L3_S117.mat,configs/sim/sample/RWA_LEO550_B00_H0_L3_S117.yaml,d60f8ee771cfa22fc71567da4b6f0a57e013f4a9d35c6987b09909b4a34da372
RWA_LEO550_B00_H0_L3_S118,rwa,SIM_rwa,LEO550,LEO550-B00-H0-L3,100292,train,0,8daf17cef68e,0.5534529571801201,0,3,1,data/raw/sim/rwa/RWA_LEO550_B00_H0_L3_S118.mat,configs/sim/sample/RWA_LEO550_B00_H0_L3_S118.yaml,
RWA_LEO550_B00_H0_L3_S119,rwa,SIM_rwa,LEO550,LEO550-B00-H0-L3,100293,train,0,bb7c40acc78f,0.7323646947693838,1,3,1,data/raw/sim/rwa/RWA_LEO550_B00_H0_L3_S119.mat,configs/sim/sample/RWA_LEO550_B00_H0_L3_S119.yaml,
RWA_LEO550_B00_H0_L3_S120,rwa,SIM_rwa,LEO550,LEO550-B00-H0-L3,100294,val,0,ff042e2db147,0.9961575376085214,2,3,1,data/raw/sim/rwa/RWA_LEO550_B00_H0_L3_S120.mat,configs/sim/sample/RWA_LEO550_B00_H0_L3_S120.yaml,
RWA_LEO550_B00_H1_L1_S121,rwa,SIM_rwa,LEO550,LEO550-B00-H1-L1,100301,val,0,b755bee6eeea,0.7161521257211589,3,4,1,data/raw/sim/rwa/RWA_LEO550_B00_H1_L1_S121.mat,configs/sim/sample/RWA_LEO550_B00_H1_L1_S121.yaml,
RWA_LEO550_B00_H1_L1_S122,rwa,SIM_rwa,LEO550,LEO550-B00-H1-L1,100302,train,0,63f426c8c534,0.3904442062532354,1,4,1,data/raw/sim/rwa/RWA_LEO550_B00_H1_L1_S122.mat,configs/sim/sample/RWA_LEO550_B00_H1_L1_S122.yaml,
RWA_LEO550_B00_H1_L1_S123,rwa,SIM_rwa,LEO550,LEO550-B00-H1-L1,100303,train,0,86a7d59b0be6,0.525998449662346,2,4,1,data/raw/sim/rwa/RWA_LEO550_B00_H1_L1_S123.mat,configs/sim/sample/RWA_LEO550_B00_H1_L1_S123.yaml,
RWA_LEO550_B00_H1_L1_S124,rwa,SIM_rwa,LEO550,LEO550-B00-H1-L1,100304,train,0,1fa907a2c485,0.12367294048137367,0,4,1,data/raw/sim/rwa/RWA_LEO550_B00_H1_L1_S124.mat,configs/sim/sample/RWA_LEO550_B00_H1_L1_S124.yaml,
RWA_LEO550_B00_H1_L2_S125,rwa,SIM_rwa,LEO550,LEO550-B00-H1-L2,100311,train,0,a5d1efbcbef1,0.647734626369985,1,3,1,data/raw/sim/rwa/RWA_LEO550_B00_H1_L2_S125.mat,configs/sim/sample/RWA_LEO550_B00_H1_L2_S125.yaml,
RWA_LEO550_B00_H1_L2_S126,rwa,SIM_rwa,LEO550,LEO550-B00-H1-L2,100312,val,0,bcb4e5dcd4a7,0.7371352829110513,2,3,1,data/raw/sim/rwa/RWA_LEO550_B00_H1_L2_S126.mat,configs/sim/sample/RWA_LEO550_B00_H1_L2_S126.yaml,
RWA_LEO550_B00_H1_L2_S127,rwa,SIM_rwa,LEO550,LEO550-B00-H1-L2,100313,train,0,85fbd0ee69bc,0.5233736593306588,0,3,1,data/raw/sim/rwa/RWA_LEO550_B00_H1_L2_S127.mat,configs/sim/sample/RWA_LEO550_B00_H1_L2_S127.yaml,
RWA_LEO550_B00_H1_L2_S128,rwa,SIM_rwa,LEO550,LEO550-B00-H1-L2,100314,holdout,0,cba390a39279,,,3,1,data/raw/sim/rwa/RWA_LEO550_B00_H1_L2_S128.mat,configs/sim/sample/RWA_LEO550_B00_H1_L2_S128.yaml,cf4ed888ceaaeb098e8faa0605eb60fb525c7220b5cecf0fb67f1979ee4790e3
RWA_LEO550_B00_H1_L3_S129,rwa,SIM_rwa,LEO550,LEO550-B00-H1-L3,100321,train,0,6444be9ad119,0.39167395858484966,1,3,1,data/raw/sim/rwa/RWA_LEO550_B00_H1_L3_S129.mat,configs/sim/sample/RWA_LEO550_B00_H1_L3_S129.yaml,
RWA_LEO550_B00_H1_L3_S130,rwa,SIM_rwa,LEO550,LEO550-B00-H1-L3,100322,train,0,0c9a26c17011,0.04922716353036449,0,3,1,data/raw/sim/rwa/RWA_LEO550_B00_H1_L3_S130.mat,configs/sim/sample/RWA_LEO550_B00_H1_L3_S130.yaml,
RWA_LEO550_B00_H1_L3_S131,rwa,SIM_rwa,LEO550,LEO550-B00-H1-L3,100323,holdout,0,a4331238440f,,,3,1,data/raw/sim/rwa/RWA_LEO550_B00_H1_L3_S131.mat,configs/sim/sample/RWA_LEO550_B00_H1_L3_S131.yaml,7ab1f710a4203f8d6d4ad45b542d61c98b60a65613978a743ec85ab58996c205
RWA_LEO550_B00_H1_L3_S132,rwa,SIM_rwa,LEO550,LEO550-B00-H1-L3,100324,val,0,ad9c1cefb79b,0.6781633458373157,2,3,1,data/raw/sim/rwa/RWA_LEO550_B00_H1_L3_S132.mat,configs/sim/sample/RWA_LEO550_B00_H1_L3_S132.yaml,
RWA_LEO550_B00_H2_L1_S133,rwa,SIM_rwa,LEO550,LEO550-B00-H2-L1,100331,train,0,209668bd3a01,0.12729506130017754,0,3,1,data/raw/sim/rwa/RWA_LEO550_B00_H2_L1_S133.mat,configs/sim/sample/RWA_LEO550_B00_H2_L1_S133.yaml,
RWA_LEO550_B00_H2_L1_S134,rwa,SIM_rwa,LEO550,LEO550-B00-H2-L1,100332,val,0,397c892be931,0.22455651590388825,2,3,1,data/raw/sim/rwa/RWA_LEO550_B00_H2_L1_S134.mat,configs/sim/sample/RWA_LEO550_B00_H2_L1_S134.yaml,
RWA_LEO550_B00_H2_L1_S135,rwa,SIM_rwa,LEO550,LEO550-B00-H2-L1,100333,train,0,389ed1f9fed2,0.22117340424922105,1,3,1,data/raw/sim/rwa/RWA_LEO550_B00_H2_L1_S135.mat,configs/sim/sample/RWA_LEO550_B00_H2_L1_S135.yaml,
RWA_LEO550_B00_H2_L1_S136,rwa,SIM_rwa,LEO550,LEO550-B00-H2-L1,100334,holdout,0,d5dac87adcff,,,3,1,data/raw/sim/rwa/RWA_LEO550_B00_H2_L1_S136.mat,configs/sim/sample/RWA_LEO550_B00_H2_L1_S136.yaml,5bb0bc0fedcb20cb873c95bd069e65a259a184678c0a96c66b6e1bceecd60950
RWA_LEO550_B00_H2_L2_S137,rwa,SIM_rwa,LEO550,LEO550-B00-H2-L2,100341,train,0,21b4245991ab,0.13165499865287345,1,3,1,data/raw/sim/rwa/RWA_LEO550_B00_H2_L2_S137.mat,configs/sim/sample/RWA_LEO550_B00_H2_L2_S137.yaml,
RWA_LEO550_B00_H2_L2_S138,rwa,SIM_rwa,LEO550,LEO550-B00-H2-L2,100342,train,0,0fab0574b3b1,0.06120332812469442,0,3,1,data/raw/sim/rwa/RWA_LEO550_B00_H2_L2_S138.mat,configs/sim/sample/RWA_LEO550_B00_H2_L2_S138.yaml,
RWA_LEO550_B00_H2_L2_S139,rwa,SIM_rwa,LEO550,LEO550-B00-H2-L2,100343,val,0,bca4ad1f4149,0.7368877602869226,2,3,1,data/raw/sim/rwa/RWA_LEO550_B00_H2_L2_S139.mat,configs/sim/sample/RWA_LEO550_B00_H2_L2_S139.yaml,
RWA_LEO550_B00_H2_L2_S140,rwa,SIM_rwa,LEO550,LEO550-B00-H2-L2,100344,holdout,0,e98d88fceefd,,,3,1,data/raw/sim/rwa/RWA_LEO550_B00_H2_L2_S140.mat,configs/sim/sample/RWA_LEO550_B00_H2_L2_S140.yaml,4961b696890c21524a44f1f44ffe743b94e530d9d6ba06fc33d709bbc7c88628
RWA_LEO550_B00_H2_L3_S141,rwa,SIM_rwa,LEO550,LEO550-B00-H2-L3,100351,val,0,eb4ae1fa25eb,0.9191113696778466,2,3,1,data/raw/sim/rwa/RWA_LEO550_B00_H2_L3_S141.mat,configs/sim/sample/RWA_LEO550_B00_H2_L3_S141.yaml,
RWA_LEO550_B00_H2_L3_S142,rwa,SIM_rwa,LEO550,LEO550-B00-H2-L3,100352,train,0,46e16da456fd,0.27687726270868396,0,3,1,data/raw/sim/rwa/RWA_LEO550_B00_H2_L3_S142.mat,configs/sim/sample/RWA_LEO550_B00_H2_L3_S142.yaml,
RWA_LEO550_B00_H2_L3_S143,rwa,SIM_rwa,LEO550,LEO550-B00-H2-L3,100353,holdout,0,eec7a1a01a18,,,3,1,data/raw/sim/rwa/RWA_LEO550_B00_H2_L3_S143.mat,configs/sim/sample/RWA_LEO550_B00_H2_L3_S143.yaml,69f558ec6e4ca489d6012f6f966973f91614ac8edcb4f1610b6ee6e3381ce82c
RWA_LEO550_B00_H2_L3_S144,rwa,SIM_rwa,LEO550,LEO550-B00-H2-L3,100354,train,0,7fcc214a1c09,0.49920852717699304,1,3,1,data/raw/sim/rwa/RWA_LEO550_B00_H2_L3_S144.mat,configs/sim/sample/RWA_LEO550_B00_H2_L3_S144.yaml,
RWA_LEO550_B30_H0_L1_S145,rwa,SIM_rwa,LEO550,LEO550-B30-H0-L1,100361,train,0,ba5f2c4f18d6,0.7280147259815166,2,4,1,data/raw/sim/rwa/RWA_LEO550_B30_H0_L1_S145.mat,configs/sim/sample/RWA_LEO550_B30_H0_L1_S145.yaml,
RWA_LEO550_B30_H0_L1_S146,rwa,SIM_rwa,LEO550,LEO550-B30-H0-L1,100362,train,0,19ec7c1f8626,0.1012647225344594,0,4,1,data/raw/sim/rwa/RWA_LEO550_B30_H0_L1_S146.mat,configs/sim/sample/RWA_LEO550_B30_H0_L1_S146.yaml,
RWA_LEO550_B30_H0_L1_S147,rwa,SIM_rwa,LEO550,LEO550-B30-H0-L1,100363,train,0,a6e29248828c,0.6518947054888002,1,4,1,data/raw/sim/rwa/RWA_LEO550_B30_H0_L1_S147.mat,configs/sim/sample/RWA_LEO550_B30_H0_L1_S147.yaml,
RWA_LEO550_B30_H0_L1_S148,rwa,SIM_rwa,LEO550,LEO550-B30-H0-L1,100364,val,0,ed9f443170a9,0.9282114620879476,3,4,1,data/raw/sim/rwa/RWA_LEO550_B30_H0_L1_S148.mat,configs/sim/sample/RWA_LEO550_B30_H0_L1_S148.yaml,
RWA_LEO550_B30_H0_L2_S149,rwa,SIM_rwa,LEO550,LEO550-B30-H0-L2,100371,train,0,d8eaf5c4e7d6,0.8473352056242547,1,3,1,data/raw/sim/rwa/RWA_LEO550_B30_H0_L2_S149.mat,configs/sim/sample/RWA_LEO550_B30_H0_L2_S149.yaml,
RWA_LEO550_B30_H0_L2_S150,rwa,SIM_rwa,LEO550,LEO550-B30-H0-L2,100372,val,0,ee472253fc18,0.9307729201355812,2,3,1,data/raw/sim/rwa/RWA_LEO550_B30_H0_L2_S150.mat,configs/sim/sample/RWA_LEO550_B30_H0_L2_S150.yaml,
RWA_LEO550_B30_H0_L2_S151,rwa,SIM_rwa,LEO550,LEO550-B30-H0-L2,100373,train,0,1f80edcbc41f,0.12306104874380352,0,3,1,data/raw/sim/rwa/RWA_LEO550_B30_H0_L2_S151.mat,configs/sim/sample/RWA_LEO550_B30_H0_L2_S151.yaml,
RWA_LEO550_B30_H0_L2_S152,rwa,SIM_rwa,LEO550,LEO550-B30-H0-L2,100374,holdout,0,d1ca15033329,,,3,1,data/raw/sim/rwa/RWA_LEO550_B30_H0_L2_S152.mat,configs/sim/sample/RWA_LEO550_B30_H0_L2_S152.yaml,653a43d64f7bb58a1d3645e87ac673483663206d175327312ac1f00004bc449e
RWA_LEO550_B30_H0_L3_S153,rwa,SIM_rwa,LEO550,LEO550-B30-H0-L3,100381,train,0,94edbd6f0b05,0.5817526241398987,1,4,1,data/raw/sim/rwa/RWA_LEO550_B30_H0_L3_S153.mat,configs/sim/sample/RWA_LEO550_B30_H0_L3_S153.yaml,
RWA_LEO550_B30_H0_L3_S154,rwa,SIM_rwa,LEO550,LEO550-B30-H0-L3,100382,train,0,a82ff21d56d8,0.6569815942410457,2,4,1,data/raw/sim/rwa/RWA_LEO550_B30_H0_L3_S154.mat,configs/sim/sample/RWA_LEO550_B30_H0_L3_S154.yaml,
RWA_LEO550_B30_H0_L3_S155,rwa,SIM_rwa,LEO550,LEO550-B30-H0-L3,100383,train,0,28ef24ee4617,0.15989905183058895,0,4,1,data/raw/sim/rwa/RWA_LEO550_B30_H0_L3_S155.mat,configs/sim/sample/RWA_LEO550_B30_H0_L3_S155.yaml,
RWA_LEO550_B30_H0_L3_S156,rwa,SIM_rwa,LEO550,LEO550-B30-H0-L3,100384,val,0,fbdd61915dab,0.9838467578789896,3,4,1,data/raw/sim/rwa/RWA_LEO550_B30_H0_L3_S156.mat,configs/sim/sample/RWA_LEO550_B30_H0_L3_S156.yaml,
RWA_LEO550_B30_H1_L1_S157,rwa,SIM_rwa,LEO550,LEO550-B30-H1-L1,100391,holdout,0,3b970a0d4d3a,,,3,1,data/raw/sim/rwa/RWA_LEO550_B30_H1_L1_S157.mat,configs/sim/sample/RWA_LEO550_B30_H1_L1_S157.yaml,f9c746220f3e0ddd3ca849a3b0b05ed0ab275b573fa2451191e22fd5426b75c1
RWA_LEO550_B30_H1_L1_S158,rwa,SIM_rwa,LEO550,LEO550-B30-H1-L1,100392,train,0,50df3d7a7cbe,0.3159063743630597,0,3,1,data/raw/sim/rwa/RWA_LEO550_B30_H1_L1_S158.mat,configs/sim/sample/RWA_LEO550_B30_H1_L1_S158.yaml,
RWA_LEO550_B30_H1_L1_S159,rwa,SIM_rwa,LEO550,LEO550-B30-H1-L1,100393,val,0,e5160777418e,0.8948673883583567,2,3,1,data/raw/sim/rwa/RWA_LEO550_B30_H1_L1_S159.mat,configs/sim/sample/RWA_LEO550_B30_H1_L1_S159.yaml,
RWA_LEO550_B30_H1_L1_S160,rwa,SIM_rwa,LEO550,LEO550-B30-H1-L1,100394,train,0,b0cecf50481d,0.6906556674003816,1,3,1,data/raw/sim/rwa/RWA_LEO550_B30_H1_L1_S160.mat,configs/sim/sample/RWA_LEO550_B30_H1_L1_S160.yaml,
RWA_LEO550_B30_H1_L2_S161,rwa,SIM_rwa,LEO550,LEO550-B30-H1-L2,100401,train,0,d314ec1d2b39,0.8245379992688164,2,4,1,data/raw/sim/rwa/RWA_LEO550_B30_H1_L2_S161.mat,configs/sim/sample/RWA_LEO550_B30_H1_L2_S161.yaml,
RWA_LEO550_B30_H1_L2_S162,rwa,SIM_rwa,LEO550,LEO550-B30-H1-L2,100402,train,0,1f1c6fa0fa59,0.12152764968991292,0,4,1,data/raw/sim/rwa/RWA_LEO550_B30_H1_L2_S162.mat,configs/sim/sample/RWA_LEO550_B30_H1_L2_S162.yaml,
RWA_LEO550_B30_H1_L2_S163,rwa,SIM_rwa,LEO550,LEO550-B30-H1-L2,100403,val,0,e08a7b5f021f,0.8771130663827726,3,4,1,data/raw/sim/rwa/RWA_LEO550_B30_H1_L2_S163.mat,configs/sim/sample/RWA_LEO550_B30_H1_L2_S163.yaml,
RWA_LEO550_B30_H1_L2_S164,rwa,SIM_rwa,LEO550,LEO550-B30-H1-L2,100404,train,0,8e3b0f8f7dc3,0.5555886960335208,1,4,1,data/raw/sim/rwa/RWA_LEO550_B30_H1_L2_S164.mat,configs/sim/sample/RWA_LEO550_B30_H1_L2_S164.yaml,
RWA_LEO550_B30_H1_L3_S165,rwa,SIM_rwa,LEO550,LEO550-B30-H1-L3,100411,train,0,54a615c3361b,0.33065925613309943,0,4,1,data/raw/sim/rwa/RWA_LEO550_B30_H1_L3_S165.mat,configs/sim/sample/RWA_LEO550_B30_H1_L3_S165.yaml,
RWA_LEO550_B30_H1_L3_S166,rwa,SIM_rwa,LEO550,LEO550-B30-H1-L3,100412,train,0,b75ba78874b7,0.7162422855514841,2,4,1,data/raw/sim/rwa/RWA_LEO550_B30_H1_L3_S166.mat,configs/sim/sample/RWA_LEO550_B30_H1_L3_S166.yaml,
RWA_LEO550_B30_H1_L3_S167,rwa,SIM_rwa,LEO550,LEO550-B30-H1-L3,100413,train,0,75ff2371e4d1,0.4609243538914747,1,4,1,data/raw/sim/rwa/RWA_LEO550_B30_H1_L3_S167.mat,configs/sim/sample/RWA_LEO550_B30_H1_L3_S167.yaml,
RWA_LEO550_B30_H1_L3_S168,rwa,SIM_rwa,LEO550,LEO550-B30-H1-L3,100414,val,0,ebb96dca6f24,0.9207981700157148,3,4,1,data/raw/sim/rwa/RWA_LEO550_B30_H1_L3_S168.mat,configs/sim/sample/RWA_LEO550_B30_H1_L3_S168.yaml,
RWA_LEO550_B30_H2_L1_S169,rwa,SIM_rwa,LEO550,LEO550-B30-H2-L1,100421,train,0,22fc24b50740,0.13665990275990225,0,3,1,data/raw/sim/rwa/RWA_LEO550_B30_H2_L1_S169.mat,configs/sim/sample/RWA_LEO550_B30_H2_L1_S169.yaml,
RWA_LEO550_B30_H2_L1_S170,rwa,SIM_rwa,LEO550,LEO550-B30-H2-L1,100422,train,0,3919bad288cb,0.22304885520933837,1,3,1,data/raw/sim/rwa/RWA_LEO550_B30_H2_L1_S170.mat,configs/sim/sample/RWA_LEO550_B30_H2_L1_S170.yaml,
RWA_LEO550_B30_H2_L1_S171,rwa,SIM_rwa,LEO550,LEO550-B30-H2-L1,100423,val,0,9a9b48478cd4,0.6039319204981695,2,3,1,data/raw/sim/rwa/RWA_LEO550_B30_H2_L1_S171.mat,configs/sim/sample/RWA_LEO550_B30_H2_L1_S171.yaml,
RWA_LEO550_B30_H2_L1_S172,rwa,SIM_rwa,LEO550,LEO550-B30-H2-L1,100424,holdout,0,5f087accaea7,,,3,1,data/raw/sim/rwa/RWA_LEO550_B30_H2_L1_S172.mat,configs/sim/sample/RWA_LEO550_B30_H2_L1_S172.yaml,e7c1b8575ecc604ae139423c3020f0b1416ff07f97ca998889b3786320b66013
RWA_LEO550_B30_H2_L2_S173,rwa,SIM_rwa,LEO550,LEO550-B30-H2-L2,100431,holdout,0,4a021a22343a,,,3,1,data/raw/sim/rwa/RWA_LEO550_B30_H2_L2_S173.mat,configs/sim/sample/RWA_LEO550_B30_H2_L2_S173.yaml,5945efba4fdfe1849bb46e687bb570a74788ed5fe9d940ba6c7e857fc35a822c
RWA_LEO550_B30_H2_L2_S174,rwa,SIM_rwa,LEO550,LEO550-B30-H2-L2,100432,train,0,4db7d05171c9,0.3035860251273199,1,3,1,data/raw/sim/rwa/RWA_LEO550_B30_H2_L2_S174.mat,configs/sim/sample/RWA_LEO550_B30_H2_L2_S174.yaml,
RWA_LEO550_B30_H2_L2_S175,rwa,SIM_rwa,LEO550,LEO550-B30-H2-L2,100433,val,0,a9bb87536f0e,0.6630177096076793,2,3,1,data/raw/sim/rwa/RWA_LEO550_B30_H2_L2_S175.mat,configs/sim/sample/RWA_LEO550_B30_H2_L2_S175.yaml,
RWA_LEO550_B30_H2_L2_S176,rwa,SIM_rwa,LEO550,LEO550-B30-H2-L2,100434,train,0,4855886989c5,0.2825551278745202,0,3,1,data/raw/sim/rwa/RWA_LEO550_B30_H2_L2_S176.mat,configs/sim/sample/RWA_LEO550_B30_H2_L2_S176.yaml,
RWA_LEO550_B30_H2_L3_S177,rwa,SIM_rwa,LEO550,LEO550-B30-H2-L3,100441,val,0,edc730dd4207,0.9288206615620105,3,4,1,data/raw/sim/rwa/RWA_LEO550_B30_H2_L3_S177.mat,configs/sim/sample/RWA_LEO550_B30_H2_L3_S177.yaml,
RWA_LEO550_B30_H2_L3_S178,rwa,SIM_rwa,LEO550,LEO550-B30-H2-L3,100442,train,0,06bbc333a934,0.026302528488670873,0,4,1,data/raw/sim/rwa/RWA_LEO550_B30_H2_L3_S178.mat,configs/sim/sample/RWA_LEO550_B30_H2_L3_S178.yaml,
RWA_LEO550_B30_H2_L3_S179,rwa,SIM_rwa,LEO550,LEO550-B30-H2-L3,100443,train,0,9c9090db75b2,0.6115808997908019,2,4,1,data/raw/sim/rwa/RWA_LEO550_B30_H2_L3_S179.mat,configs/sim/sample/RWA_LEO550_B30_H2_L3_S179.yaml,
RWA_LEO550_B30_H2_L3_S180,rwa,SIM_rwa,LEO550,LEO550-B30-H2-L3,100444,train,0,835ae10badfb,0.5131054547800709,1,4,1,data/raw/sim/rwa/RWA_LEO550_B30_H2_L3_S180.mat,configs/sim/sample/RWA_LEO550_B30_H2_L3_S180.yaml,
RWA_LEO550_B60_H0_L1_S181,rwa,SIM_rwa,LEO550,LEO550-B60-H0-L1,100451,val,0,ead61499cfa7,0.9173291087642177,2,3,1,data/raw/sim/rwa/RWA_LEO550_B60_H0_L1_S181.mat,configs/sim/sample/RWA_LEO550_B60_H0_L1_S181.yaml,
RWA_LEO550_B60_H0_L1_S182,rwa,SIM_rwa,LEO550,LEO550-B60-H0-L1,100452,holdout,0,31dca73461ac,,,3,1,data/raw/sim/rwa/RWA_LEO550_B60_H0_L1_S182.mat,configs/sim/sample/RWA_LEO550_B60_H0_L1_S182.yaml,8455f6fb2e78013d81e2780b0e7eef5cc713bd1af705aab3a2ca8a4c19b1ed60
RWA_LEO550_B60_H0_L1_S183,rwa,SIM_rwa,LEO550,LEO550-B60-H0-L1,100453,train,0,4eb56435aca6,0.307455313781837,1,3,1,data/raw/sim/rwa/RWA_LEO550_B60_H0_L1_S183.mat,configs/sim/sample/RWA_LEO550_B60_H0_L1_S183.yaml,
RWA_LEO550_B60_H0_L1_S184,rwa,SIM_rwa,LEO550,LEO550-B60-H0-L1,100454,train,0,4e64f2fb6743,0.3062278617646932,0,3,1,data/raw/sim/rwa/RWA_LEO550_B60_H0_L1_S184.mat,configs/sim/sample/RWA_LEO550_B60_H0_L1_S184.yaml,
RWA_LEO550_B60_H0_L2_S185,rwa,SIM_rwa,LEO550,LEO550-B60-H0-L2,100461,holdout,0,2b65f4eb2983,,,3,1,data/raw/sim/rwa/RWA_LEO550_B60_H0_L2_S185.mat,configs/sim/sample/RWA_LEO550_B60_H0_L2_S185.yaml,64143283af409391c14cd4530930d1ee4f1d287142febd9737ebd56ccbc1ba48
RWA_LEO550_B60_H0_L2_S186,rwa,SIM_rwa,LEO550,LEO550-B60-H0-L2,100462,train,0,4c7932bc3214,0.29872433752650807,1,3,1,data/raw/sim/rwa/RWA_LEO550_B60_H0_L2_S186.mat,configs/sim/sample/RWA_LEO550_B60_H0_L2_S186.yaml,
RWA_LEO550_B60_H0_L2_S187,rwa,SIM_rwa,LEO550,LEO550-B60-H0-L2,100463,train,0,1e5d3f5c284f,0.11861034393251302,0,3,1,data/raw/sim/rwa/RWA_LEO550_B60_H0_L2_S187.mat,configs/sim/sample/RWA_LEO550_B60_H0_L2_S187.yaml,
RWA_LEO550_B60_H0_L2_S188,rwa,SIM_rwa,LEO550,LEO550-B60-H0-L2,100464,val,0,6409ae6d0c88,0.3907727256996907,2,3,1,data/raw/sim/rwa/RWA_LEO550_B60_H0_L2_S188.mat,configs/sim/sample/RWA_LEO550_B60_H0_L2_S188.yaml,
RWA_LEO550_B60_H0_L3_S189,rwa,SIM_rwa,LEO550,LEO550-B60-H0-L3,100471,train,0,415ed20a0375,0.2553530954787284,2,4,1,data/raw/sim/rwa/RWA_LEO550_B60_H0_L3_S189.mat,configs/sim/sample/RWA_LEO550_B60_H0_L3_S189.yaml,
RWA_LEO550_B60_H0_L3_S190,rwa,SIM_rwa,LEO550,LEO550-B60-H0-L3,100472,val,0,ddc57c86580b,0.8662946537006455,3,4,1,data/raw/sim/rwa/RWA_LEO550_B60_H0_L3_S190.mat,configs/sim/sample/RWA_LEO550_B60_H0_L3_S190.yaml,
RWA_LEO550_B60_H0_L3_S191,rwa,SIM_rwa,LEO550,LEO550-B60-H0-L3,100473,train,0,39d64e2f87c8,0.22592629108820006,1,4,1,data/raw/sim/rwa/RWA_LEO550_B60_H0_L3_S191.mat,configs/sim/sample/RWA_LEO550_B60_H0_L3_S191.yaml,
RWA_LEO550_B60_H0_L3_S192,rwa,SIM_rwa,LEO550,LEO550-B60-H0-L3,100474,train,0,0fb65ba7f14d,0.06137631273422883,0,4,1,data/raw/sim/rwa/RWA_LEO550_B60_H0_L3_S192.mat,configs/sim/sample/RWA_LEO550_B60_H0_L3_S192.yaml,
RWA_LEO550_B60_H1_L1_S193,rwa,SIM_rwa,LEO550,LEO550-B60-H1-L1,100481,train,0,8dd214d66515,0.5539868377137118,1,3,1,data/raw/sim/rwa/RWA_LEO550_B60_H1_L1_S193.mat,configs/sim/sample/RWA_LEO550_B60_H1_L1_S193.yaml,
RWA_LEO550_B60_H1_L1_S194,rwa,SIM_rwa,LEO550,LEO550-B60-H1-L1,100482,train,0,192f03afe5c1,0.09837363285419443,0,3,1,data/raw/sim/rwa/RWA_LEO550_B60_H1_L1_S194.mat,configs/sim/sample/RWA_LEO550_B60_H1_L1_S194.yaml,
RWA_LEO550_B60_H1_L1_S195,rwa,SIM_rwa,LEO550,LEO550-B60-H1-L1,100483,holdout,0,98753347d344,,,3,1,data/raw/sim/rwa/RWA_LEO550_B60_H1_L1_S195.mat,configs/sim/sample/RWA_LEO550_B60_H1_L1_S195.yaml,35f69d6cac270bde7129bb3a6b047e42e7a97056b7c187fdeeca36676d2c927c
RWA_LEO550_B60_H1_L1_S196,rwa,SIM_rwa,LEO550,LEO550-B60-H1-L1,100484,val,0,9ab631580b0d,0.6043425407361163,2,3,1,data/raw/sim/rwa/RWA_LEO550_B60_H1_L1_S196.mat,configs/sim/sample/RWA_LEO550_B60_H1_L1_S196.yaml,
RWA_LEO550_B60_H1_L2_S197,rwa,SIM_rwa,LEO550,LEO550-B60-H1-L2,100491,holdout,0,b673963cad50,,,3,1,data/raw/sim/rwa/RWA_LEO550_B60_H1_L2_S197.mat,configs/sim/sample/RWA_LEO550_B60_H1_L2_S197.yaml,cbbc91b345f6c2b1f1117f85ac7bcf3c69e8aff1324f2aea1bf8e8ff4d819d25
RWA_LEO550_B60_H1_L2_S198,rwa,SIM_rwa,LEO550,LEO550-B60-H1-L2,100492,train,0,b2e97395d397,0.6988746872699174,1,3,1,data/raw/sim/rwa/RWA_LEO550_B60_H1_L2_S198.mat,configs/sim/sample/RWA_LEO550_B60_H1_L2_S198.yaml,
RWA_LEO550_B60_H1_L2_S199,rwa,SIM_rwa,LEO550,LEO550-B60-H1-L2,100493,train,0,78172ca88d4b,0.46910361399686096,0,3,1,data/raw/sim/rwa/RWA_LEO550_B60_H1_L2_S199.mat,configs/sim/sample/RWA_LEO550_B60_H1_L2_S199.yaml,
RWA_LEO550_B60_H1_L2_S200,rwa,SIM_rwa,LEO550,LEO550-B60-H1-L2,100494,val,0,bf7820a39409,0.7479267501221649,2,3,1,data/raw/sim/rwa/RWA_LEO550_B60_H1_L2_S200.mat,configs/sim/sample/RWA_LEO550_B60_H1_L2_S200.yaml,
RWA_LEO550_B60_H1_L3_S201,rwa,SIM_rwa,LEO550,LEO550-B60-H1-L3,100501,train,0,2d0d58f8f5a7,0.17598491743197187,0,3,1,data/raw/sim/rwa/RWA_LEO550_B60_H1_L3_S201.mat,configs/sim/sample/RWA_LEO550_B60_H1_L3_S201.yaml,
RWA_LEO550_B60_H1_L3_S202,rwa,SIM_rwa,LEO550,LEO550-B60-H1-L3,100502,train,0,7b86e1015a33,0.4825268390943158,1,3,1,data/raw/sim/rwa/RWA_LEO550_B60_H1_L3_S202.mat,configs/sim/sample/RWA_LEO550_B60_H1_L3_S202.yaml,
RWA_LEO550_B60_H1_L3_S203,rwa,SIM_rwa,LEO550,LEO550-B60-H1-L3,100503,holdout,0,c299aebcb572,,,3,1,data/raw/sim/rwa/RWA_LEO550_B60_H1_L3_S203.mat,configs/sim/sample/RWA_LEO550_B60_H1_L3_S203.yaml,4f37fdccfb4532d12bf2d775904dca562feaa5e2b24f1e366cc61671b8ebfd5b
RWA_LEO550_B60_H1_L3_S204,rwa,SIM_rwa,LEO550,LEO550-B60-H1-L3,100504,val,0,f7b6df0769a1,0.9676341431710433,2,3,1,data/raw/sim/rwa/RWA_LEO550_B60_H1_L3_S204.mat,configs/sim/sample/RWA_LEO550_B60_H1_L3_S204.yaml,
RWA_LEO550_B60_H2_L1_S205,rwa,SIM_rwa,LEO550,LEO550-B60-H2-L1,100511,val,0,1883444a7918,0.09575297182263398,2,3,1,data/raw/sim/rwa/RWA_LEO550_B60_H2_L1_S205.mat,configs/sim/sample/RWA_LEO550_B60_H2_L1_S205.yaml,
RWA_LEO550_B60_H2_L1_S206,rwa,SIM_rwa,LEO550,LEO550-B60-H2-L1,100512,train,0,0b1dcc67c91c,0.04342343839481089,0,3,1,data/raw/sim/rwa/RWA_LEO550_B60_H2_L1_S206.mat,configs/sim/sample/RWA_LEO550_B60_H2_L1_S206.yaml,
RWA_LEO550_B60_H2_L1_S207,rwa,SIM_rwa,LEO550,LEO550-B60-H2-L1,100513,train,0,0de6e6cfd069,0.05430452893816451,1,3,1,data/raw/sim/rwa/RWA_LEO550_B60_H2_L1_S207.mat,configs/sim/sample/RWA_LEO550_B60_H2_L1_S207.yaml,
RWA_LEO550_B60_H2_L1_S208,rwa,SIM_rwa,LEO550,LEO550-B60-H2-L1,100514,holdout,0,332d17ec5bfc,,,3,1,data/raw/sim/rwa/RWA_LEO550_B60_H2_L1_S208.mat,configs/sim/sample/RWA_LEO550_B60_H2_L1_S208.yaml,ed63db8fd3ceada3db4899a5e8d40b3b67f4ceb2f51d956ea7212e9eb11f5a72
RWA_LEO550_B60_H2_L2_S209,rwa,SIM_rwa,LEO550,LEO550-B60-H2-L2,100521,holdout,0,a69bec72ab4a,,,3,1,data/raw/sim/rwa/RWA_LEO550_B60_H2_L2_S209.mat,configs/sim/sample/RWA_LEO550_B60_H2_L2_S209.yaml,3ab27713e5876bff10b08e9481d3461c1ef9e7c529aef8a495da02d317065f16
RWA_LEO550_B60_H2_L2_S210,rwa,SIM_rwa,LEO550,LEO550-B60-H2-L2,100522,train,0,8eabb7ea78ff,0.5573077151720973,1,3,1,data/raw/sim/rwa/RWA_LEO550_B60_H2_L2_S210.mat,configs/sim/sample/RWA_LEO550_B60_H2_L2_S210.yaml,
RWA_LEO550_B60_H2_L2_S211,rwa,SIM_rwa,LEO550,LEO550-B60-H2-L2,100523,val,0,a388adc2ba0e,0.6388043022544068,2,3,1,data/raw/sim/rwa/RWA_LEO550_B60_H2_L2_S211.mat,configs/sim/sample/RWA_LEO550_B60_H2_L2_S211.yaml,
RWA_LEO550_B60_H2_L2_S212,rwa,SIM_rwa,LEO550,LEO550-B60-H2-L2,100524,train,0,4db44efe3dfa,0.3035325403888933,0,3,1,data/raw/sim/rwa/RWA_LEO550_B60_H2_L2_S212.mat,configs/sim/sample/RWA_LEO550_B60_H2_L2_S212.yaml,
RWA_LEO550_B60_H2_L3_S213,rwa,SIM_rwa,LEO550,LEO550-B60-H2-L3,100531,train,0,a94315715b4d,0.6611798669576281,1,4,1,data/raw/sim/rwa/RWA_LEO550_B60_H2_L3_S213.mat,configs/sim/sample/RWA_LEO550_B60_H2_L3_S213.yaml,
RWA_LEO550_B60_H2_L3_S214,rwa,SIM_rwa,LEO550,LEO550-B60-H2-L3,100532,train,0,ba1f206a75f9,0.727037454596914,2,4,1,data/raw/sim/rwa/RWA_LEO550_B60_H2_L3_S214.mat,configs/sim/sample/RWA_LEO550_B60_H2_L3_S214.yaml,
RWA_LEO550_B60_H2_L3_S215,rwa,SIM_rwa,LEO550,LEO550-B60-H2-L3,100533,val,0,ff2c45a96f24,0.9967692888887001,3,4,1,data/raw/sim/rwa/RWA_LEO550_B60_H2_L3_S215.mat,configs/sim/sample/RWA_LEO550_B60_H2_L3_S215.yaml,
RWA_LEO550_B60_H2_L3_S216,rwa,SIM_rwa,LEO550,LEO550-B60-H2-L3,100534,train,0,20ce0ee1295a,0.1281441974364057,0,4,1,data/raw/sim/rwa/RWA_LEO550_B60_H2_L3_S216.mat,configs/sim/sample/RWA_LEO550_B60_H2_L3_S216.yaml,
RWA_LEO700_B00_H0_L1_S217,rwa,SIM_rwa,LEO700,LEO700-B00-H0-L1,100541,val,0,f06c4df1017f,0.9391525948899435,3,4,1,data/raw/sim/rwa/RWA_LEO700_B00_H0_L1_S217.mat,configs/sim/sample/RWA_LEO700_B00_H0_L1_S217.yaml,
RWA_LEO700_B00_H0_L1_S218,rwa,SIM_rwa,LEO700,LEO700-B00-H0-L1,100542,train,0,4aee6cd8e085,0.2927005795941291,1,4,1,data/raw/sim/rwa/RWA_LEO700_B00_H0_L1_S218.mat,configs/sim/sample/RWA_LEO700_B00_H0_L1_S218.yaml,
RWA_LEO700_B00_H0_L1_S219,rwa,SIM_rwa,LEO700,LEO700-B00-H0-L1,100543,train,0,2a1fdd910728,0.16454872885438476,0,4,1,data/raw/sim/rwa/RWA_LEO700_B00_H0_L1_S219.mat,configs/sim/sample/RWA_LEO700_B00_H0_L1_S219.yaml,
RWA_LEO700_B00_H0_L1_S220,rwa,SIM_rwa,LEO700,LEO700-B00-H0-L1,100544,train,0,9c25a4d6f12e,0.609949400402165,2,4,1,data/raw/sim/rwa/RWA_LEO700_B00_H0_L1_S220.mat,configs/sim/sample/RWA_LEO700_B00_H0_L1_S220.yaml,
RWA_LEO700_B00_H0_L2_S221,rwa,SIM_rwa,LEO700,LEO700-B00-H0-L2,100551,train,0,bfe0c8869778,0.7495236710160214,0,3,1,data/raw/sim/rwa/RWA_LEO700_B00_H0_L2_S221.mat,configs/sim/sample/RWA_LEO700_B00_H0_L2_S221.yaml,
RWA_LEO700_B00_H0_L2_S222,rwa,SIM_rwa,LEO700,LEO700-B00-H0-L2,100552,holdout,0,8874577a6828,,,3,1,data/raw/sim/rwa/RWA_LEO700_B00_H0_L2_S222.mat,configs/sim/sample/RWA_LEO700_B00_H0_L2_S222.yaml,4cd674fa4a1dc129514cd03c53659313b5ee590350ac24ab06e0f51f352db064
RWA_LEO700_B00_H0_L2_S223,rwa,SIM_rwa,LEO700,LEO700-B00-H0-L2,100553,train,0,d30ab6a824bc,0.824382225084932,1,3,1,data/raw/sim/rwa/RWA_LEO700_B00_H0_L2_S223.mat,configs/sim/sample/RWA_LEO700_B00_H0_L2_S223.yaml,
RWA_LEO700_B00_H0_L2_S224,rwa,SIM_rwa,LEO700,LEO700-B00-H0-L2,100554,val,0,fe0a3ef0dca0,0.9923438394586128,2,3,1,data/raw/sim/rwa/RWA_LEO700_B00_H0_L2_S224.mat,configs/sim/sample/RWA_LEO700_B00_H0_L2_S224.yaml,
RWA_LEO700_B00_H0_L3_S225,rwa,SIM_rwa,LEO700,LEO700-B00-H0-L3,100561,train,0,59a2f2a86884,0.3501426373627652,2,4,1,data/raw/sim/rwa/RWA_LEO700_B00_H0_L3_S225.mat,configs/sim/sample/RWA_LEO700_B00_H0_L3_S225.yaml,
RWA_LEO700_B00_H0_L3_S226,rwa,SIM_rwa,LEO700,LEO700-B00-H0-L3,100562,train,0,2f2ea167dd05,0.18430527482725623,0,4,1,data/raw/sim/rwa/RWA_LEO700_B00_H0_L3_S226.mat,configs/sim/sample/RWA_LEO700_B00_H0_L3_S226.yaml,
RWA_LEO700_B00_H0_L3_S227,rwa,SIM_rwa,LEO700,LEO700-B00-H0-L3,100563,train,0,32bf8204be0c,0.1982346784189275,1,4,1,data/raw/sim/rwa/RWA_LEO700_B00_H0_L3_S227.mat,configs/sim/sample/RWA_LEO700_B00_H0_L3_S227.yaml,
RWA_LEO700_B00_H0_L3_S228,rwa,SIM_rwa,LEO700,LEO700-B00-H0-L3,100564,val,0,aac91dceca93,0.6671312932836138,3,4,1,data/raw/sim/rwa/RWA_LEO700_B00_H0_L3_S228.mat,configs/sim/sample/RWA_LEO700_B00_H0_L3_S228.yaml,
RWA_LEO700_B00_H1_L1_S229,rwa,SIM_rwa,LEO700,LEO700-B00-H1-L1,100571,val,0,e3dc08976a6f,0.8900761956851362,2,3,1,data/raw/sim/rwa/RWA_LEO700_B00_H1_L1_S229.mat,configs/sim/sample/RWA_LEO700_B00_H1_L1_S229.yaml,
RWA_LEO700_B00_H1_L1_S230,rwa,SIM_rwa,LEO700,LEO700-B00-H1-L1,100572,train,0,cefa23c7cf33,0.8085043299499368,1,3,1,data/raw/sim/rwa/RWA_LEO700_B00_H1_L1_S230.mat,configs/sim/sample/RWA_LEO700_B00_H1_L1_S230.yaml,
RWA_LEO700_B00_H1_L1_S231,rwa,SIM_rwa,LEO700,LEO700-B00-H1-L1,100573,holdout,0,3fd5dbee514f,,,3,1,data/raw/sim/rwa/RWA_LEO700_B00_H1_L1_S231.mat,configs/sim/sample/RWA_LEO700_B00_H1_L1_S231.yaml,582fb5c1bc494a9700a81844ac072f6d4effcad8c3f0a522747420be30442257
RWA_LEO700_B00_H1_L1_S232,rwa,SIM_rwa,LEO700,LEO700-B00-H1-L1,100574,train,0,ca8ecf27e5f3,0.7912415954978762,0,3,1,data/raw/sim/rwa/RWA_LEO700_B00_H1_L1_S232.mat,configs/sim/sample/RWA_LEO700_B00_H1_L1_S232.yaml,
RWA_LEO700_B00_H1_L2_S233,rwa,SIM_rwa,LEO700,LEO700-B00-H1-L2,100581,train,0,8321e1bc2417,0.5122357448891215,1,3,1,data/raw/sim/rwa/RWA_LEO700_B00_H1_L2_S233.mat,configs/sim/sample/RWA_LEO700_B00_H1_L2_S233.yaml,
RWA_LEO700_B00_H1_L2_S234,rwa,SIM_rwa,LEO700,LEO700-B00-H1-L2,100582,train,0,1890ae145245,0.0959576415646275,0,3,1,data/raw/sim/rwa/RWA_LEO700_B00_H1_L2_S234.mat,configs/sim/sample/RWA_LEO700_B00_H1_L2_S234.yaml,
RWA_LEO700_B00_H1_L2_S235,rwa,SIM_rwa,LEO700,LEO700-B00-H1-L2,100583,val,0,83599245305f,0.5130855006140074,2,3,1,data/raw/sim/rwa/RWA_LEO700_B00_H1_L2_S235.mat,configs/sim/sample/RWA_LEO700_B00_H1_L2_S235.yaml,
RWA_LEO700_B00_H1_L2_S236,rwa,SIM_rwa,LEO700,LEO700-B00-H1-L2,100584,holdout,0,a72db1c5b71f,,,3,1,data/raw/sim/rwa/RWA_LEO700_B00_H1_L2_S236.mat,configs/sim/sample/RWA_LEO700_B00_H1_L2_S236.yaml,a65ea6a8d3b97a4ed04ec681875bbaef4ae0805f109932f4c91978e158b7495e
RWA_LEO700_B00_H1_L3_S237,rwa,SIM_rwa,LEO700,LEO700-B00-H1-L3,100591,val,0,cbd134f04726,0.7961609922996544,3,4,1,data/raw/sim/rwa/RWA_LEO700_B00_H1_L3_S237.mat,configs/sim/sample/RWA_LEO700_B00_H1_L3_S237.yaml,
RWA_LEO700_B00_H1_L3_S238,rwa,SIM_rwa,LEO700,LEO700-B00-H1-L3,100592,train,0,3e0d71db2ca7,0.24239265061319415,0,4,1,data/raw/sim/rwa/RWA_LEO700_B00_H1_L3_S238.mat,configs/sim/sample/RWA_LEO700_B00_H1_L3_S238.yaml,
RWA_LEO700_B00_H1_L3_S239,rwa,SIM_rwa,LEO700,LEO700-B00-H1-L3,100593,train,0,9c971281478a,0.6116801801322609,2,4,1,data/raw/sim/rwa/RWA_LEO700_B00_H1_L3_S239.mat,configs/sim/sample/RWA_LEO700_B00_H1_L3_S239.yaml,
RWA_LEO700_B00_H1_L3_S240,rwa,SIM_rwa,LEO700,LEO700-B00-H1-L3,100594,train,0,516056352203,0.3178762321204083,1,4,1,data/raw/sim/rwa/RWA_LEO700_B00_H1_L3_S240.mat,configs/sim/sample/RWA_LEO700_B00_H1_L3_S240.yaml,
RWA_LEO700_B00_H2_L1_S241,rwa,SIM_rwa,LEO700,LEO700-B00-H2-L1,100601,train,0,863339273954,0.5242191048394744,1,4,1,data/raw/sim/rwa/RWA_LEO700_B00_H2_L1_S241.mat,configs/sim/sample/RWA_LEO700_B00_H2_L1_S241.yaml,
RWA_LEO700_B00_H2_L1_S242,rwa,SIM_rwa,LEO700,LEO700-B00-H2-L1,100602,train,0,29ea3350d7e9,0.16372986530032918,0,4,1,data/raw/sim/rwa/RWA_LEO700_B00_H2_L1_S242.mat,configs/sim/sample/RWA_LEO700_B00_H2_L1_S242.yaml,
RWA_LEO700_B00_H2_L1_S243,rwa,SIM_rwa,LEO700,LEO700-B00-H2-L1,100603,train,0,b3c4fc4cc504,0.702224510901047,2,4,1,data/raw/sim/rwa/RWA_LEO700_B00_H2_L1_S243.mat,configs/sim/sample/RWA_LEO700_B00_H2_L1_S243.yaml,
RWA_LEO700_B00_H2_L1_S244,rwa,SIM_rwa,LEO700,LEO700-B00-H2-L1,100604,val,0,f53ff2b7dc73,0.9580070208434783,3,4,1,data/raw/sim/rwa/RWA_LEO700_B00_H2_L1_S244.mat,configs/sim/sample/RWA_LEO700_B00_H2_L1_S244.yaml,
RWA_LEO700_B00_H2_L2_S245,rwa,SIM_rwa,LEO700,LEO700-B00-H2-L2,100611,train,0,b0724322793b,0.6892435034908253,2,4,1,data/raw/sim/rwa/RWA_LEO700_B00_H2_L2_S245.mat,configs/sim/sample/RWA_LEO700_B00_H2_L2_S245.yaml,
RWA_LEO700_B00_H2_L2_S246,rwa,SIM_rwa,LEO700,LEO700-B00-H2-L2,100612,train,0,184fc6834f37,0.09496727662846283,1,4,1,data/raw/sim/rwa/RWA_LEO700_B00_H2_L2_S246.mat,configs/sim/sample/RWA_LEO700_B00_H2_L2_S246.yaml,
RWA_LEO700_B00_H2_L2_S247,rwa,SIM_rwa,LEO700,LEO700-B00-H2-L2,100613,val,0,cf4c351db7dd,0.8097565839342344,3,4,1,data/raw/sim/rwa/RWA_LEO700_B00_H2_L2_S247.mat,configs/sim/sample/RWA_LEO700_B00_H2_L2_S247.yaml,
RWA_LEO700_B00_H2_L2_S248,rwa,SIM_rwa,LEO700,LEO700-B00-H2-L2,100614,train,0,0036a7585640,0.0008339491525930498,0,4,1,data/raw/sim/rwa/RWA_LEO700_B00_H2_L2_S248.mat,configs/sim/sample/RWA_LEO700_B00_H2_L2_S248.yaml,
RWA_LEO700_B00_H2_L3_S249,rwa,SIM_rwa,LEO700,LEO700-B00-H2-L3,100621,val,0,b80452aa64bd,0.7188159624099519,3,4,1,data/raw/sim/rwa/RWA_LEO700_B00_H2_L3_S249.mat,configs/sim/sample/RWA_LEO700_B00_H2_L3_S249.yaml,
RWA_LEO700_B00_H2_L3_S250,rwa,SIM_rwa,LEO700,LEO700-B00-H2-L3,100622,train,0,629c5247c2bf,0.3851977753827178,1,4,1,data/raw/sim/rwa/RWA_LEO700_B00_H2_L3_S250.mat,configs/sim/sample/RWA_LEO700_B00_H2_L3_S250.yaml,
RWA_LEO700_B00_H2_L3_S251,rwa,SIM_rwa,LEO700,LEO700-B00-H2-L3,100623,train,0,25fe610bb909,0.1484127668018438,0,4,1,data/raw/sim/rwa/RWA_LEO700_B00_H2_L3_S251.mat,configs/sim/sample/RWA_LEO700_B00_H2_L3_S251.yaml,
RWA_LEO700_B00_H2_L3_S252,rwa,SIM_rwa,LEO700,LEO700-B00-H2-L3,100624,train,0,6c8ae6df0aa4,0.42399447388983447,2,4,1,data/raw/sim/rwa/RWA_LEO700_B00_H2_L3_S252.mat,configs/sim/sample/RWA_LEO700_B00_H2_L3_S252.yaml,
RWA_LEO700_B30_H0_L1_S253,rwa,SIM_rwa,LEO700,LEO700-B30-H0-L1,100631,val,0,d89670bfaae4,0.8460455387056669,3,4,1,data/raw/sim/rwa/RWA_LEO700_B30_H0_L1_S253.mat,configs/sim/sample/RWA_LEO700_B30_H0_L1_S253.yaml,
RWA_LEO700_B30_H0_L1_S254,rwa,SIM_rwa,LEO700,LEO700-B30-H0-L1,100632,train,0,9b3a43717100,0.6063577796894606,2,4,1,data/raw/sim/rwa/RWA_LEO700_B30_H0_L1_S254.mat,configs/sim/sample/RWA_LEO700_B30_H0_L1_S254.yaml,
RWA_LEO700_B30_H0_L1_S255,rwa,SIM_rwa,LEO700,LEO700-B30-H0-L1,100633,train,0,14fd82679af4,0.08199324635911864,0,4,1,data/raw/sim/rwa/RWA_LEO700_B30_H0_L1_S255.mat,configs/sim/sample/RWA_LEO700_B30_H0_L1_S255.yaml,
RWA_LEO700_B30_H0_L1_S256,rwa,SIM_rwa,LEO700,LEO700-B30-H0-L1,100634,train,0,788172e1b8a4,0.4707252312733914,1,4,1,data/raw/sim/rwa/RWA_LEO700_B30_H0_L1_S256.mat,configs/sim/sample/RWA_LEO700_B30_H0_L1_S256.yaml,
RWA_LEO700_B30_H0_L2_S257,rwa,SIM_rwa,LEO700,LEO700-B30-H0-L2,100641,train,0,605ee82352a4,0.37644816267369663,1,4,1,data/raw/sim/rwa/RWA_LEO700_B30_H0_L2_S257.mat,configs/sim/sample/RWA_LEO700_B30_H0_L2_S257.yaml,
RWA_LEO700_B30_H0_L2_S258,rwa,SIM_rwa,LEO700,LEO700-B30-H0-L2,100642,val,0,a8b2d1821399,0.6589785521096907,3,4,1,data/raw/sim/rwa/RWA_LEO700_B30_H0_L2_S258.mat,configs/sim/sample/RWA_LEO700_B30_H0_L2_S258.yaml,
RWA_LEO700_B30_H0_L2_S259,rwa,SIM_rwa,LEO700,LEO700-B30-H0-L2,100643,train,0,001ea5bd0042,0.00046764244348906914,0,4,1,data/raw/sim/rwa/RWA_LEO700_B30_H0_L2_S259.mat,configs/sim/sample/RWA_LEO700_B30_H0_L2_S259.yaml,
RWA_LEO700_B30_H0_L2_S260,rwa,SIM_rwa,LEO700,LEO700-B30-H0-L2,100644,train,0,7995e831a622,0.47494364940769884,2,4,1,data/raw/sim/rwa/RWA_LEO700_B30_H0_L2_S260.mat,configs/sim/sample/RWA_LEO700_B30_H0_L2_S260.yaml,
RWA_LEO700_B30_H0_L3_S261,rwa,SIM_rwa,LEO700,LEO700-B30-H0-L3,100651,train,0,4e43c67a653d,0.30572166908426723,1,3,1,data/raw/sim/rwa/RWA_LEO700_B30_H0_L3_S261.mat,configs/sim/sample/RWA_LEO700_B30_H0_L3_S261.yaml,
RWA_LEO700_B30_H0_L3_S262,rwa,SIM_rwa,LEO700,LEO700-B30-H0-L3,100652,val,0,b1332a3976d0,0.6921869650166741,2,3,1,data/raw/sim/rwa/RWA_LEO700_B30_H0_L3_S262.mat,configs/sim/sample/RWA_LEO700_B30_H0_L3_S262.yaml,
RWA_LEO700_B30_H0_L3_S263,rwa,SIM_rwa,LEO700,LEO700-B30-H0-L3,100653,train,0,4e33ff464f03,0.305480913796611,0,3,1,data/raw/sim/rwa/RWA_LEO700_B30_H0_L3_S263.mat,configs/sim/sample/RWA_LEO700_B30_H0_L3_S263.yaml,
RWA_LEO700_B30_H0_L3_S264,rwa,SIM_rwa,LEO700,LEO700-B30-H0-L3,100654,holdout,0,e0a4dedf7f78,,,3,1,data/raw/sim/rwa/RWA_LEO700_B30_H0_L3_S264.mat,configs/sim/sample/RWA_LEO700_B30_H0_L3_S264.yaml,e9e8912fa51d36a7bce24c8a7997050e7a634e1d01d6fa395d4da96f396fb596
RWA_LEO700_B30_H1_L1_S265,rwa,SIM_rwa,LEO700,LEO700-B30-H1-L1,100661,holdout,0,b7673903a1e0,,,3,1,data/raw/sim/rwa/RWA_LEO700_B30_H1_L1_S265.mat,configs/sim/sample/RWA_LEO700_B30_H1_L1_S265.yaml,42a8b955496b1aa2eb55b4ea6d6ef605c7f98e0f51be72cd78bc5a5617f27de0
RWA_LEO700_B30_H1_L1_S266,rwa,SIM_rwa,LEO700,LEO700-B30-H1-L1,100662,val,0,a7c32c1c3af7,0.6553218430444439,2,3,1,data/raw/sim/rwa/RWA_LEO700_B30_H1_L1_S266.mat,configs/sim/sample/RWA_LEO700_B30_H1_L1_S266.yaml,
RWA_LEO700_B30_H1_L1_S267,rwa,SIM_rwa,LEO700,LEO700-B30-H1-L1,100663,train,0,8674c37f598d,0.5252191720879189,0,3,1,data/raw/sim/rwa/RWA_LEO700_B30_H1_L1_S267.mat,configs/sim/sample/RWA_LEO700_B30_H1_L1_S267.yaml,
RWA_LEO700_B30_H1_L1_S268,rwa,SIM_rwa,LEO700,LEO700-B30-H1-L1,100664,train,0,9ba2f4af2c04,0.6079552581468448,1,3,1,data/raw/sim/rwa/RWA_LEO700_B30_H1_L1_S268.mat,configs/sim/sample/RWA_LEO700_B30_H1_L1_S268.yaml,
RWA_LEO700_B30_H1_L2_S269,rwa,SIM_rwa,LEO700,LEO700-B30-H1-L2,100671,holdout,0,2dd4d86f52f5,,,3,1,data/raw/sim/rwa/RWA_LEO700_B30_H1_L2_S269.mat,configs/sim/sample/RWA_LEO700_B30_H1_L2_S269.yaml,29ee60b141a975b05ae0f17cd4c3db62ad95c8167d91dbd0f837a949973626e1
RWA_LEO700_B30_H1_L2_S270,rwa,SIM_rwa,LEO700,LEO700-B30-H1-L2,100672,train,0,8773aba9a867,0.5291087426379839,1,3,1,data/raw/sim/rwa/RWA_LEO700_B30_H1_L2_S270.mat,configs/sim/sample/RWA_LEO700_B30_H1_L2_S270.yaml,
RWA_LEO700_B30_H1_L2_S271,rwa,SIM_rwa,LEO700,LEO700-B30-H1-L2,100673,val,0,ca0704926dfb,0.7891695840353172,2,3,1,data/raw/sim/rwa/RWA_LEO700_B30_H1_L2_S271.mat,configs/sim/sample/RWA_LEO700_B30_H1_L2_S271.yaml,
RWA_LEO700_B30_H1_L2_S272,rwa,SIM_rwa,LEO700,LEO700-B30-H1-L2,100674,train,0,09c54ad48923,0.03816669167384745,0,3,1,data/raw/sim/rwa/RWA_LEO700_B30_H1_L2_S272.mat,configs/sim/sample/RWA_LEO700_B30_H1_L2_S272.yaml,
RWA_LEO700_B30_H1_L3_S273,rwa,SIM_rwa,LEO700,LEO700-B30-H1-L3,100681,train,0,b943c01a6d29,0.7236900391118617,2,4,1,data/raw/sim/rwa/RWA_LEO700_B30_H1_L3_S273.mat,configs/sim/sample/RWA_LEO700_B30_H1_L3_S273.yaml,
RWA_LEO700_B30_H1_L3_S274,rwa,SIM_rwa,LEO700,LEO700-B30-H1-L3,100682,val,0,dddbcda5e690,0.866635182383618,3,4,1,data/raw/sim/rwa/RWA_LEO700_B30_H1_L3_S274.mat,configs/sim/sample/RWA_LEO700_B30_H1_L3_S274.yaml,
RWA_LEO700_B30_H1_L3_S275,rwa,SIM_rwa,LEO700,LEO700-B30-H1-L3,100683,train,0,b822513e1248,0.7192736412564784,1,4,1,data/raw/sim/rwa/RWA_LEO700_B30_H1_L3_S275.mat,configs/sim/sample/RWA_LEO700_B30_H1_L3_S275.yaml,
RWA_LEO700_B30_H1_L3_S276,rwa,SIM_rwa,LEO700,LEO700-B30-H1-L3,100684,train,0,4543bcb94530,0.270564837677,0,4,1,data/raw/sim/rwa/RWA_LEO700_B30_H1_L3_S276.mat,configs/sim/sample/RWA_LEO700_B30_H1_L3_S276.yaml,
RWA_LEO700_B30_H2_L1_S277,rwa,SIM_rwa,LEO700,LEO700-B30-H2-L1,100691,holdout,0,c0cefcce407c,,,3,1,data/raw/sim/rwa/RWA_LEO700_B30_H2_L1_S277.mat,configs/sim/sample/RWA_LEO700_B30_H2_L1_S277.yaml,a560abbecc86b7943ebcb281b2ca5423ee19e7cc0872b02862bc94ede306b75e
RWA_LEO700_B30_H2_L1_S278,rwa,SIM_rwa,LEO700,LEO700-B30-H2-L1,100692,train,0,018b4cc32629,0.006031797069372402,0,3,1,data/raw/sim/rwa/RWA_LEO700_B30_H2_L1_S278.mat,configs/sim/sample/RWA_LEO700_B30_H2_L1_S278.yaml,
RWA_LEO700_B30_H2_L1_S279,rwa,SIM_rwa,LEO700,LEO700-B30-H2-L1,100693,train,0,b479791f3083,0.7049785329004514,1,3,1,data/raw/sim/rwa/RWA_LEO700_B30_H2_L1_S279.mat,configs/sim/sample/RWA_LEO700_B30_H2_L1_S279.yaml,
RWA_LEO700_B30_H2_L1_S280,rwa,SIM_rwa,LEO700,LEO700-B30-H2-L1,100694,val,0,f817299d8da6,0.9691034326221128,2,3,1,data/raw/sim/rwa/RWA_LEO700_B30_H2_L1_S280.mat,configs/sim/sample/RWA_LEO700_B30_H2_L1_S280.yaml,
RWA_LEO700_B30_H2_L2_S281,rwa,SIM_rwa,LEO700,LEO700-B30-H2-L2,100701,train,0,89d1ccc1f1ff,0.5383575414180051,0,4,1,data/raw/sim/rwa/RWA_LEO700_B30_H2_L2_S281.mat,configs/sim/sample/RWA_LEO700_B30_H2_L2_S281.yaml,
RWA_LEO700_B30_H2_L2_S282,rwa,SIM_rwa,LEO700,LEO700-B30-H2-L2,100702,train,0,9d1ccf32f324,0.6137208461178858,1,4,1,data/raw/sim/rwa/RWA_LEO700_B30_H2_L2_S282.mat,configs/sim/sample/RWA_LEO700_B30_H2_L2_S282.yaml,
RWA_LEO700_B30_H2_L2_S283,rwa,SIM_rwa,LEO700,LEO700-B30-H2-L2,100703,train,0,af17ce040159,0.6839569816378095,2,4,1,data/raw/sim/rwa/RWA_LEO700_B30_H2_L2_S283.mat,configs/sim/sample/RWA_LEO700_B30_H2_L2_S283.yaml,
RWA_LEO700_B30_H2_L2_S284,rwa,SIM_rwa,LEO700,LEO700-B30-H2-L2,100704,val,0,b534cf4593b6,0.7078370613923752,3,4,1,data/raw/sim/rwa/RWA_LEO700_B30_H2_L2_S284.mat,configs/sim/sample/RWA_LEO700_B30_H2_L2_S284.yaml,
RWA_LEO700_B30_H2_L3_S285,rwa,SIM_rwa,LEO700,LEO700-B30-H2-L3,100711,train,0,64a9fc140e7f,0.3932187603918429,1,4,1,data/raw/sim/rwa/RWA_LEO700_B30_H2_L3_S285.mat,configs/sim/sample/RWA_LEO700_B30_H2_L3_S285.yaml,
RWA_LEO700_B30_H2_L3_S286,rwa,SIM_rwa,LEO700,LEO700-B30-H2-L3,100712,val,0,c7d6018f8ef0,0.7806092238888027,3,4,1,data/raw/sim/rwa/RWA_LEO700_B30_H2_L3_S286.mat,configs/sim/sample/RWA_LEO700_B30_H2_L3_S286.yaml,
RWA_LEO700_B30_H2_L3_S287,rwa,SIM_rwa,LEO700,LEO700-B30-H2-L3,100713,train,0,302fa4672004,0.188226962258355,0,4,1,data/raw/sim/rwa/RWA_LEO700_B30_H2_L3_S287.mat,configs/sim/sample/RWA_LEO700_B30_H2_L3_S287.yaml,
RWA_LEO700_B30_H2_L3_S288,rwa,SIM_rwa,LEO700,LEO700-B30-H2-L3,100714,train,0,9e1fdbb08572,0.6176736169777044,2,4,1,data/raw/sim/rwa/RWA_LEO700_B30_H2_L3_S288.mat,configs/sim/sample/RWA_LEO700_B30_H2_L3_S288.yaml,
RWA_LEO700_B60_H0_L1_S289,rwa,SIM_rwa,LEO700,LEO700-B60-H0-L1,100721,train,0,366e84e2ac6b,0.21262388738652405,0,3,1,data/raw/sim/rwa/RWA_LEO700_B60_H0_L1_S289.mat,configs/sim/sample/RWA_LEO700_B60_H0_L1_S289.yaml,
RWA_LEO700_B60_H0_L1_S290,rwa,SIM_rwa,LEO700,LEO700-B60-H0-L1,100722,val,0,e4ab7127b1f6,0.8932409974967968,2,3,1,data/raw/sim/rwa/RWA_LEO700_B60_H0_L1_S290.mat,configs/sim/sample/RWA_LEO700_B60_H0_L1_S290.yaml,
RWA_LEO700_B60_H0_L1_S291,rwa,SIM_rwa,LEO700,LEO700-B60-H0-L1,100723,holdout,0,eb6145418c13,,,3,1,data/raw/sim/rwa/RWA_LEO700_B60_H0_L1_S291.mat,configs/sim/sample/RWA_LEO700_B60_H0_L1_S291.yaml,1cddeadebab46d6fc9f5c55651425449a7dc9b9ab6f44cd75054f3b2443a226f
RWA_LEO700_B60_H0_L1_S292,rwa,SIM_rwa,LEO700,LEO700-B60-H0-L1,100724,train,0,a751e06eedbb,0.6535930891820776,1,3,1,data/raw/sim/rwa/RWA_LEO700_B60_H0_L1_S292.mat,configs/sim/sample/RWA_LEO700_B60_H0_L1_S292.yaml,
RWA_LEO700_B60_H0_L2_S293,rwa,SIM_rwa,LEO700,LEO700-B60-H0-L2,100731,train,0,0872f7a92613,0.0330042636833916,0,4,1,data/raw/sim/rwa/RWA_LEO700_B60_H0_L2_S293.mat,configs/sim/sample/RWA_LEO700_B60_H0_L2_S293.yaml,
RWA_LEO700_B60_H0_L2_S294,rwa,SIM_rwa,LEO700,LEO700-B60-H0-L2,100732,val,0,e3d132e25d4d,0.8899108698508833,3,4,1,data/raw/sim/rwa/RWA_LEO700_B60_H0_L2_S294.mat,configs/sim/sample/RWA_LEO700_B60_H0_L2_S294.yaml,
RWA_LEO700_B60_H0_L2_S295,rwa,SIM_rwa,LEO700,LEO700-B60-H0-L2,100733,train,0,b7d6381bf8ef,0.7181124752323136,2,4,1,data/raw/sim/rwa/RWA_LEO700_B60_H0_L2_S295.mat,configs/sim/sample/RWA_LEO700_B60_H0_L2_S295.yaml,
RWA_LEO700_B60_H0_L2_S296,rwa,SIM_rwa,LEO700,LEO700-B60-H0-L2,100734,train,0,818fd15bc1ec,0.506100735570655,1,4,1,data/raw/sim/rwa/RWA_LEO700_B60_H0_L2_S296.mat,configs/sim/sample/RWA_LEO700_B60_H0_L2_S296.yaml,
RWA_LEO700_B60_H0_L3_S297,rwa,SIM_rwa,LEO700,LEO700-B60-H0-L3,100741,val,0,d1e9ef5ab399,0.8199758144797649,2,3,1,data/raw/sim/rwa/RWA_LEO700_B60_H0_L3_S297.mat,configs/sim/sample/RWA_LEO700_B60_H0_L3_S297.yaml,
RWA_LEO700_B60_H0_L3_S298,rwa,SIM_rwa,LEO700,LEO700-B60-H0-L3,100742,train,0,5c719ea30f67,0.3611086986633403,0,3,1,data/raw/sim/rwa/RWA_LEO700_B60_H0_L3_S298.mat,configs/sim/sample/RWA_LEO700_B60_H0_L3_S298.yaml,
RWA_LEO700_B60_H0_L3_S299,rwa,SIM_rwa,LEO700,LEO700-B60-H0-L3,100743,holdout,0,dd94e11321ea,,,3,1,data/raw/sim/rwa/RWA_LEO700_B60_H0_L3_S299.mat,configs/sim/sample/RWA_LEO700_B60_H0_L3_S299.yaml,c1074d9dcddd8f4d10d1235176a7bb13aba1fe4b1e9e619d119be6c6737edacd
RWA_LEO700_B60_H0_L3_S300,rwa,SIM_rwa,LEO700,LEO700-B60-H0-L3,100744,train,0,b8c01a700bff,0.7216812633087066,1,3,1,data/raw/sim/rwa/RWA_LEO700_B60_H0_L3_S300.mat,configs/sim/sample/RWA_LEO700_B60_H0_L3_S300.yaml,
RWA_LEO700_B60_H1_L1_S301,rwa,SIM_rwa,LEO700,LEO700-B60-H1-L1,100751,val,0,b219eeca4ede,0.6957082027355384,3,4,1,data/raw/sim/rwa/RWA_LEO700_B60_H1_L1_S301.mat,configs/sim/sample/RWA_LEO700_B60_H1_L1_S301.yaml,
RWA_LEO700_B60_H1_L1_S302,rwa,SIM_rwa,LEO700,LEO700-B60-H1-L1,100752,train,0,adc28c4433cc,0.6787498156079863,2,4,1,data/raw/sim/rwa/RWA_LEO700_B60_H1_L1_S302.mat,configs/sim/sample/RWA_LEO700_B60_H1_L1_S302.yaml,
RWA_LEO700_B60_H1_L1_S303,rwa,SIM_rwa,LEO700,LEO700-B60-H1-L1,100753,train,0,1360d8ba6622,0.07569651175266046,0,4,1,data/raw/sim/rwa/RWA_LEO700_B60_H1_L1_S303.mat,configs/sim/sample/RWA_LEO700_B60_H1_L1_S303.yaml,
RWA_LEO700_B60_H1_L1_S304,rwa,SIM_rwa,LEO700,LEO700-B60-H1-L1,100754,train,0,65e6f33b400e,0.3980552692083208,1,4,1,data/raw/sim/rwa/RWA_LEO700_B60_H1_L1_S304.mat,configs/sim/sample/RWA_LEO700_B60_H1_L1_S304.yaml,
RWA_LEO700_B60_H1_L2_S305,rwa,SIM_rwa,LEO700,LEO700-B60-H1-L2,100761,train,0,1baa0652c7c8,0.10806312104230642,0,4,1,data/raw/sim/rwa/RWA_LEO700_B60_H1_L2_S305.mat,configs/sim/sample/RWA_LEO700_B60_H1_L2_S305.yaml,
RWA_LEO700_B60_H1_L2_S306,rwa,SIM_rwa,LEO700,LEO700-B60-H1-L2,100762,train,0,41ad5b1dd15c,0.25655145147298697,1,4,1,data/raw/sim/rwa/RWA_LEO700_B60_H1_L2_S306.mat,configs/sim/sample/RWA_LEO700_B60_H1_L2_S306.yaml,
RWA_LEO700_B60_H1_L2_S307,rwa,SIM_rwa,LEO700,LEO700-B60-H1-L2,100763,train,0,73532315086c,0.4504873205518578,2,4,1,data/raw/sim/rwa/RWA_LEO700_B60_H1_L2_S307.mat,configs/sim/sample/RWA_LEO700_B60_H1_L2_S307.yaml,
RWA_LEO700_B60_H1_L2_S308,rwa,SIM_rwa,LEO700,LEO700-B60-H1-L2,100764,val,0,a908d71e25bb,0.6602911423303617,3,4,1,data/raw/sim/rwa/RWA_LEO700_B60_H1_L2_S308.mat,configs/sim/sample/RWA_LEO700_B60_H1_L2_S308.yaml,
RWA_LEO700_B60_H1_L3_S309,rwa,SIM_rwa,LEO700,LEO700-B60-H1-L3,100771,train,0,46cf20d62a74,0.27659802654893895,1,4,1,data/raw/sim/rwa/RWA_LEO700_B60_H1_L3_S309.mat,configs/sim/sample/RWA_LEO700_B60_H1_L3_S309.yaml,
RWA_LEO700_B60_H1_L3_S310,rwa,SIM_rwa,LEO700,LEO700-B60-H1-L3,100772,train,0,6981085aafda,0.4121251317409147,2,4,1,data/raw/sim/rwa/RWA_LEO700_B60_H1_L3_S310.mat,configs/sim/sample/RWA_LEO700_B60_H1_L3_S310.yaml,
RWA_LEO700_B60_H1_L3_S311,rwa,SIM_rwa,LEO700,LEO700-B60-H1-L3,100773,val,0,ce9db9168651,0.8070941619865302,3,4,1,data/raw/sim/rwa/RWA_LEO700_B60_H1_L3_S311.mat,configs/sim/sample/RWA_LEO700_B60_H1_L3_S311.yaml,
RWA_LEO700_B60_H1_L3_S312,rwa,SIM_rwa,LEO700,LEO700-B60-H1-L3,100774,train,0,30f13e76824f,0.1911810912445695,0,4,1,data/raw/sim/rwa/RWA_LEO700_B60_H1_L3_S312.mat,configs/sim/sample/RWA_LEO700_B60_H1_L3_S312.yaml,
RWA_LEO700_B60_H2_L1_S313,rwa,SIM_rwa,LEO700,LEO700-B60-H2-L1,100781,train,0,69f2b199b4ec,0.4138594627628862,0,3,1,data/raw/sim/rwa/RWA_LEO700_B60_H2_L1_S313.mat,configs/sim/sample/RWA_LEO700_B60_H2_L1_S313.yaml,
RWA_LEO700_B60_H2_L1_S314,rwa,SIM_rwa,LEO700,LEO700-B60-H2-L1,100782,train,0,7da10c8953af,0.49073866226870777,1,3,1,data/raw/sim/rwa/RWA_LEO700_B60_H2_L1_S314.mat,configs/sim/sample/RWA_LEO700_B60_H2_L1_S314.yaml,
RWA_LEO700_B60_H2_L1_S315,rwa,SIM_rwa,LEO700,LEO700-B60-H2-L1,100783,holdout,0,0366aa2f5253,,,3,1,data/raw/sim/rwa/RWA_LEO700_B60_H2_L1_S315.mat,configs/sim/sample/RWA_LEO700_B60_H2_L1_S315.yaml,f0742477979faa78595fd5cad6b473ccdb7a2ba1ba5550416e512c6ca3cf89d6
RWA_LEO700_B60_H2_L1_S316,rwa,SIM_rwa,LEO700,LEO700-B60-H2-L1,100784,val,0,ffb409317467,0.9988408799876218,2,3,1,data/raw/sim/rwa/RWA_LEO700_B60_H2_L1_S316.mat,configs/sim/sample/RWA_LEO700_B60_H2_L1_S316.yaml,
RWA_LEO700_B60_H2_L2_S317,rwa,SIM_rwa,LEO700,LEO700-B60-H2-L2,100791,train,0,9223266558a5,0.5708488461902057,2,4,1,data/raw/sim/rwa/RWA_LEO700_B60_H2_L2_S317.mat,configs/sim/sample/RWA_LEO700_B60_H2_L2_S317.yaml,
RWA_LEO700_B60_H2_L2_S318,rwa,SIM_rwa,LEO700,LEO700-B60-H2-L2,100792,val,0,99e70c19d754,0.6011817515457807,3,4,1,data/raw/sim/rwa/RWA_LEO700_B60_H2_L2_S318.mat,configs/sim/sample/RWA_LEO700_B60_H2_L2_S318.yaml,
RWA_LEO700_B60_H2_L2_S319,rwa,SIM_rwa,LEO700,LEO700-B60-H2-L2,100793,train,0,2c6cf8e7120c,0.17353778497094652,1,4,1,data/raw/sim/rwa/RWA_LEO700_B60_H2_L2_S319.mat,configs/sim/sample/RWA_LEO700_B60_H2_L2_S319.yaml,
RWA_LEO700_B60_H2_L2_S320,rwa,SIM_rwa,LEO700,LEO700-B60-H2-L2,100794,train,0,1cce9c229b65,0.11252761692903235,0,4,1,data/raw/sim/rwa/RWA_LEO700_B60_H2_L2_S320.mat,configs/sim/sample/RWA_LEO700_B60_H2_L2_S320.yaml,
RWA_LEO700_B60_H2_L3_S321,rwa,SIM_rwa,LEO700,LEO700-B60-H2-L3,100801,val,0,dcfb9b7a2345,0.8632142232120437,2,3,1,data/raw/sim/rwa/RWA_LEO700_B60_H2_L3_S321.mat,configs/sim/sample/RWA_LEO700_B60_H2_L3_S321.yaml,
RWA_LEO700_B60_H2_L3_S322,rwa,SIM_rwa,LEO700,LEO700-B60-H2-L3,100802,train,0,68edb5a6a70e,0.40987716025033905,0,3,1,data/raw/sim/rwa/RWA_LEO700_B60_H2_L3_S322.mat,configs/sim/sample/RWA_LEO700_B60_H2_L3_S322.yaml,
RWA_LEO700_B60_H2_L3_S323,rwa,SIM_rwa,LEO700,LEO700-B60-H2-L3,100803,holdout,0,a4fad4666ba6,,,3,1,data/raw/sim/rwa/RWA_LEO700_B60_H2_L3_S323.mat,configs/sim/sample/RWA_LEO700_B60_H2_L3_S323.yaml,00acb2eb304c9fb376713370597bc961cf1b47ca5303909578c5aac4d53f5bd4
RWA_LEO700_B60_H2_L3_S324,rwa,SIM_rwa,LEO700,LEO700-B60-H2-L3,100804,train,0,92fdf63c724d,0.5741876504492218,1,3,1,data/raw/sim/rwa/RWA_LEO700_B60_H2_L3_S324.mat,configs/sim/sample/RWA_LEO700_B60_H2_L3_S324.yaml,
